,log_id,timestamp,vlan_id,department,device_type,protocol,bandwidth,packet_loss_percent,downtime_minutes,threat_flag,location
0,1,2026-01-18 07:48:00,VLan10,HR,Desktop,SMTP,161,4.1,13,NO,KUMASI
1,2,2026-04-11 00:22:00,VLan20,Finance,Desktop,SMTP,212,0.94,4,NO,TEMA
2,3,2026-03-24 06:28:00,VLan40,Sales,Server,HTTP,247,1.37,6,NO,Tamale
3,4,2026-02-02 06:33:00,VLan30,IT,Laptop,HTTPS,643,4.18,3,NO,ACCRA
4,5,2026-01-07 05:04:00,VLan40,Sales,Mobile,DNS,262,1.65,6,NO,TEMA
5,6,2026-03-10 19:29:00,VLan40,Sales,Router,FTP,320,3.46,5,NO,Tamale
6,7,2026-01-17 00:02:00,VLan30,IT,Desktop,DNS,1037,1.92,13,NO,ACCRA
7,8,2026-04-13 16:45:00,VLan30,IT,Mobile,HTTP,919,1.14,1,NO,ACCRA
8,9,2026-04-02 01:31:00,VLan20,Finance,Router,DNS,622,4.5,11,NO,KUMASI
9,10,2026-04-12 03:35:00,VLan40,Sales,Desktop,HTTP,423,3.68,14,NO,TAKORADI
10,11,2026-02-22 11:46:00,VLan30,IT,Server,DNS,554,1.55,15,NO,ACCRA
11,12,2026-03-23 02:40:00,VLan10,HR,Laptop,DNS,237,1.89,14,NO,ACCRA
12,13,2026-04-30 04:05:00,VLan30,IT,Laptop,SSH,693,1.24,4,NO,TAKORADI
13,14,2026-04-11 18:59:00,VLan40,Sales,Mobile,HTTPS,628,3.03,6,NO,TAKORADI
14,15,2026-01-18 19:24:00,VLan30,IT,Laptop,HTTPS,634,0.83,0,NO,TEMA
15,16,2026-02-12 11:16:00,VLan30,IT,Laptop,DNS,1064,1.06,3,NO,ACCRA
16,17,2026-04-27 13:15:00,VLan10,HR,Mobile,SMTP,635,3.67,11,NO,KUMASI
17,18,2026-04-05 05:02:00,VLan40,Sales,Desktop,SMTP,110,1.0,12,NO,Tamale
18,19,2026-04-11 05:13:00,VLan40,Sales,Mobile,HTTP,622,1.54,7,NO,ACCRA
19,20,2026-04-05 15:44:00,VLan20,Finance,Laptop,FTP,433,3.71,1,NO,ACCRA
20,21,2026-03-31 17:39:00,VLan30,IT,Laptop,HTTP,966,2.5,15,NO,TAKORADI
21,22,2026-04-19 01:28:00,VLan40,Sales,Laptop,HTTPS,545,0.42,2,NO,TAKORADI
22,23,2026-02-15 13:10:00,VLan40,Sales,Mobile,HTTP,307,1.45,12,NO,TEMA
23,24,2026-01-06 02:10:00,VLan10,HR,Server,FTP,339,0.25,15,NO,TAKORADI
24,25,2026-04-08 12:55:00,VLan10,HR,Desktop,HTTP,692,2.13,5,NO,TAKORADI
25,26,2026-04-19 18:33:00,VLan10,HR,Desktop,HTTPS,451,2.88,15,NO,Tamale
26,27,2026-03-28 07:04:00,VLan20,Finance,Mobile,FTP,132,4.26,3,NO,ACCRA
27,28,2026-04-14 04:21:00,VLan40,Sales,Mobile,DNS,417,3.0,10,NO,TEMA
28,29,2026-04-04 23:10:00,VLan20,Finance,Router,FTP,422,4.67,3,NO,TAKORADI
29,30,2026-03-27 21:06:00,VLan20,Finance,Laptop,SSH,625,0.44,0,NO,TEMA
30,31,2026-02-06 04:50:00,VLan10,HR,Laptop,SMTP,572,1.68,2,NO,KUMASI
31,32,2026-04-12 17:19:00,VLan40,Sales,Laptop,SMTP,306,4.91,5,NO,TAKORADI
32,33,2026-03-17 21:05:00,VLan40,Sales,Laptop,FTP,414,2.93,0,NO,TEMA
33,34,2026-01-19 05:39:00,VLan40,Sales,Desktop,DNS,454,1.22,4,NO,Tamale
34,35,2026-03-04 19:30:00,VLan30,IT,Desktop,SSH,1041,0.36,3,YES,Tamale
35,36,2026-01-13 09:25:00,VLan10,HR,Router,SSH,488,4.33,11,NO,TAKORADI
36,37,2026-04-10 16:48:00,VLan30,IT,Router,HTTP,979,0.57,5,NO,ACCRA
37,38,2026-01-12 09:45:00,VLan40,Sales,Desktop,HTTP,274,3.47,7,NO,Tamale
38,39,2026-01-11 16:58:00,VLan40,Sales,Router,DNS,662,4.81,3,NO,TAKORADI
39,40,2026-04-19 12:25:00,VLan30,IT,Router,FTP,1163,2.18,5,YES,KUMASI
40,41,2026-01-21 07:57:00,VLan30,IT,Desktop,SSH,608,3.52,2,NO,TAKORADI
41,42,2026-02-08 19:45:00,VLan10,HR,Server,FTP,343,0.09,4,NO,ACCRA
42,43,2026-03-16 18:32:00,VLan20,Finance,Server,HTTP,202,2.0,5,NO,TEMA
43,44,2026-02-23 01:39:00,VLan30,IT,Laptop,FTP,942,3.53,4,YES,KUMASI
44,45,2026-03-12 04:42:00,VLan30,IT,Desktop,SMTP,1006,1.24,8,NO,Tamale
45,46,2026-03-31 15:15:00,VLan20,Finance,Server,SMTP,203,3.81,5,NO,KUMASI
46,47,2026-01-22 23:59:00,VLan30,IT,Mobile,DNS,860,0.95,11,NO,TEMA
47,48,2026-02-18 20:48:00,VLan40,Sales,Desktop,DNS,405,2.69,2,NO,KUMASI
48,49,2026-04-25 19:04:00,VLan40,Sales,Desktop,HTTPS,348,4.7,1,NO,Tamale
49,50,2026-02-21 14:47:00,VLan10,HR,Laptop,HTTP,373,1.39,11,NO,TAKORADI
50,51,2026-03-16 03:00:00,VLan10,HR,Laptop,HTTP,529,4.12,6,NO,KUMASI
51,52,2026-03-31 23:51:00,VLan20,Finance,Mobile,FTP,383,3.76,6,NO,Tamale
52,53,2026-03-05 15:52:00,VLan10,HR,Desktop,DNS,566,4.12,7,NO,TEMA
53,54,2026-04-08 06:18:00,VLan40,Sales,Router,DNS,639,2.98,9,NO,TEMA
54,55,2026-02-27 20:47:00,VLan30,IT,Mobile,SMTP,1172,4.26,12,NO,TAKORADI
55,56,2026-04-01 22:17:00,VLan40,Sales,Server,DNS,266,3.09,3,NO,TAKORADI
56,57,2026-01-16 01:28:00,VLan20,Finance,Server,HTTP,201,2.34,14,NO,TAKORADI
57,58,2026-01-31 21:13:00,VLan20,Finance,Server,SMTP,158,2.39,2,NO,Tamale
58,59,2026-04-13 07:30:00,VLan20,Finance,Server,HTTP,214,0.48,3,NO,TAKORADI
59,60,2026-04-25 19:54:00,VLan40,Sales,Server,DNS,376,3.39,7,NO,ACCRA
60,61,2026-04-22 19:39:00,VLan20,Finance,Desktop,DNS,621,0.39,15,NO,KUMASI
61,62,2026-03-26 18:38:00,VLan40,Sales,Router,SMTP,130,4.92,4,NO,TAKORADI
62,63,2026-03-07 11:19:00,VLan40,Sales,Mobile,SMTP,339,3.26,2,NO,ACCRA
63,64,2026-03-12 06:35:00,VLan30,IT,Server,SMTP,969,0.55,13,NO,TAKORADI
64,65,2026-04-13 03:18:00,VLan30,IT,Laptop,HTTPS,749,4.92,10,NO,Tamale
65,66,2026-01-27 20:53:00,VLan20,Finance,Mobile,HTTPS,173,1.09,11,NO,Tamale
66,67,2026-04-25 19:50:00,VLan10,HR,Mobile,FTP,597,4.8,10,NO,Tamale
67,68,2026-03-27 15:17:00,VLan30,IT,Server,SSH,767,3.21,7,NO,Tamale
68,69,2026-01-21 08:33:00,VLan30,IT,Desktop,SMTP,660,4.94,8,NO,Tamale
69,70,2026-03-13 14:34:00,VLan40,Sales,Mobile,HTTPS,696,3.31,3,NO,Tamale
70,71,2026-04-25 12:28:00,VLan10,HR,Router,SSH,614,1.53,9,NO,TEMA
71,72,2026-03-23 17:14:00,VLan20,Finance,Mobile,HTTPS,415,2.39,1,NO,KUMASI
72,73,2026-04-12 06:34:00,VLan30,IT,Laptop,SMTP,825,2.25,0,NO,Tamale
73,74,2026-03-07 07:17:00,VLan20,Finance,Desktop,HTTP,338,1.65,3,NO,Tamale
74,75,2026-01-29 23:00:00,VLan30,IT,Server,HTTPS,1103,0.88,15,NO,TAKORADI
75,76,2026-01-02 23:28:00,VLan10,HR,Laptop,SSH,233,2.48,4,NO,TEMA
76,77,2026-02-23 04:56:00,VLan10,HR,Server,HTTPS,199,4.83,9,NO,ACCRA
77,78,2026-03-06 00:42:00,VLan20,Finance,Mobile,SMTP,296,3.61,2,NO,TEMA
78,79,2026-03-31 21:38:00,VLan10,HR,Server,HTTP,583,4.65,3,NO,TEMA
79,80,2026-01-09 00:57:00,VLan30,IT,Router,SSH,591,4.33,13,NO,TAKORADI
80,81,2026-04-08 13:23:00,VLan20,Finance,Laptop,DNS,472,3.89,14,NO,TAKORADI
81,82,2026-01-26 16:26:00,VLan30,IT,Desktop,DNS,989,0.58,1,NO,Tamale
82,83,2026-04-04 08:23:00,VLan10,HR,Mobile,HTTP,474,0.03,10,NO,TAKORADI
83,84,2026-02-09 13:54:00,VLan40,Sales,Router,HTTP,474,2.72,4,NO,KUMASI
84,85,2026-02-23 12:22:00,VLan30,IT,Desktop,SSH,784,1.35,0,NO,KUMASI
85,86,2026-04-19 11:07:00,VLan20,Finance,Server,SSH,638,2.4,14,NO,TEMA
86,87,2026-03-15 23:29:00,VLan10,HR,Laptop,FTP,477,2.99,0,NO,TEMA
87,88,2026-02-21 22:57:00,VLan10,HR,Laptop,SMTP,223,3.64,7,NO,ACCRA
88,89,2026-04-12 22:29:00,VLan10,HR,Mobile,SMTP,675,2.87,13,NO,KUMASI
89,90,2026-03-10 05:05:00,VLan30,IT,Mobile,FTP,834,4.49,12,NO,ACCRA
90,91,2026-04-14 08:37:00,VLan20,Finance,Laptop,HTTP,308,0.03,6,NO,TEMA
91,92,2026-02-10 13:56:00,VLan20,Finance,Mobile,FTP,342,2.32,12,NO,TAKORADI
92,93,2026-03-17 19:06:00,VLan20,Finance,Laptop,HTTP,341,0.9,1,NO,Tamale
93,94,2026-02-20 15:16:00,VLan20,Finance,Desktop,DNS,599,4.23,4,NO,KUMASI
94,95,2026-02-20 00:07:00,VLan20,Finance,Server,FTP,394,2.5,7,NO,KUMASI
95,96,2026-01-28 18:17:00,VLan20,Finance,Server,HTTPS,172,4.99,10,NO,KUMASI
96,97,2026-03-04 20:31:00,VLan40,Sales,Mobile,SSH,105,0.59,15,NO,Tamale
97,98,2026-02-09 08:56:00,VLan10,HR,Laptop,SSH,576,2.3,12,NO,TAKORADI
98,99,2026-01-19 14:18:00,VLan20,Finance,Router,SMTP,690,0.88,3,NO,ACCRA
99,100,2026-02-28 10:18:00,VLan40,Sales,Router,HTTP,471,2.61,12,NO,Tamale
100,101,2026-01-04 19:55:00,VLan20,Finance,Laptop,HTTP,666,1.33,5,NO,Tamale
101,102,2026-01-05 09:04:00,VLan10,HR,Router,FTP,217,3.57,12,NO,TEMA
102,103,2026-02-07 14:01:00,VLan30,IT,Router,DNS,543,2.0,10,NO,TEMA
103,104,2026-02-09 16:02:00,VLan40,Sales,Mobile,HTTP,577,1.65,4,NO,TEMA
104,105,2026-03-06 06:55:00,VLan30,IT,Router,SMTP,567,2.4,7,NO,TAKORADI
105,106,2026-02-11 16:01:00,VLan20,Finance,Router,FTP,180,3.69,6,NO,Tamale
106,107,2026-01-04 15:20:00,VLan40,Sales,Mobile,SMTP,699,2.54,6,NO,ACCRA
107,108,2026-01-11 19:40:00,VLan20,Finance,Desktop,SMTP,334,4.13,9,NO,TAKORADI
108,109,2026-02-22 21:51:00,VLan30,IT,Desktop,HTTP,564,2.98,13,NO,TEMA
109,110,2026-01-15 14:10:00,VLan10,HR,Desktop,SMTP,511,2.43,12,NO,KUMASI
110,111,2026-03-07 05:19:00,VLan40,Sales,Server,DNS,239,4.41,14,NO,ACCRA
111,112,2026-03-01 06:08:00,VLan10,HR,Mobile,SSH,269,4.93,1,NO,Tamale
112,113,2026-03-19 08:53:00,VLan10,HR,Desktop,HTTPS,627,0.81,7,NO,ACCRA
113,114,2026-01-05 03:39:00,VLan20,Finance,Server,DNS,689,4.61,13,NO,KUMASI
114,115,2026-01-19 16:12:00,VLan30,IT,Router,HTTP,630,1.02,8,NO,KUMASI
115,116,2026-01-07 14:21:00,VLan20,Finance,Server,SSH,630,3.5,2,NO,TAKORADI
116,117,2026-04-12 12:16:00,VLan20,Finance,Server,SSH,408,2.11,2,NO,KUMASI
117,118,2026-03-09 04:44:00,VLan40,Sales,Router,DNS,617,0.87,14,NO,ACCRA
118,119,2026-02-05 17:47:00,VLan40,Sales,Laptop,SMTP,533,3.68,14,NO,Tamale
119,120,2026-02-20 04:38:00,VLan40,Sales,Server,DNS,555,1.12,9,NO,KUMASI
120,121,2026-03-11 12:02:00,VLan10,HR,Mobile,SSH,134,2.89,12,NO,ACCRA
121,122,2026-02-27 09:00:00,VLan30,IT,Server,HTTPS,600,0.39,5,NO,Tamale
122,123,2026-03-20 06:09:00,VLan30,IT,Router,SMTP,533,2.81,6,NO,Tamale
123,124,2026-04-24 17:31:00,VLan30,IT,Server,FTP,663,1.4,4,NO,ACCRA
124,125,2026-01-04 03:41:00,VLan40,Sales,Desktop,SSH,310,4.3,6,NO,TAKORADI
125,126,2026-04-16 22:24:00,VLan10,HR,Router,HTTP,157,3.15,5,NO,Tamale
126,127,2026-03-06 09:46:00,VLan30,IT,Mobile,HTTPS,531,4.13,3,NO,TAKORADI
127,128,2026-01-14 09:04:00,VLan20,Finance,Desktop,DNS,100,1.89,15,NO,TEMA
128,129,2026-02-18 15:16:00,VLan10,HR,Laptop,HTTPS,555,3.37,13,NO,TAKORADI
129,130,2026-01-20 03:05:00,VLan40,Sales,Router,DNS,460,0.44,5,NO,ACCRA
130,131,2026-02-25 03:57:00,VLan20,Finance,Mobile,FTP,579,2.45,2,NO,KUMASI
131,132,2026-04-29 03:03:00,VLan20,Finance,Server,FTP,399,4.5,11,NO,Tamale
132,133,2026-01-17 07:19:00,VLan20,Finance,Server,FTP,121,4.22,6,NO,TAKORADI
133,134,2026-04-11 21:37:00,VLan30,IT,Router,HTTPS,1173,0.06,15,NO,Tamale
134,135,2026-01-05 18:16:00,VLan40,Sales,Laptop,DNS,542,3.11,0,NO,TAKORADI
135,136,2026-04-19 22:50:00,VLan20,Finance,Desktop,SSH,672,2.66,1,NO,Tamale
136,137,2026-01-19 14:02:00,VLan40,Sales,Desktop,SMTP,388,3.72,12,NO,TAKORADI
137,138,2026-03-23 13:56:00,VLan20,Finance,Desktop,DNS,651,3.59,3,NO,KUMASI
138,139,2026-01-01 22:38:00,VLan40,Sales,Mobile,SMTP,207,0.86,14,NO,TAKORADI
139,140,2026-03-07 08:51:00,VLan40,Sales,Desktop,HTTPS,376,3.38,14,NO,ACCRA
140,141,2026-03-04 08:06:00,VLan10,HR,Server,DNS,105,0.63,10,NO,TAKORADI
141,142,2026-04-30 14:22:00,VLan40,Sales,Server,SSH,261,1.98,5,NO,Tamale
142,143,2026-01-11 03:47:00,VLan30,IT,Laptop,HTTP,538,4.88,2,NO,TEMA
143,144,2026-02-02 17:21:00,VLan30,IT,Router,HTTPS,934,2.36,0,NO,TEMA
144,145,2026-01-17 08:53:00,VLan40,Sales,Router,HTTPS,330,0.1,8,NO,TAKORADI
145,146,2026-02-25 21:48:00,VLan40,Sales,Server,SMTP,684,4.59,9,NO,TAKORADI
146,147,2026-01-03 10:23:00,VLan40,Sales,Mobile,HTTPS,346,3.2,2,NO,KUMASI
147,148,2026-03-09 13:18:00,VLan40,Sales,Router,SSH,418,4.82,2,NO,Tamale
148,149,2026-04-15 08:24:00,VLan20,Finance,Laptop,DNS,207,4.21,9,NO,ACCRA
149,150,2026-03-19 16:07:00,VLan40,Sales,Laptop,HTTP,433,4.73,8,NO,TAKORADI
150,151,2026-03-02 15:36:00,VLan20,Finance,Router,SMTP,395,1.46,1,NO,TEMA
151,152,2026-04-14 06:16:00,VLan20,Finance,Server,FTP,643,3.63,10,NO,Tamale
152,153,2026-04-19 00:52:00,VLan40,Sales,Desktop,HTTP,399,0.08,15,NO,ACCRA
153,154,2026-01-31 19:00:00,VLan20,Finance,Desktop,FTP,501,1.11,8,NO,ACCRA
154,155,2026-04-13 23:50:00,VLan40,Sales,Laptop,SSH,193,2.01,8,NO,TAKORADI
155,156,2026-01-19 12:16:00,VLan20,Finance,Laptop,HTTP,411,2.96,4,NO,ACCRA
156,157,2026-03-07 02:45:00,VLan20,Finance,Server,DNS,495,2.94,7,NO,TAKORADI
157,158,2026-02-20 11:39:00,VLan30,IT,Server,HTTP,644,1.36,11,NO,Tamale
158,159,2026-02-06 22:41:00,VLan30,IT,Mobile,SMTP,776,3.91,15,NO,TEMA
159,160,2026-01-19 17:11:00,VLan30,IT,Laptop,SSH,1135,4.14,14,YES,KUMASI
160,161,2026-03-10 02:50:00,VLan20,Finance,Laptop,SMTP,603,3.14,0,NO,ACCRA
161,162,2026-04-17 23:52:00,VLan30,IT,Laptop,HTTPS,749,3.38,0,NO,TEMA
162,163,2026-02-21 08:31:00,VLan10,HR,Mobile,SMTP,524,4.88,2,NO,TAKORADI
163,164,2026-02-07 13:25:00,VLan30,IT,Mobile,SSH,513,0.19,8,NO,ACCRA
164,165,2026-02-20 18:27:00,VLan20,Finance,Router,FTP,131,0.93,2,NO,KUMASI
165,166,2026-01-09 04:35:00,VLan10,HR,Server,DNS,645,0.07,6,NO,Tamale
166,167,2026-02-05 08:25:00,VLan10,HR,Server,HTTPS,414,2.03,9,NO,TAKORADI
167,168,2026-02-26 14:47:00,VLan20,Finance,Desktop,HTTP,625,0.13,11,NO,KUMASI
168,169,2026-04-16 04:02:00,VLan40,Sales,Server,DNS,435,1.72,10,NO,Tamale
169,170,2026-03-01 12:10:00,VLan10,HR,Laptop,DNS,550,2.97,10,NO,KUMASI
170,171,2026-04-25 07:16:00,VLan30,IT,Mobile,HTTPS,900,3.29,5,NO,TAKORADI
171,172,2026-01-23 01:24:00,VLan10,HR,Desktop,HTTP,300,3.14,13,NO,Tamale
172,173,2026-02-03 04:07:00,VLan20,Finance,Desktop,HTTPS,177,4.43,9,NO,KUMASI
173,174,2026-03-30 12:12:00,VLan10,HR,Laptop,SMTP,648,4.72,1,NO,TEMA
174,175,2026-03-19 08:08:00,VLan40,Sales,Server,HTTPS,220,3.8,8,NO,ACCRA
175,176,2026-02-20 23:34:00,VLan40,Sales,Laptop,HTTP,225,3.08,15,NO,Tamale
176,177,2026-04-07 18:48:00,VLan30,IT,Laptop,DNS,717,1.11,10,NO,TAKORADI
177,178,2026-01-22 15:56:00,VLan40,Sales,Laptop,FTP,675,1.33,11,NO,KUMASI
178,179,2026-02-25 04:47:00,VLan30,IT,Server,FTP,708,3.79,11,NO,Tamale
179,180,2026-01-18 18:13:00,VLan40,Sales,Server,DNS,114,0.42,14,NO,ACCRA
180,181,2026-02-11 10:04:00,VLan20,Finance,Router,SSH,371,0.98,1,NO,TAKORADI
181,182,2026-03-14 06:16:00,VLan40,Sales,Server,HTTPS,326,2.76,7,NO,ACCRA
182,183,2026-04-06 02:46:00,VLan10,HR,Mobile,DNS,229,4.79,3,NO,Tamale
183,184,2026-04-04 20:31:00,VLan10,HR,Desktop,SMTP,114,2.04,1,NO,Tamale
184,185,2026-01-26 20:25:00,VLan30,IT,Server,FTP,785,2.18,15,NO,ACCRA
185,186,2026-01-27 19:02:00,VLan40,Sales,Desktop,SSH,148,2.89,8,NO,KUMASI
186,187,2026-04-04 13:45:00,VLan30,IT,Desktop,SSH,527,0.58,15,NO,TEMA
187,188,2026-03-02 07:19:00,VLan20,Finance,Router,SSH,663,4.8,2,NO,TEMA
188,189,2026-04-04 04:05:00,VLan20,Finance,Server,SMTP,291,0.69,15,NO,KUMASI
189,190,2026-01-31 18:53:00,VLan40,Sales,Laptop,DNS,566,0.56,11,NO,ACCRA
190,191,2026-02-12 20:03:00,VLan10,HR,Laptop,SSH,426,2.9,13,NO,KUMASI
191,192,2026-04-21 01:48:00,VLan40,Sales,Laptop,HTTPS,117,1.35,9,NO,Tamale
192,193,2026-02-17 18:23:00,VLan20,Finance,Desktop,SMTP,654,1.0,5,NO,TEMA
193,194,2026-02-12 13:26:00,VLan20,Finance,Server,SSH,625,2.65,0,NO,KUMASI
194,195,2026-01-10 08:27:00,VLan20,Finance,Server,SMTP,342,2.93,11,NO,TEMA
195,196,2026-02-07 20:44:00,VLan40,Sales,Laptop,FTP,173,1.63,4,NO,TEMA
196,197,2026-02-05 09:18:00,VLan40,Sales,Mobile,HTTP,549,2.52,5,NO,TAKORADI
197,198,2026-01-22 01:26:00,VLan20,Finance,Laptop,HTTPS,415,2.63,9,NO,TEMA
198,199,2026-03-19 06:05:00,VLan10,HR,Server,SSH,130,2.72,7,NO,Tamale
199,200,2026-04-13 08:49:00,VLan20,Finance,Router,HTTP,263,4.69,5,NO,KUMASI
200,201,2026-02-10 04:49:00,VLan40,Sales,Laptop,DNS,477,3.44,9,NO,TEMA
201,202,2026-04-14 06:02:00,VLan10,HR,Server,DNS,474,4.42,12,NO,ACCRA
202,203,2026-02-14 12:05:00,VLan10,HR,Router,SSH,694,4.28,1,NO,TEMA
203,204,2026-04-12 18:36:00,VLan20,Finance,Desktop,HTTP,683,2.79,3,NO,Tamale
204,205,2026-01-24 17:18:00,VLan30,IT,Server,SSH,610,2.13,7,NO,ACCRA
205,206,2026-04-24 00:13:00,VLan40,Sales,Laptop,HTTPS,203,1.59,6,NO,KUMASI
206,207,2026-04-24 01:17:00,VLan10,HR,Router,HTTP,596,1.19,7,NO,TEMA
207,208,2026-02-07 02:26:00,VLan10,HR,Server,SSH,483,1.65,9,NO,TEMA
208,209,2026-02-07 21:26:00,VLan30,IT,Mobile,FTP,562,2.81,15,NO,Tamale
209,210,2026-01-22 08:12:00,VLan40,Sales,Desktop,FTP,487,3.17,11,NO,TAKORADI
210,211,2026-03-06 20:01:00,VLan10,HR,Desktop,DNS,167,4.19,3,NO,TAKORADI
211,212,2026-02-07 16:54:00,VLan30,IT,Server,DNS,546,4.26,11,NO,TEMA
212,213,2026-01-16 17:24:00,VLan10,HR,Server,SSH,304,0.48,12,NO,Tamale
213,214,2026-03-07 13:11:00,VLan40,Sales,Laptop,FTP,169,1.36,15,NO,KUMASI
214,215,2026-01-21 07:55:00,VLan20,Finance,Mobile,SSH,677,1.56,8,NO,TEMA
215,216,2026-04-26 12:09:00,VLan40,Sales,Mobile,DNS,670,2.18,9,NO,Tamale
216,217,2026-01-02 14:55:00,VLan20,Finance,Router,HTTPS,316,0.02,1,NO,ACCRA
217,218,2026-03-06 04:26:00,VLan20,Finance,Desktop,HTTPS,431,0.53,6,NO,Tamale
218,219,2026-02-08 02:08:00,VLan30,IT,Laptop,HTTPS,702,4.79,2,NO,ACCRA
219,220,2026-02-18 23:41:00,VLan30,IT,Server,SMTP,687,3.15,13,NO,TAKORADI
220,221,2026-01-31 22:01:00,VLan20,Finance,Laptop,HTTP,267,0.34,6,NO,Tamale
221,222,2026-02-18 00:57:00,VLan20,Finance,Mobile,SSH,693,0.02,4,NO,ACCRA
222,223,2026-02-12 03:10:00,VLan40,Sales,Mobile,SMTP,460,1.68,2,NO,TAKORADI
223,224,2026-01-15 11:12:00,VLan30,IT,Laptop,SMTP,755,4.58,10,NO,KUMASI
224,225,2026-04-06 06:15:00,VLan40,Sales,Desktop,HTTPS,656,4.17,11,NO,ACCRA
225,226,2026-03-11 18:32:00,VLan10,HR,Server,SMTP,427,3.38,0,NO,Tamale
226,227,2026-04-23 04:33:00,VLan40,Sales,Server,HTTP,432,1.57,11,NO,TEMA
227,228,2026-03-09 23:17:00,VLan40,Sales,Server,DNS,580,1.89,4,NO,ACCRA
228,229,2026-04-17 18:46:00,VLan40,Sales,Server,DNS,255,1.9,2,NO,TAKORADI
229,230,2026-04-28 14:59:00,VLan40,Sales,Mobile,HTTPS,269,2.92,2,NO,TAKORADI
230,231,2026-02-13 08:13:00,VLan10,HR,Desktop,FTP,192,3.9,6,NO,Tamale
231,232,2026-02-10 22:11:00,VLan40,Sales,Mobile,HTTP,138,3.97,10,NO,TEMA
232,233,2026-01-30 21:31:00,VLan20,Finance,Desktop,HTTP,173,3.45,15,NO,Tamale
233,234,2026-04-14 14:06:00,VLan10,HR,Desktop,FTP,615,2.84,5,NO,KUMASI
234,235,2026-03-20 15:49:00,VLan20,Finance,Laptop,DNS,660,1.93,10,NO,Tamale
235,236,2026-03-02 11:45:00,VLan40,Sales,Router,HTTPS,114,2.72,8,NO,TEMA
236,237,2026-03-12 10:05:00,VLan40,Sales,Router,DNS,564,0.68,10,NO,TEMA
237,238,2026-04-27 11:45:00,VLan40,Sales,Router,SSH,436,2.09,15,NO,TAKORADI
238,239,2026-03-14 16:28:00,VLan30,IT,Mobile,SMTP,1068,0.97,2,NO,TAKORADI
239,240,2026-01-24 07:41:00,VLan30,IT,Server,SMTP,1181,1.84,5,NO,ACCRA
240,241,2026-02-25 14:50:00,VLan40,Sales,Mobile,HTTPS,109,1.81,13,NO,ACCRA
241,242,2026-04-08 19:52:00,VLan20,Finance,Mobile,FTP,427,1.49,3,NO,TAKORADI
242,243,2026-02-04 18:12:00,VLan30,IT,Server,HTTP,686,2.94,11,NO,ACCRA
243,244,2026-04-23 21:24:00,VLan30,IT,Mobile,SSH,516,3.47,0,NO,KUMASI
244,245,2026-04-11 07:30:00,VLan30,IT,Desktop,DNS,721,1.03,12,NO,ACCRA
245,246,2026-04-21 01:55:00,VLan20,Finance,Laptop,HTTPS,237,1.81,5,NO,TEMA
246,247,2026-04-18 17:41:00,VLan30,IT,Desktop,HTTPS,720,2.03,6,NO,TEMA
247,248,2026-04-24 23:36:00,VLan40,Sales,Router,HTTPS,519,0.67,15,NO,Tamale
248,249,2026-04-07 22:40:00,VLan40,Sales,Desktop,HTTP,590,2.99,15,NO,TAKORADI
249,250,2026-02-18 07:16:00,VLan10,HR,Server,SSH,544,2.26,7,NO,Tamale
250,251,2026-01-11 08:54:00,VLan40,Sales,Router,SSH,258,4.72,4,NO,TEMA
251,252,2026-04-02 16:25:00,VLan10,HR,Router,HTTPS,308,0.07,2,NO,Tamale
252,253,2026-01-31 21:34:00,VLan20,Finance,Mobile,FTP,140,3.23,2,NO,KUMASI
253,254,2026-01-05 22:28:00,VLan10,HR,Desktop,HTTP,561,4.82,7,NO,TEMA
254,255,2026-01-17 18:50:00,VLan40,Sales,Desktop,SMTP,642,0.7,8,NO,ACCRA
255,256,2026-01-01 22:55:00,VLan30,IT,Laptop,SSH,741,3.03,6,NO,ACCRA
256,257,2026-04-18 23:58:00,VLan40,Sales,Server,HTTPS,199,4.48,0,NO,Tamale
257,258,2026-03-21 18:24:00,VLan40,Sales,Server,HTTPS,186,4.98,1,NO,TAKORADI
258,259,2026-01-07 19:32:00,VLan10,HR,Router,SSH,601,1.8,13,NO,ACCRA
259,260,2026-03-14 18:41:00,VLan40,Sales,Router,HTTPS,276,2.12,10,NO,KUMASI
260,261,2026-01-19 07:17:00,VLan20,Finance,Server,HTTPS,138,4.16,15,NO,ACCRA
261,262,2026-03-19 13:29:00,VLan20,Finance,Desktop,SSH,575,1.24,13,NO,Tamale
262,263,2026-01-07 12:13:00,VLan40,Sales,Router,SSH,642,2.01,7,NO,TEMA
263,264,2026-01-25 22:56:00,VLan30,IT,Router,SSH,962,4.58,10,YES,TEMA
264,265,2026-04-14 13:23:00,VLan40,Sales,Mobile,HTTP,406,1.95,3,NO,KUMASI
265,266,2026-03-05 12:48:00,VLan10,HR,Router,FTP,671,2.45,7,NO,TAKORADI
266,267,2026-02-08 04:46:00,VLan40,Sales,Router,FTP,234,0.85,1,NO,TAKORADI
267,268,2026-01-29 14:41:00,VLan20,Finance,Desktop,SSH,689,1.57,0,NO,Tamale
268,269,2026-04-01 18:54:00,VLan30,IT,Laptop,FTP,1069,2.53,6,YES,KUMASI
269,270,2026-03-11 08:18:00,VLan40,Sales,Router,SSH,341,1.81,2,NO,Tamale
270,271,2026-02-04 22:14:00,VLan20,Finance,Router,DNS,653,1.09,6,NO,ACCRA
271,272,2026-03-02 02:24:00,VLan40,Sales,Router,SSH,672,3.12,1,NO,KUMASI
272,273,2026-01-29 14:45:00,VLan40,Sales,Laptop,SMTP,632,0.54,13,NO,KUMASI
273,274,2026-01-06 18:13:00,VLan10,HR,Mobile,SSH,367,1.58,10,NO,ACCRA
274,275,2026-03-18 16:41:00,VLan30,IT,Desktop,HTTPS,1097,3.1,4,NO,TAKORADI
275,276,2026-02-17 21:24:00,VLan30,IT,Mobile,SSH,642,3.04,4,NO,TAKORADI
276,277,2026-02-13 03:34:00,VLan10,HR,Server,SMTP,109,0.07,5,NO,TEMA
277,278,2026-02-11 07:10:00,VLan40,Sales,Router,HTTP,493,4.89,9,NO,TEMA
278,279,2026-04-02 19:20:00,VLan20,Finance,Mobile,SMTP,587,3.63,2,NO,TEMA
279,280,2026-02-04 06:19:00,VLan10,HR,Desktop,DNS,675,2.82,15,NO,TAKORADI
280,281,2026-03-16 03:56:00,VLan20,Finance,Server,DNS,483,3.66,11,NO,TAKORADI
281,282,2026-01-18 16:35:00,VLan30,IT,Mobile,SMTP,1044,2.06,11,NO,KUMASI
282,283,2026-01-26 05:50:00,VLan10,HR,Mobile,SMTP,400,1.31,7,NO,Tamale
283,284,2026-01-25 07:28:00,VLan30,IT,Mobile,HTTP,625,2.72,10,NO,TEMA
284,285,2026-02-02 11:51:00,VLan10,HR,Router,HTTP,688,4.28,3,NO,ACCRA
285,286,2026-02-08 16:20:00,VLan30,IT,Desktop,FTP,1198,1.54,1,YES,KUMASI
286,287,2026-01-25 02:11:00,VLan10,HR,Server,SSH,100,3.97,10,NO,KUMASI
287,288,2026-01-14 17:12:00,VLan40,Sales,Laptop,SMTP,261,2.28,0,NO,Tamale
288,289,2026-01-05 03:25:00,VLan40,Sales,Laptop,SSH,693,3.94,12,NO,TAKORADI
289,290,2026-04-09 18:52:00,VLan40,Sales,Router,DNS,286,4.48,14,NO,TEMA
290,291,2026-02-01 01:17:00,VLan30,IT,Server,SSH,956,3.6,15,YES,Tamale
291,292,2026-03-06 03:07:00,VLan40,Sales,Router,SSH,590,4.11,6,NO,TEMA
292,293,2026-02-01 23:03:00,VLan20,Finance,Desktop,HTTP,567,2.33,8,NO,TAKORADI
293,294,2026-02-24 13:01:00,VLan20,Finance,Mobile,FTP,628,0.97,9,NO,TEMA
294,295,2026-02-27 03:22:00,VLan10,HR,Router,SMTP,111,0.76,5,NO,TEMA
295,296,2026-01-25 13:02:00,VLan30,IT,Server,HTTPS,522,2.27,15,NO,ACCRA
296,297,2026-01-17 03:34:00,VLan40,Sales,Laptop,SSH,611,3.16,4,NO,TAKORADI
297,298,2026-03-26 05:43:00,VLan30,IT,Server,FTP,1132,0.46,7,YES,TAKORADI
298,299,2026-03-25 08:25:00,VLan10,HR,Mobile,HTTP,359,3.78,5,NO,TAKORADI
299,300,2026-03-02 16:59:00,VLan10,HR,Mobile,HTTP,298,0.67,9,NO,ACCRA
300,301,2026-04-06 14:52:00,VLan10,HR,Server,SMTP,327,3.32,0,NO,KUMASI
301,302,2026-03-19 08:49:00,VLan10,HR,Desktop,DNS,493,3.31,0,NO,Tamale
302,303,2026-04-11 23:46:00,VLan20,Finance,Router,FTP,516,2.01,2,NO,KUMASI
303,304,2026-01-11 10:26:00,VLan30,IT,Router,SSH,827,4.73,9,NO,TAKORADI
304,305,2026-04-04 01:47:00,VLan20,Finance,Laptop,HTTP,199,0.05,0,NO,TAKORADI
305,306,2026-04-30 23:56:00,VLan10,HR,Server,DNS,281,0.13,10,NO,KUMASI
306,307,2026-04-14 13:08:00,VLan20,Finance,Desktop,HTTPS,271,4.38,2,NO,TEMA
307,308,2026-01-24 23:01:00,VLan30,IT,Laptop,SSH,1013,2.26,8,YES,TAKORADI
308,309,2026-04-02 13:54:00,VLan40,Sales,Server,HTTP,605,3.47,0,NO,KUMASI
309,310,2026-04-27 16:55:00,VLan20,Finance,Router,SMTP,555,2.2,10,NO,KUMASI
310,311,2026-03-25 02:57:00,VLan40,Sales,Laptop,HTTP,700,4.8,11,NO,KUMASI
311,312,2026-03-06 08:04:00,VLan30,IT,Mobile,SSH,977,2.52,14,YES,Tamale
312,313,2026-02-22 01:56:00,VLan30,IT,Server,SSH,1005,2.34,9,YES,ACCRA
313,314,2026-01-13 08:56:00,VLan20,Finance,Mobile,DNS,694,2.93,5,NO,TAKORADI
314,315,2026-03-29 21:16:00,VLan40,Sales,Server,HTTP,547,0.13,0,NO,TAKORADI
315,316,2026-02-01 07:16:00,VLan30,IT,Mobile,SMTP,948,4.31,4,NO,KUMASI
316,317,2026-04-20 06:36:00,VLan30,IT,Server,FTP,715,1.03,14,NO,TEMA
317,318,2026-01-24 02:09:00,VLan40,Sales,Laptop,FTP,392,2.79,1,NO,KUMASI
318,319,2026-02-16 22:59:00,VLan10,HR,Router,SMTP,676,2.59,15,NO,KUMASI
319,320,2026-04-01 05:43:00,VLan40,Sales,Router,HTTPS,356,2.86,1,NO,TEMA
320,321,2026-03-31 03:58:00,VLan30,IT,Laptop,HTTPS,762,4.06,15,NO,TEMA
321,322,2026-04-30 07:17:00,VLan30,IT,Mobile,FTP,1097,2.77,3,YES,Tamale
322,323,2026-04-13 09:42:00,VLan40,Sales,Laptop,HTTPS,284,2.25,8,NO,Tamale
323,324,2026-01-17 05:58:00,VLan30,IT,Mobile,HTTPS,1083,2.29,3,NO,Tamale
324,325,2026-01-14 18:24:00,VLan40,Sales,Mobile,SMTP,422,3.77,5,NO,TEMA
325,326,2026-02-20 13:27:00,VLan20,Finance,Laptop,DNS,440,1.65,10,NO,ACCRA
326,327,2026-04-16 09:54:00,VLan10,HR,Router,DNS,455,3.69,0,NO,TAKORADI
327,328,2026-03-20 21:29:00,VLan20,Finance,Laptop,HTTPS,449,4.07,9,NO,Tamale
328,329,2026-01-08 13:33:00,VLan20,Finance,Desktop,FTP,507,3.67,3,NO,TEMA
329,330,2026-02-19 07:10:00,VLan10,HR,Laptop,SSH,700,2.3,6,NO,KUMASI
330,331,2026-04-23 01:17:00,VLan20,Finance,Server,FTP,201,4.13,10,NO,TEMA
331,332,2026-03-02 11:01:00,VLan40,Sales,Server,FTP,672,2.98,15,NO,TAKORADI
332,333,2026-03-17 22:47:00,VLan30,IT,Router,HTTPS,784,4.79,8,NO,ACCRA
333,334,2026-03-21 09:55:00,VLan40,Sales,Mobile,FTP,168,3.09,2,NO,ACCRA
334,335,2026-03-01 23:31:00,VLan20,Finance,Mobile,DNS,431,1.38,9,NO,KUMASI
335,336,2026-01-16 23:16:00,VLan10,HR,Server,HTTPS,471,4.31,7,NO,Tamale
336,337,2026-04-29 04:15:00,VLan20,Finance,Server,HTTPS,677,0.66,8,NO,ACCRA
337,338,2026-02-19 03:41:00,VLan10,HR,Laptop,SSH,106,1.11,4,NO,TEMA
338,339,2026-03-08 07:32:00,VLan20,Finance,Mobile,SSH,110,1.07,6,NO,Tamale
339,340,2026-02-11 23:25:00,VLan20,Finance,Desktop,HTTP,308,3.21,13,NO,TAKORADI
340,341,2026-01-17 00:26:00,VLan10,HR,Server,SMTP,164,1.43,13,NO,ACCRA
341,342,2026-03-15 01:20:00,VLan10,HR,Server,HTTP,184,3.78,11,NO,TAKORADI
342,343,2026-01-09 12:07:00,VLan40,Sales,Mobile,HTTP,177,0.71,9,NO,TEMA
343,344,2026-03-12 01:01:00,VLan30,IT,Mobile,SMTP,934,4.17,11,NO,TAKORADI
344,345,2026-04-05 14:12:00,VLan10,HR,Mobile,HTTPS,660,3.22,1,NO,TEMA
345,346,2026-01-25 23:34:00,VLan30,IT,Mobile,HTTP,949,3.55,4,NO,TAKORADI
346,347,2026-02-03 21:32:00,VLan40,Sales,Laptop,SSH,147,1.24,10,NO,Tamale
347,348,2026-02-07 06:01:00,VLan30,IT,Router,SMTP,752,3.48,6,NO,Tamale
348,349,2026-04-07 02:32:00,VLan30,IT,Router,FTP,543,2.8,15,NO,Tamale
349,350,2026-03-10 14:50:00,VLan10,HR,Mobile,HTTPS,194,0.16,12,NO,TEMA
350,351,2026-01-31 04:36:00,VLan10,HR,Mobile,SMTP,246,2.52,0,NO,TEMA
351,352,2026-02-04 07:29:00,VLan10,HR,Mobile,HTTP,255,4.12,14,NO,KUMASI
352,353,2026-04-04 18:32:00,VLan40,Sales,Mobile,SSH,133,3.68,6,NO,TAKORADI
353,354,2026-02-25 09:02:00,VLan30,IT,Server,DNS,830,2.39,13,NO,Tamale
354,355,2026-04-15 13:33:00,VLan10,HR,Desktop,FTP,498,2.09,12,NO,TAKORADI
355,356,2026-02-16 14:30:00,VLan30,IT,Mobile,DNS,871,4.8,3,NO,Tamale
356,357,2026-01-02 05:18:00,VLan20,Finance,Mobile,HTTP,611,0.32,0,NO,Tamale
357,358,2026-01-29 13:04:00,VLan30,IT,Desktop,HTTP,688,2.19,0,NO,TAKORADI
358,359,2026-02-24 21:45:00,VLan40,Sales,Mobile,SMTP,699,1.3,11,NO,Tamale
359,360,2026-03-07 07:06:00,VLan10,HR,Mobile,HTTPS,206,2.76,1,NO,KUMASI
360,361,2026-04-30 19:58:00,VLan40,Sales,Laptop,DNS,140,0.29,8,NO,Tamale
361,362,2026-04-29 17:55:00,VLan30,IT,Server,SSH,1162,3.3,5,YES,ACCRA
362,363,2026-02-10 18:14:00,VLan20,Finance,Server,SMTP,446,0.14,10,NO,ACCRA
363,364,2026-04-20 04:14:00,VLan20,Finance,Desktop,FTP,526,4.29,1,NO,TAKORADI
364,365,2026-04-03 11:29:00,VLan40,Sales,Router,SSH,610,3.16,0,NO,TAKORADI
365,366,2026-02-27 11:42:00,VLan40,Sales,Server,DNS,625,3.82,15,NO,TAKORADI
366,367,2026-02-20 23:43:00,VLan40,Sales,Desktop,HTTP,127,1.9,6,NO,ACCRA
367,368,2026-02-11 20:28:00,VLan10,HR,Desktop,FTP,468,1.83,8,NO,TEMA
368,369,2026-04-20 11:30:00,VLan30,IT,Laptop,DNS,854,0.31,8,NO,KUMASI
369,370,2026-04-20 00:58:00,VLan20,Finance,Server,DNS,527,2.93,15,NO,TAKORADI
370,371,2026-03-12 06:38:00,VLan20,Finance,Laptop,SSH,284,3.17,11,NO,ACCRA
371,372,2026-01-26 00:12:00,VLan40,Sales,Desktop,HTTP,330,1.81,15,NO,Tamale
372,373,2026-04-28 19:59:00,VLan30,IT,Desktop,HTTPS,601,4.21,8,NO,TAKORADI
373,374,2026-03-16 04:08:00,VLan40,Sales,Desktop,FTP,419,4.57,12,NO,TAKORADI
374,375,2026-01-22 03:54:00,VLan10,HR,Laptop,DNS,563,0.88,14,NO,ACCRA
375,376,2026-04-04 21:41:00,VLan20,Finance,Server,SSH,267,4.67,10,NO,Tamale
376,377,2026-04-05 18:49:00,VLan40,Sales,Router,HTTP,429,0.65,8,NO,ACCRA
377,378,2026-02-26 18:03:00,VLan20,Finance,Router,DNS,210,2.42,9,NO,Tamale
378,379,2026-01-08 00:28:00,VLan40,Sales,Laptop,HTTPS,695,2.02,4,NO,Tamale
379,380,2026-04-16 22:04:00,VLan40,Sales,Mobile,FTP,667,4.56,13,NO,KUMASI
380,381,2026-01-24 16:04:00,VLan40,Sales,Router,FTP,176,1.19,7,NO,ACCRA
381,382,2026-01-04 04:25:00,VLan10,HR,Router,SSH,352,3.35,3,NO,TAKORADI
382,383,2026-01-15 20:56:00,VLan20,Finance,Desktop,HTTPS,146,2.46,6,NO,ACCRA
383,384,2026-02-20 18:43:00,VLan20,Finance,Router,HTTP,543,2.2,0,NO,KUMASI
384,385,2026-04-26 20:59:00,VLan40,Sales,Server,HTTP,173,1.36,10,NO,TAKORADI
385,386,2026-02-03 21:27:00,VLan20,Finance,Mobile,HTTPS,408,3.54,12,NO,Tamale
386,387,2026-01-30 10:03:00,VLan40,Sales,Server,SMTP,283,3.41,12,NO,TAKORADI
387,388,2026-03-29 20:14:00,VLan30,IT,Server,FTP,882,2.03,2,NO,ACCRA
388,389,2026-04-03 13:46:00,VLan30,IT,Server,SMTP,807,3.54,3,NO,TEMA
389,390,2026-04-23 04:24:00,VLan30,IT,Server,HTTP,819,2.58,13,NO,TEMA
390,391,2026-02-24 03:32:00,VLan10,HR,Desktop,HTTPS,232,2.73,10,NO,Tamale
391,392,2026-01-14 21:28:00,VLan40,Sales,Desktop,HTTP,488,0.56,13,NO,TEMA
392,393,2026-03-19 15:12:00,VLan20,Finance,Laptop,HTTP,156,1.73,3,NO,TEMA
393,394,2026-01-31 12:23:00,VLan30,IT,Desktop,HTTP,936,2.01,2,NO,KUMASI
394,395,2026-02-01 14:01:00,VLan30,IT,Server,HTTPS,663,0.08,13,NO,Tamale
395,396,2026-01-25 18:00:00,VLan40,Sales,Desktop,FTP,250,0.08,12,NO,ACCRA
396,397,2026-02-22 07:47:00,VLan30,IT,Server,FTP,722,2.19,1,NO,Tamale
397,398,2026-02-07 07:27:00,VLan30,IT,Desktop,DNS,1139,3.07,9,NO,KUMASI
398,399,2026-01-30 11:48:00,VLan30,IT,Router,FTP,895,4.46,13,NO,KUMASI
399,400,2026-03-01 06:56:00,VLan10,HR,Router,SSH,693,3.56,14,NO,TEMA
400,401,2026-01-15 20:25:00,VLan20,Finance,Desktop,DNS,678,3.89,12,NO,TAKORADI
401,402,2026-01-13 11:50:00,VLan20,Finance,Laptop,FTP,105,2.37,2,NO,TEMA
402,403,2026-02-18 05:15:00,VLan40,Sales,Desktop,HTTP,287,0.06,3,NO,TAKORADI
403,404,2026-03-05 14:56:00,VLan30,IT,Router,FTP,1183,0.43,14,YES,TAKORADI
404,405,2026-04-03 00:42:00,VLan10,HR,Desktop,HTTP,102,3.43,12,NO,Tamale
405,406,2026-01-18 04:59:00,VLan10,HR,Server,SMTP,146,1.42,1,NO,TEMA
406,407,2026-01-27 21:25:00,VLan20,Finance,Desktop,SMTP,216,2.79,0,NO,TEMA
407,408,2026-01-24 00:04:00,VLan20,Finance,Desktop,HTTP,473,0.77,12,NO,KUMASI
408,409,2026-04-30 09:32:00,VLan30,IT,Router,FTP,587,2.87,0,NO,ACCRA
409,410,2026-02-19 19:44:00,VLan20,Finance,Router,SMTP,252,1.74,3,NO,ACCRA
410,411,2026-03-04 11:36:00,VLan20,Finance,Mobile,HTTP,119,2.92,12,NO,ACCRA
411,412,2026-01-06 02:03:00,VLan40,Sales,Desktop,HTTP,388,2.14,8,NO,ACCRA
412,413,2026-02-17 11:38:00,VLan30,IT,Server,HTTP,1066,4.16,5,NO,TAKORADI
413,414,2026-03-10 20:30:00,VLan10,HR,Desktop,DNS,659,3.47,8,NO,ACCRA
414,415,2026-03-25 19:55:00,VLan20,Finance,Mobile,SSH,234,4.49,7,NO,TAKORADI
415,416,2026-02-08 05:31:00,VLan30,IT,Server,FTP,673,2.45,10,NO,TEMA
416,417,2026-03-06 13:37:00,VLan30,IT,Router,HTTP,771,4.4,3,NO,Tamale
417,418,2026-04-23 08:59:00,VLan40,Sales,Mobile,HTTPS,529,2.34,11,NO,ACCRA
418,419,2026-01-10 13:05:00,VLan20,Finance,Mobile,FTP,210,3.47,0,NO,KUMASI
419,420,2026-02-06 12:01:00,VLan40,Sales,Server,SSH,693,4.41,13,NO,KUMASI
420,421,2026-02-04 22:20:00,VLan30,IT,Router,HTTP,651,0.87,15,NO,TAKORADI
421,422,2026-01-02 00:33:00,VLan20,Finance,Mobile,FTP,375,0.17,1,NO,TEMA
422,423,2026-04-21 10:34:00,VLan30,IT,Router,FTP,1025,3.66,11,YES,KUMASI
423,424,2026-03-25 07:36:00,VLan20,Finance,Router,HTTPS,676,1.87,6,NO,TAKORADI
424,425,2026-02-09 22:27:00,VLan10,HR,Router,SSH,322,0.62,13,NO,ACCRA
425,426,2026-03-22 09:21:00,VLan40,Sales,Router,FTP,113,1.43,14,NO,KUMASI
426,427,2026-01-22 22:30:00,VLan40,Sales,Router,FTP,414,1.51,8,NO,KUMASI
427,428,2026-03-05 19:36:00,VLan20,Finance,Desktop,DNS,675,3.81,0,NO,TEMA
428,429,2026-01-26 06:55:00,VLan30,IT,Router,HTTP,654,0.16,10,NO,ACCRA
429,430,2026-04-01 05:05:00,VLan40,Sales,Desktop,FTP,183,4.57,10,NO,Tamale
430,431,2026-03-28 15:14:00,VLan10,HR,Laptop,FTP,396,0.53,4,NO,ACCRA
431,432,2026-03-31 18:52:00,VLan30,IT,Server,HTTPS,691,1.64,2,NO,TEMA
432,433,2026-02-05 20:15:00,VLan10,HR,Laptop,HTTPS,380,3.07,12,NO,KUMASI
433,434,2026-03-28 19:39:00,VLan40,Sales,Router,SMTP,566,3.45,0,NO,TAKORADI
434,435,2026-02-02 21:25:00,VLan40,Sales,Server,FTP,496,4.66,2,NO,ACCRA
435,436,2026-02-17 08:55:00,VLan20,Finance,Server,SSH,304,3.02,13,NO,TEMA
436,437,2026-01-19 11:10:00,VLan20,Finance,Router,SMTP,428,4.67,0,NO,TEMA
437,438,2026-03-14 16:43:00,VLan20,Finance,Desktop,DNS,534,4.93,11,NO,TEMA
438,439,2026-01-14 19:55:00,VLan10,HR,Laptop,DNS,417,0.69,0,NO,TAKORADI
439,440,2026-02-27 09:50:00,VLan20,Finance,Mobile,DNS,674,4.5,3,NO,Tamale
440,441,2026-04-05 09:33:00,VLan20,Finance,Server,HTTPS,362,1.04,12,NO,TEMA
441,442,2026-04-14 20:30:00,VLan40,Sales,Router,FTP,429,3.0,1,NO,ACCRA
442,443,2026-02-07 19:17:00,VLan10,HR,Desktop,FTP,594,4.94,8,NO,ACCRA
443,444,2026-04-30 09:36:00,VLan40,Sales,Desktop,SSH,394,3.53,1,NO,TAKORADI
444,445,2026-03-09 19:56:00,VLan10,HR,Router,DNS,211,4.98,13,NO,Tamale
445,446,2026-03-30 12:03:00,VLan20,Finance,Server,FTP,658,1.01,11,NO,Tamale
446,447,2026-04-17 14:59:00,VLan10,HR,Mobile,HTTP,207,3.06,6,NO,KUMASI
447,448,2026-03-14 02:21:00,VLan20,Finance,Mobile,SSH,556,3.68,1,NO,Tamale
448,449,2026-02-04 22:49:00,VLan10,HR,Server,SMTP,536,2.29,3,NO,ACCRA
449,450,2026-04-07 13:22:00,VLan10,HR,Server,SSH,301,0.23,13,NO,TAKORADI
450,451,2026-03-22 09:16:00,VLan10,HR,Server,DNS,175,1.99,10,NO,TEMA
451,452,2026-01-16 08:20:00,VLan20,Finance,Server,SMTP,497,4.67,15,NO,Tamale
452,453,2026-04-22 09:33:00,VLan30,IT,Desktop,SSH,887,2.93,5,NO,TEMA
453,454,2026-02-28 05:38:00,VLan30,IT,Mobile,HTTP,1015,0.89,14,NO,TAKORADI
454,455,2026-04-28 20:58:00,VLan20,Finance,Laptop,HTTPS,190,4.16,10,NO,KUMASI
455,456,2026-01-22 13:47:00,VLan30,IT,Server,SSH,1143,3.6,5,YES,Tamale
456,457,2026-04-27 23:39:00,VLan20,Finance,Router,SSH,509,1.49,14,NO,Tamale
457,458,2026-02-02 19:24:00,VLan40,Sales,Desktop,HTTP,409,0.05,5,NO,ACCRA
458,459,2026-03-01 09:42:00,VLan10,HR,Mobile,SMTP,645,4.89,6,NO,TAKORADI
459,460,2026-01-25 22:39:00,VLan10,HR,Desktop,SSH,414,3.82,9,NO,ACCRA
460,461,2026-03-29 23:04:00,VLan10,HR,Router,SSH,541,3.66,12,NO,TAKORADI
461,462,2026-03-06 17:35:00,VLan40,Sales,Server,FTP,651,1.22,12,NO,KUMASI
462,463,2026-03-27 18:23:00,VLan10,HR,Desktop,FTP,612,2.63,14,NO,TEMA
463,464,2026-04-03 13:24:00,VLan40,Sales,Router,DNS,115,2.97,7,NO,TAKORADI
464,465,2026-03-28 10:28:00,VLan20,Finance,Mobile,DNS,375,0.27,13,NO,TEMA
465,466,2026-02-23 18:28:00,VLan20,Finance,Laptop,SMTP,683,2.63,9,NO,Tamale
466,467,2026-02-18 20:15:00,VLan10,HR,Laptop,SMTP,556,0.46,8,NO,Tamale
467,468,2026-01-12 09:40:00,VLan40,Sales,Mobile,SMTP,135,4.0,4,NO,TAKORADI
468,469,2026-02-15 09:50:00,VLan10,HR,Router,SMTP,429,3.27,2,NO,TEMA
469,470,2026-03-10 02:44:00,VLan20,Finance,Server,DNS,628,4.99,4,NO,KUMASI
470,471,2026-03-29 01:40:00,VLan30,IT,Router,FTP,799,0.51,1,NO,KUMASI
471,472,2026-02-04 19:29:00,VLan20,Finance,Mobile,DNS,695,1.86,5,NO,KUMASI
472,473,2026-04-19 08:10:00,VLan20,Finance,Desktop,HTTPS,347,4.75,10,NO,Tamale
473,474,2026-01-05 11:30:00,VLan30,IT,Router,SSH,841,0.96,3,NO,KUMASI
474,475,2026-01-03 07:09:00,VLan10,HR,Desktop,DNS,589,1.81,13,NO,TAKORADI
475,476,2026-04-30 22:28:00,VLan30,IT,Router,FTP,1153,4.87,13,YES,Tamale
476,477,2026-03-22 10:04:00,VLan40,Sales,Desktop,HTTP,166,4.42,8,NO,KUMASI
477,478,2026-04-10 09:03:00,VLan40,Sales,Server,DNS,548,3.3,11,NO,TEMA
478,479,2026-04-14 21:02:00,VLan30,IT,Router,SSH,844,0.86,6,NO,KUMASI
479,480,2026-04-03 14:56:00,VLan30,IT,Server,DNS,774,2.53,9,NO,TAKORADI
480,481,2026-03-15 05:48:00,VLan10,HR,Router,HTTPS,317,4.47,8,NO,TEMA
481,482,2026-01-23 00:23:00,VLan10,HR,Mobile,FTP,658,3.09,7,NO,KUMASI
482,483,2026-02-02 15:27:00,VLan10,HR,Mobile,HTTPS,301,0.49,9,NO,TEMA
483,484,2026-01-28 14:13:00,VLan40,Sales,Router,SSH,287,0.08,1,NO,ACCRA
484,485,2026-04-08 12:32:00,VLan20,Finance,Laptop,DNS,371,0.54,6,NO,Tamale
485,486,2026-02-26 22:24:00,VLan40,Sales,Router,FTP,513,0.78,8,NO,TEMA
486,487,2026-02-05 01:20:00,VLan40,Sales,Desktop,DNS,112,2.76,4,NO,TEMA
487,488,2026-03-03 16:48:00,VLan20,Finance,Router,DNS,116,2.78,10,NO,ACCRA
488,489,2026-02-21 16:43:00,VLan40,Sales,Mobile,HTTP,689,1.88,10,NO,TAKORADI
489,490,2026-01-17 16:51:00,VLan40,Sales,Router,DNS,146,4.72,15,NO,KUMASI
490,491,2026-04-25 10:02:00,VLan30,IT,Router,HTTPS,715,3.53,11,NO,TAKORADI
491,492,2026-03-15 19:04:00,VLan10,HR,Router,FTP,612,2.96,4,NO,TAKORADI
492,493,2026-04-17 17:14:00,VLan40,Sales,Router,HTTPS,413,2.77,12,NO,Tamale
493,494,2026-01-05 08:24:00,VLan20,Finance,Server,DNS,243,0.88,11,NO,ACCRA
494,495,2026-04-14 15:23:00,VLan10,HR,Router,SMTP,562,2.98,8,NO,Tamale
495,496,2026-01-08 12:51:00,VLan20,Finance,Server,SMTP,374,3.39,10,NO,KUMASI
496,497,2026-03-03 17:23:00,VLan10,HR,Desktop,HTTPS,255,0.26,9,NO,Tamale
497,498,2026-02-02 19:35:00,VLan10,HR,Server,SMTP,282,3.9,3,NO,TAKORADI
498,499,2026-03-04 12:54:00,VLan20,Finance,Router,SSH,431,2.37,7,NO,TEMA
499,500,2026-01-04 21:33:00,VLan20,Finance,Router,FTP,511,1.75,7,NO,TAKORADI
500,501,2026-02-24 09:14:00,VLan40,Sales,Server,HTTP,379,3.88,3,NO,Tamale
501,502,2026-01-22 20:36:00,VLan20,Finance,Router,HTTPS,293,2.79,1,NO,ACCRA
502,503,2026-04-19 10:33:00,VLan40,Sales,Mobile,HTTP,376,2.2,10,NO,TAKORADI
503,504,2026-03-11 06:22:00,VLan20,Finance,Router,FTP,399,1.52,6,NO,Tamale
504,505,2026-02-17 08:10:00,VLan10,HR,Mobile,HTTPS,366,0.93,7,NO,TEMA
505,506,2026-03-14 17:57:00,VLan30,IT,Mobile,DNS,874,3.23,8,NO,TEMA
506,507,2026-04-03 21:31:00,VLan10,HR,Desktop,DNS,444,1.94,4,NO,TEMA
507,508,2026-03-03 16:42:00,VLan10,HR,Laptop,HTTPS,555,2.68,2,NO,KUMASI
508,509,2026-01-27 18:52:00,VLan10,HR,Router,SSH,436,2.66,6,NO,TAKORADI
509,510,2026-03-19 14:20:00,VLan20,Finance,Server,HTTPS,611,0.31,7,NO,TEMA
510,511,2026-01-25 10:10:00,VLan30,IT,Mobile,FTP,1028,3.5,12,YES,TEMA
511,512,2026-02-25 05:12:00,VLan30,IT,Desktop,SSH,1158,3.04,2,YES,TAKORADI
512,513,2026-01-16 15:05:00,VLan40,Sales,Router,SSH,475,4.37,15,NO,Tamale
513,514,2026-02-05 20:56:00,VLan20,Finance,Mobile,SSH,498,3.31,3,NO,KUMASI
514,515,2026-03-24 05:56:00,VLan40,Sales,Laptop,SMTP,634,2.35,1,NO,KUMASI
515,516,2026-03-25 15:17:00,VLan30,IT,Router,FTP,809,2.76,6,NO,KUMASI
516,517,2026-01-05 23:38:00,VLan30,IT,Desktop,DNS,559,4.59,11,NO,TAKORADI
517,518,2026-01-29 10:39:00,VLan10,HR,Mobile,DNS,489,3.71,6,NO,TAKORADI
518,519,2026-04-03 19:22:00,VLan10,HR,Router,DNS,250,1.41,9,NO,TAKORADI
519,520,2026-02-27 14:10:00,VLan10,HR,Router,HTTPS,659,3.14,0,NO,KUMASI
520,521,2026-03-28 05:40:00,VLan10,HR,Desktop,SSH,549,2.0,11,NO,Tamale
521,522,2026-04-30 15:56:00,VLan20,Finance,Mobile,HTTPS,380,3.81,1,NO,Tamale
522,523,2026-03-30 14:40:00,VLan40,Sales,Laptop,DNS,245,2.43,5,NO,TEMA
523,524,2026-01-29 20:40:00,VLan30,IT,Laptop,DNS,1081,3.58,9,NO,TEMA
524,525,2026-01-07 02:25:00,VLan20,Finance,Server,SSH,652,4.43,11,NO,ACCRA
525,526,2026-03-31 09:06:00,VLan10,HR,Laptop,HTTP,479,4.67,6,NO,TEMA
526,527,2026-02-18 03:46:00,VLan30,IT,Laptop,HTTPS,1065,0.2,10,NO,ACCRA
527,528,2026-03-30 19:34:00,VLan30,IT,Mobile,DNS,891,0.54,9,NO,TAKORADI
528,529,2026-03-03 14:19:00,VLan10,HR,Router,SSH,411,2.43,0,NO,ACCRA
529,530,2026-02-08 03:52:00,VLan20,Finance,Router,HTTPS,174,4.84,4,NO,KUMASI
530,531,2026-03-09 01:36:00,VLan40,Sales,Router,DNS,138,1.43,11,NO,TEMA
531,532,2026-02-03 20:30:00,VLan20,Finance,Router,FTP,382,2.26,13,NO,Tamale
532,533,2026-02-04 03:55:00,VLan40,Sales,Server,SMTP,470,0.11,15,NO,ACCRA
533,534,2026-02-02 21:01:00,VLan40,Sales,Desktop,HTTP,455,1.92,4,NO,KUMASI
534,535,2026-04-28 08:00:00,VLan40,Sales,Router,FTP,235,2.76,12,NO,TEMA
535,536,2026-04-26 20:55:00,VLan40,Sales,Router,HTTPS,577,1.37,4,NO,Tamale
536,537,2026-04-13 22:49:00,VLan40,Sales,Desktop,SSH,203,2.37,10,NO,ACCRA
537,538,2026-01-31 18:26:00,VLan20,Finance,Laptop,SSH,269,0.47,15,NO,TEMA
538,539,2026-02-08 22:39:00,VLan30,IT,Router,SSH,877,3.29,10,NO,TEMA
539,540,2026-04-10 12:21:00,VLan40,Sales,Mobile,FTP,659,1.67,13,NO,TAKORADI
540,541,2026-02-20 10:11:00,VLan20,Finance,Mobile,HTTP,494,1.55,15,NO,ACCRA
541,542,2026-01-15 04:35:00,VLan30,IT,Server,SMTP,615,2.72,6,NO,KUMASI
542,543,2026-01-04 04:30:00,VLan20,Finance,Router,HTTPS,173,0.62,12,NO,KUMASI
543,544,2026-03-22 20:39:00,VLan10,HR,Desktop,HTTPS,117,3.21,15,NO,TAKORADI
544,545,2026-04-10 23:32:00,VLan40,Sales,Desktop,SMTP,614,4.81,8,NO,TEMA
545,546,2026-04-06 04:40:00,VLan10,HR,Router,HTTP,149,1.84,5,NO,TAKORADI
546,547,2026-02-04 06:23:00,VLan30,IT,Router,SMTP,1178,2.57,4,NO,ACCRA
547,548,2026-01-23 04:54:00,VLan30,IT,Server,SSH,543,4.95,14,NO,KUMASI
548,549,2026-02-20 10:06:00,VLan40,Sales,Server,HTTPS,405,1.88,6,NO,TEMA
549,550,2026-03-03 00:05:00,VLan20,Finance,Laptop,HTTP,344,5.0,1,NO,TAKORADI
550,551,2026-04-24 19:59:00,VLan20,Finance,Router,FTP,444,0.75,15,NO,TAKORADI
551,552,2026-03-27 14:10:00,VLan30,IT,Mobile,SSH,1043,3.32,15,YES,Tamale
552,553,2026-02-15 22:50:00,VLan20,Finance,Mobile,HTTPS,247,4.9,2,NO,TEMA
553,554,2026-03-24 20:17:00,VLan20,Finance,Router,HTTPS,513,2.89,8,NO,TAKORADI
554,555,2026-04-11 02:35:00,VLan30,IT,Router,SMTP,1109,3.43,13,NO,TEMA
555,556,2026-03-03 19:07:00,VLan30,IT,Mobile,HTTP,781,4.02,15,NO,TAKORADI
556,557,2026-04-06 22:13:00,VLan30,IT,Desktop,FTP,728,1.44,14,NO,KUMASI
557,558,2026-03-19 22:13:00,VLan40,Sales,Laptop,HTTP,397,2.87,4,NO,TAKORADI
558,559,2026-02-28 14:15:00,VLan40,Sales,Mobile,DNS,300,4.61,3,NO,KUMASI
559,560,2026-02-15 15:59:00,VLan30,IT,Laptop,SMTP,1156,2.64,9,NO,ACCRA
560,561,2026-04-07 05:48:00,VLan30,IT,Mobile,SMTP,575,3.52,10,NO,TAKORADI
561,562,2026-04-19 05:37:00,VLan20,Finance,Router,SMTP,161,5.0,6,NO,ACCRA
562,563,2026-01-18 22:28:00,VLan30,IT,Laptop,HTTPS,927,0.39,6,NO,TAKORADI
563,564,2026-02-14 10:31:00,VLan20,Finance,Laptop,HTTP,111,1.18,15,NO,TEMA
564,565,2026-04-27 00:19:00,VLan30,IT,Desktop,SSH,807,4.67,14,NO,Tamale
565,566,2026-04-30 05:31:00,VLan40,Sales,Desktop,DNS,356,4.13,4,NO,ACCRA
566,567,2026-01-02 19:39:00,VLan10,HR,Desktop,SSH,196,2.51,4,NO,TEMA
567,568,2026-04-29 08:35:00,VLan20,Finance,Mobile,HTTP,292,3.02,12,NO,TAKORADI
568,569,2026-01-29 00:00:00,VLan30,IT,Desktop,HTTPS,779,0.9,3,NO,TAKORADI
569,570,2026-03-07 14:34:00,VLan20,Finance,Server,HTTP,323,1.37,10,NO,ACCRA
570,571,2026-04-13 10:58:00,VLan40,Sales,Mobile,HTTPS,418,3.27,0,NO,Tamale
571,572,2026-01-09 05:32:00,VLan30,IT,Router,DNS,1079,3.81,8,NO,TAKORADI
572,573,2026-04-14 16:45:00,VLan30,IT,Router,SSH,1010,4.98,3,YES,TEMA
573,574,2026-01-10 08:50:00,VLan30,IT,Desktop,DNS,1104,1.1,14,NO,ACCRA
574,575,2026-01-14 10:09:00,VLan20,Finance,Desktop,HTTP,653,0.08,14,NO,TEMA
575,576,2026-03-21 14:57:00,VLan20,Finance,Laptop,SMTP,262,4.46,15,NO,Tamale
576,577,2026-04-30 05:28:00,VLan10,HR,Desktop,DNS,606,1.43,5,NO,TEMA
577,578,2026-03-21 21:15:00,VLan20,Finance,Router,FTP,298,4.76,9,NO,ACCRA
578,579,2026-04-20 02:28:00,VLan30,IT,Server,DNS,667,0.63,3,NO,TAKORADI
579,580,2026-02-20 19:44:00,VLan20,Finance,Laptop,DNS,601,2.46,7,NO,KUMASI
580,581,2026-02-24 15:35:00,VLan30,IT,Desktop,DNS,849,4.63,15,NO,KUMASI
581,582,2026-03-25 15:25:00,VLan40,Sales,Router,HTTP,406,1.82,13,NO,KUMASI
582,583,2026-03-16 19:53:00,VLan30,IT,Mobile,SMTP,815,4.46,0,NO,TEMA
583,584,2026-03-29 18:33:00,VLan30,IT,Mobile,HTTP,760,0.31,11,NO,Tamale
584,585,2026-04-13 10:36:00,VLan30,IT,Laptop,FTP,547,3.65,7,NO,Tamale
585,586,2026-03-19 04:29:00,VLan30,IT,Laptop,DNS,1114,0.84,12,NO,KUMASI
586,587,2026-01-06 17:02:00,VLan30,IT,Server,HTTPS,675,2.17,11,NO,KUMASI
587,588,2026-01-24 21:23:00,VLan20,Finance,Laptop,SMTP,319,2.83,3,NO,TAKORADI
588,589,2026-04-12 20:42:00,VLan10,HR,Server,SSH,287,2.43,0,NO,TAKORADI
589,590,2026-03-06 03:23:00,VLan30,IT,Server,HTTPS,821,4.43,9,NO,TAKORADI
590,591,2026-03-08 23:03:00,VLan40,Sales,Router,DNS,167,1.82,11,NO,ACCRA
591,592,2026-03-10 05:34:00,VLan20,Finance,Mobile,FTP,330,3.2,3,NO,Tamale
592,593,2026-02-13 00:34:00,VLan20,Finance,Mobile,SMTP,414,0.16,6,NO,Tamale
593,594,2026-02-14 19:20:00,VLan20,Finance,Server,FTP,330,4.62,13,NO,TAKORADI
594,595,2026-03-01 22:41:00,VLan20,Finance,Desktop,DNS,127,3.28,9,NO,TEMA
595,596,2026-01-31 22:00:00,VLan30,IT,Desktop,SSH,785,3.05,11,NO,ACCRA
596,597,2026-03-27 12:07:00,VLan10,HR,Desktop,SSH,677,0.06,14,NO,TEMA
597,598,2026-04-11 11:51:00,VLan30,IT,Server,HTTPS,1126,0.42,0,NO,TAKORADI
598,599,2026-04-06 06:03:00,VLan30,IT,Laptop,SSH,998,0.4,1,YES,KUMASI
599,600,2026-04-08 04:26:00,VLan10,HR,Laptop,FTP,153,4.56,12,NO,TAKORADI
600,601,2026-04-09 20:05:00,VLan30,IT,Laptop,HTTPS,1050,1.7,11,NO,ACCRA
601,602,2026-04-03 06:31:00,VLan40,Sales,Mobile,DNS,176,3.93,7,NO,TAKORADI
602,603,2026-02-04 10:42:00,VLan30,IT,Laptop,HTTP,597,3.43,1,NO,Tamale
603,604,2026-02-20 20:53:00,VLan40,Sales,Server,SSH,250,3.51,3,NO,ACCRA
604,605,2026-01-09 08:57:00,VLan40,Sales,Server,FTP,483,2.82,3,NO,TEMA
605,606,2026-03-05 01:24:00,VLan10,HR,Laptop,HTTPS,405,3.08,8,NO,KUMASI
606,607,2026-01-18 19:57:00,VLan20,Finance,Desktop,HTTP,391,0.63,10,NO,TAKORADI
607,608,2026-01-06 08:57:00,VLan40,Sales,Server,FTP,529,3.67,6,NO,TEMA
608,609,2026-03-15 10:16:00,VLan30,IT,Laptop,HTTP,624,1.26,3,NO,ACCRA
609,610,2026-02-23 05:50:00,VLan40,Sales,Desktop,SMTP,587,2.14,14,NO,KUMASI
610,611,2026-04-13 20:38:00,VLan40,Sales,Router,FTP,304,0.67,11,NO,TEMA
611,612,2026-03-09 00:08:00,VLan10,HR,Laptop,SSH,313,4.59,9,NO,KUMASI
612,613,2026-01-13 19:20:00,VLan10,HR,Laptop,FTP,615,4.61,4,NO,Tamale
613,614,2026-01-16 08:09:00,VLan10,HR,Server,DNS,420,1.45,13,NO,KUMASI
614,615,2026-03-29 04:01:00,VLan40,Sales,Mobile,HTTPS,514,4.06,13,NO,KUMASI
615,616,2026-01-04 02:54:00,VLan30,IT,Router,SSH,594,1.86,4,NO,Tamale
616,617,2026-04-10 07:26:00,VLan30,IT,Router,HTTPS,788,1.24,12,NO,Tamale
617,618,2026-04-05 00:01:00,VLan10,HR,Router,HTTP,391,4.71,9,NO,TAKORADI
618,619,2026-03-29 08:17:00,VLan20,Finance,Laptop,HTTP,607,1.75,3,NO,TAKORADI
619,620,2026-03-18 09:42:00,VLan40,Sales,Router,SSH,499,4.51,15,NO,ACCRA
620,621,2026-03-11 10:05:00,VLan20,Finance,Laptop,HTTP,347,4.88,13,NO,TEMA
621,622,2026-04-22 19:13:00,VLan30,IT,Router,SMTP,1193,3.97,4,NO,TAKORADI
622,623,2026-01-02 18:10:00,VLan40,Sales,Mobile,FTP,348,1.27,12,NO,ACCRA
623,624,2026-02-17 19:29:00,VLan30,IT,Desktop,HTTPS,709,0.87,15,NO,ACCRA
624,625,2026-03-07 23:58:00,VLan20,Finance,Desktop,HTTP,192,2.31,3,NO,Tamale
625,626,2026-01-22 14:46:00,VLan40,Sales,Desktop,SMTP,233,4.48,10,NO,TEMA
626,627,2026-03-11 22:23:00,VLan10,HR,Laptop,FTP,165,4.66,8,NO,TEMA
627,628,2026-01-06 17:19:00,VLan30,IT,Mobile,SSH,1050,0.93,15,YES,ACCRA
628,629,2026-04-23 10:57:00,VLan10,HR,Router,HTTPS,461,0.13,5,NO,TAKORADI
629,630,2026-02-02 16:54:00,VLan30,IT,Mobile,SSH,505,1.3,1,NO,TAKORADI
630,631,2026-04-15 11:17:00,VLan40,Sales,Mobile,SSH,202,1.7,11,NO,KUMASI
631,632,2026-04-28 08:43:00,VLan20,Finance,Desktop,DNS,214,1.33,10,NO,Tamale
632,633,2026-03-04 00:17:00,VLan10,HR,Server,SMTP,289,4.35,15,NO,TAKORADI
633,634,2026-01-16 09:20:00,VLan20,Finance,Router,HTTPS,239,2.63,8,NO,TAKORADI
634,635,2026-04-04 20:41:00,VLan10,HR,Router,HTTPS,681,0.97,2,NO,KUMASI
635,636,2026-04-30 04:19:00,VLan20,Finance,Router,HTTP,622,3.11,10,NO,ACCRA
636,637,2026-02-25 12:43:00,VLan20,Finance,Desktop,HTTP,416,4.48,6,NO,Tamale
637,638,2026-01-24 05:47:00,VLan20,Finance,Server,SSH,653,3.89,7,NO,TAKORADI
638,639,2026-01-22 05:27:00,VLan30,IT,Laptop,DNS,839,3.96,0,NO,KUMASI
639,640,2026-03-26 18:34:00,VLan20,Finance,Server,FTP,691,1.77,13,NO,TAKORADI
640,641,2026-02-06 03:54:00,VLan30,IT,Desktop,HTTP,506,2.41,5,NO,KUMASI
641,642,2026-04-07 07:30:00,VLan30,IT,Server,SMTP,593,3.14,5,NO,TAKORADI
642,643,2026-04-19 19:29:00,VLan40,Sales,Desktop,SMTP,312,1.44,14,NO,Tamale
643,644,2026-02-26 02:40:00,VLan40,Sales,Desktop,FTP,496,1.89,12,NO,ACCRA
644,645,2026-01-19 09:37:00,VLan10,HR,Router,HTTPS,471,4.42,7,NO,TAKORADI
645,646,2026-01-26 06:01:00,VLan40,Sales,Server,SSH,178,0.94,7,NO,ACCRA
646,647,2026-01-16 14:46:00,VLan40,Sales,Router,HTTPS,158,4.09,15,NO,KUMASI
647,648,2026-04-19 16:21:00,VLan40,Sales,Desktop,SSH,382,3.0,6,NO,TEMA
648,649,2026-02-25 12:47:00,VLan10,HR,Router,HTTPS,494,3.57,14,NO,Tamale
649,650,2026-04-16 14:01:00,VLan20,Finance,Desktop,DNS,689,1.37,8,NO,ACCRA
650,651,2026-04-08 12:07:00,VLan40,Sales,Desktop,SSH,617,1.17,6,NO,ACCRA
651,652,2026-02-16 10:54:00,VLan10,HR,Laptop,FTP,695,2.63,8,NO,Tamale
652,653,2026-03-19 14:29:00,VLan40,Sales,Mobile,SMTP,481,1.89,9,NO,TAKORADI
653,654,2026-03-04 07:23:00,VLan40,Sales,Desktop,DNS,387,0.97,4,NO,TAKORADI
654,655,2026-03-31 12:13:00,VLan30,IT,Desktop,DNS,1012,4.07,3,NO,Tamale
655,656,2026-01-25 07:10:00,VLan20,Finance,Server,SSH,365,4.39,0,NO,TAKORADI
656,657,2026-03-30 07:18:00,VLan40,Sales,Router,SMTP,699,3.3,4,NO,TAKORADI
657,658,2026-03-10 22:27:00,VLan30,IT,Desktop,HTTPS,1059,4.18,3,NO,TAKORADI
658,659,2026-02-10 07:56:00,VLan40,Sales,Laptop,FTP,438,3.43,15,NO,Tamale
659,660,2026-04-05 23:25:00,VLan10,HR,Desktop,FTP,267,1.44,10,NO,TEMA
660,661,2026-04-13 13:50:00,VLan20,Finance,Laptop,SMTP,446,4.73,9,NO,KUMASI
661,662,2026-01-12 16:52:00,VLan40,Sales,Laptop,SMTP,584,4.41,13,NO,ACCRA
662,663,2026-04-28 16:45:00,VLan10,HR,Mobile,DNS,281,3.26,1,NO,TEMA
663,664,2026-02-04 04:56:00,VLan20,Finance,Server,FTP,250,4.49,10,NO,Tamale
664,665,2026-03-26 14:58:00,VLan20,Finance,Laptop,HTTPS,228,0.12,10,NO,ACCRA
665,666,2026-03-31 13:55:00,VLan20,Finance,Router,SMTP,459,4.16,7,NO,TAKORADI
666,667,2026-01-21 01:58:00,VLan30,IT,Mobile,FTP,939,3.49,13,YES,KUMASI
667,668,2026-02-26 22:02:00,VLan40,Sales,Server,DNS,271,4.86,15,NO,TEMA
668,669,2026-02-21 05:44:00,VLan40,Sales,Laptop,SMTP,449,0.08,8,NO,TAKORADI
669,670,2026-03-08 23:45:00,VLan30,IT,Desktop,HTTPS,631,3.56,13,NO,ACCRA
670,671,2026-03-02 12:51:00,VLan40,Sales,Mobile,SSH,260,1.9,10,NO,TAKORADI
671,672,2026-02-13 00:07:00,VLan30,IT,Desktop,DNS,637,0.96,10,NO,Tamale
672,673,2026-01-25 17:14:00,VLan30,IT,Mobile,DNS,813,1.17,15,NO,KUMASI
673,674,2026-04-06 14:30:00,VLan10,HR,Laptop,SSH,244,4.58,6,NO,ACCRA
674,675,2026-03-26 07:39:00,VLan30,IT,Desktop,FTP,623,3.85,13,NO,TEMA
675,676,2026-02-22 17:05:00,VLan20,Finance,Router,HTTPS,402,4.38,8,NO,KUMASI
676,677,2026-01-21 00:34:00,VLan10,HR,Router,HTTPS,104,2.05,7,NO,Tamale
677,678,2026-01-20 02:03:00,VLan20,Finance,Router,FTP,458,0.61,15,NO,Tamale
678,679,2026-01-06 17:34:00,VLan20,Finance,Router,HTTP,467,1.27,5,NO,TAKORADI
679,680,2026-01-31 06:02:00,VLan20,Finance,Router,DNS,332,1.82,13,NO,Tamale
680,681,2026-03-21 12:04:00,VLan40,Sales,Desktop,HTTPS,155,1.14,9,NO,TEMA
681,682,2026-04-21 19:57:00,VLan30,IT,Laptop,HTTPS,674,3.08,7,NO,KUMASI
682,683,2026-03-21 02:52:00,VLan40,Sales,Laptop,HTTPS,484,2.02,2,NO,Tamale
683,684,2026-04-09 15:59:00,VLan10,HR,Router,SMTP,301,0.27,15,NO,KUMASI
684,685,2026-03-29 05:43:00,VLan40,Sales,Laptop,SMTP,443,2.38,14,NO,TEMA
685,686,2026-04-03 03:43:00,VLan40,Sales,Mobile,DNS,569,4.57,10,NO,ACCRA
686,687,2026-04-21 09:11:00,VLan30,IT,Desktop,SSH,589,4.22,14,NO,KUMASI
687,688,2026-03-23 02:40:00,VLan40,Sales,Mobile,SMTP,614,1.56,6,NO,TEMA
688,689,2026-01-21 12:57:00,VLan30,IT,Router,HTTPS,619,2.8,0,NO,TEMA
689,690,2026-03-28 06:49:00,VLan20,Finance,Laptop,HTTP,173,0.88,15,NO,TAKORADI
690,691,2026-03-08 15:48:00,VLan20,Finance,Server,SMTP,265,2.15,3,NO,KUMASI
691,692,2026-02-01 07:59:00,VLan30,IT,Mobile,FTP,1156,1.33,2,YES,ACCRA
692,693,2026-03-10 13:48:00,VLan30,IT,Server,HTTPS,700,0.48,2,NO,KUMASI
693,694,2026-02-04 14:43:00,VLan30,IT,Desktop,SSH,910,0.03,14,YES,ACCRA
694,695,2026-03-28 03:28:00,VLan30,IT,Server,HTTPS,867,3.01,2,NO,ACCRA
695,696,2026-03-16 21:10:00,VLan20,Finance,Router,HTTP,429,4.59,0,NO,TEMA
696,697,2026-04-23 07:03:00,VLan30,IT,Router,SMTP,914,4.24,13,NO,ACCRA
697,698,2026-04-23 01:10:00,VLan30,IT,Desktop,HTTP,983,0.4,12,NO,ACCRA
698,699,2026-04-13 23:34:00,VLan10,HR,Desktop,DNS,621,3.08,13,NO,TEMA
699,700,2026-02-14 22:28:00,VLan10,HR,Server,FTP,196,4.22,10,NO,TAKORADI
700,701,2026-03-19 20:42:00,VLan10,HR,Desktop,DNS,592,3.51,14,NO,TEMA
701,702,2026-02-09 07:29:00,VLan20,Finance,Server,HTTPS,424,4.58,15,NO,ACCRA
702,703,2026-04-03 03:17:00,VLan10,HR,Mobile,SMTP,351,0.67,5,NO,TEMA
703,704,2026-01-06 16:28:00,VLan40,Sales,Mobile,HTTPS,165,0.27,2,NO,ACCRA
704,705,2026-04-28 02:55:00,VLan10,HR,Server,SMTP,537,4.02,4,NO,ACCRA
705,706,2026-03-21 09:10:00,VLan30,IT,Laptop,DNS,1163,0.8,6,NO,TEMA
706,707,2026-03-26 10:58:00,VLan10,HR,Server,HTTPS,595,3.73,5,NO,Tamale
707,708,2026-04-17 13:28:00,VLan20,Finance,Desktop,SSH,122,2.73,0,NO,ACCRA
708,709,2026-01-05 22:14:00,VLan30,IT,Desktop,SMTP,1175,2.0,1,NO,TAKORADI
709,710,2026-01-10 13:55:00,VLan30,IT,Server,SMTP,1131,4.25,14,NO,TAKORADI
710,711,2026-04-17 10:06:00,VLan30,IT,Laptop,HTTP,948,4.64,9,NO,TEMA
711,712,2026-01-28 07:13:00,VLan40,Sales,Router,SMTP,488,3.38,2,NO,TAKORADI
712,713,2026-03-02 16:36:00,VLan10,HR,Mobile,SMTP,437,0.25,1,NO,TEMA
713,714,2026-04-04 17:03:00,VLan30,IT,Mobile,HTTPS,588,0.08,12,NO,KUMASI
714,715,2026-03-14 05:15:00,VLan20,Finance,Laptop,DNS,125,4.76,11,NO,ACCRA
715,716,2026-03-07 10:59:00,VLan20,Finance,Desktop,HTTPS,571,1.01,9,NO,Tamale
716,717,2026-04-20 12:26:00,VLan10,HR,Laptop,FTP,259,3.91,7,NO,Tamale
717,718,2026-02-09 15:05:00,VLan10,HR,Mobile,DNS,552,2.33,7,NO,Tamale
718,719,2026-02-26 04:58:00,VLan30,IT,Router,SMTP,712,4.78,13,NO,KUMASI
719,720,2026-01-21 03:57:00,VLan20,Finance,Server,FTP,451,4.35,8,NO,Tamale
720,721,2026-03-14 05:27:00,VLan20,Finance,Mobile,SSH,587,2.01,12,NO,TEMA
721,722,2026-04-25 23:23:00,VLan30,IT,Server,HTTPS,882,3.91,1,NO,ACCRA
722,723,2026-03-27 17:05:00,VLan20,Finance,Mobile,SSH,696,4.76,2,NO,ACCRA
723,724,2026-03-17 17:17:00,VLan30,IT,Mobile,FTP,1125,3.92,12,YES,TAKORADI
724,725,2026-04-28 11:03:00,VLan10,HR,Desktop,HTTPS,112,3.34,4,NO,Tamale
725,726,2026-04-16 07:22:00,VLan20,Finance,Mobile,SMTP,282,1.21,7,NO,TAKORADI
726,727,2026-02-02 15:36:00,VLan10,HR,Router,SSH,215,1.9,2,NO,TEMA
727,728,2026-02-08 23:35:00,VLan40,Sales,Server,FTP,410,2.51,14,NO,KUMASI
728,729,2026-02-13 21:50:00,VLan10,HR,Router,SSH,297,1.99,14,NO,ACCRA
729,730,2026-02-17 03:15:00,VLan30,IT,Server,FTP,963,4.73,7,YES,ACCRA
730,731,2026-01-31 09:06:00,VLan10,HR,Desktop,HTTPS,369,1.58,9,NO,KUMASI
731,732,2026-03-11 18:25:00,VLan20,Finance,Laptop,SMTP,452,1.8,10,NO,KUMASI
732,733,2026-01-16 10:55:00,VLan20,Finance,Router,SSH,152,2.42,6,NO,ACCRA
733,734,2026-01-26 19:54:00,VLan20,Finance,Mobile,SSH,662,4.78,11,NO,KUMASI
734,735,2026-03-22 22:59:00,VLan10,HR,Server,DNS,625,3.53,6,NO,Tamale
735,736,2026-01-16 00:10:00,VLan30,IT,Server,SMTP,1124,1.21,11,NO,TEMA
736,737,2026-02-12 20:50:00,VLan40,Sales,Desktop,HTTP,623,1.47,6,NO,ACCRA
737,738,2026-03-25 11:47:00,VLan40,Sales,Router,DNS,191,1.02,12,NO,ACCRA
738,739,2026-01-01 13:38:00,VLan10,HR,Desktop,SMTP,125,1.97,7,NO,ACCRA
739,740,2026-01-22 04:08:00,VLan30,IT,Router,SMTP,1046,2.34,8,NO,TEMA
740,741,2026-03-29 21:24:00,VLan20,Finance,Router,DNS,645,1.48,13,NO,KUMASI
741,742,2026-01-07 19:02:00,VLan40,Sales,Desktop,FTP,649,3.38,14,NO,Tamale
742,743,2026-04-05 21:54:00,VLan20,Finance,Mobile,HTTPS,633,3.59,12,NO,TAKORADI
743,744,2026-04-28 12:23:00,VLan40,Sales,Router,SSH,586,1.78,7,NO,KUMASI
744,745,2026-03-03 07:54:00,VLan30,IT,Server,HTTPS,627,4.47,0,NO,TEMA
745,746,2026-03-22 10:24:00,VLan20,Finance,Desktop,HTTPS,134,3.21,7,NO,KUMASI
746,747,2026-02-23 20:30:00,VLan30,IT,Laptop,HTTP,738,1.96,7,NO,Tamale
747,748,2026-04-01 04:28:00,VLan30,IT,Mobile,FTP,785,4.79,6,NO,TEMA
748,749,2026-01-19 19:38:00,VLan40,Sales,Laptop,FTP,315,3.29,14,NO,Tamale
749,750,2026-02-06 06:20:00,VLan30,IT,Router,SSH,596,3.45,9,NO,TAKORADI
750,751,2026-01-03 00:18:00,VLan40,Sales,Mobile,HTTP,216,4.68,15,NO,Tamale
751,752,2026-03-30 01:07:00,VLan20,Finance,Mobile,SSH,417,1.2,13,NO,KUMASI
752,753,2026-01-30 17:23:00,VLan10,HR,Laptop,HTTP,668,0.61,15,NO,KUMASI
753,754,2026-02-18 18:33:00,VLan30,IT,Server,FTP,735,2.49,12,NO,ACCRA
754,755,2026-02-21 14:01:00,VLan30,IT,Router,HTTPS,851,1.21,7,NO,KUMASI
755,756,2026-01-16 04:49:00,VLan10,HR,Router,SSH,140,1.58,13,NO,TAKORADI
756,757,2026-03-21 22:43:00,VLan30,IT,Server,SSH,1034,4.94,8,YES,TEMA
757,758,2026-03-07 04:02:00,VLan30,IT,Router,HTTPS,505,0.24,7,NO,KUMASI
758,759,2026-02-27 05:27:00,VLan30,IT,Desktop,FTP,500,0.59,5,NO,KUMASI
759,760,2026-01-17 12:12:00,VLan10,HR,Desktop,SSH,687,0.95,8,NO,TEMA
760,761,2026-03-11 07:09:00,VLan30,IT,Desktop,DNS,580,2.69,3,NO,KUMASI
761,762,2026-04-04 00:38:00,VLan10,HR,Laptop,SMTP,450,1.79,15,NO,ACCRA
762,763,2026-02-19 16:19:00,VLan30,IT,Laptop,DNS,1025,1.47,6,NO,KUMASI
763,764,2026-04-11 19:12:00,VLan20,Finance,Router,SSH,348,0.45,5,NO,TAKORADI
764,765,2026-02-24 20:31:00,VLan40,Sales,Server,HTTPS,644,1.69,15,NO,TEMA
765,766,2026-04-22 08:38:00,VLan10,HR,Router,HTTP,618,3.59,12,NO,Tamale
766,767,2026-01-17 12:02:00,VLan20,Finance,Desktop,DNS,102,1.81,9,NO,ACCRA
767,768,2026-04-22 05:20:00,VLan40,Sales,Router,HTTPS,279,0.2,6,NO,Tamale
768,769,2026-04-22 04:43:00,VLan20,Finance,Mobile,SSH,209,3.43,3,NO,Tamale
769,770,2026-01-01 16:22:00,VLan10,HR,Router,SMTP,583,0.81,8,NO,Tamale
770,771,2026-04-29 08:21:00,VLan30,IT,Server,SSH,905,4.93,3,YES,Tamale
771,772,2026-04-07 04:58:00,VLan10,HR,Laptop,SMTP,429,3.06,13,NO,TEMA
772,773,2026-03-11 09:53:00,VLan20,Finance,Mobile,HTTP,418,2.76,10,NO,Tamale
773,774,2026-01-20 00:42:00,VLan30,IT,Mobile,FTP,1197,3.51,14,YES,TAKORADI
774,775,2026-03-05 20:58:00,VLan20,Finance,Laptop,FTP,332,3.77,11,NO,TEMA
775,776,2026-02-22 06:10:00,VLan40,Sales,Router,SSH,667,2.85,9,NO,Tamale
776,777,2026-01-06 03:05:00,VLan10,HR,Laptop,HTTP,134,3.84,11,NO,ACCRA
777,778,2026-02-10 19:04:00,VLan10,HR,Desktop,HTTP,280,2.93,4,NO,KUMASI
778,779,2026-01-22 07:02:00,VLan10,HR,Router,SMTP,121,3.74,13,NO,KUMASI
779,780,2026-04-06 15:48:00,VLan30,IT,Laptop,DNS,988,4.8,2,NO,Tamale
780,781,2026-01-07 04:55:00,VLan20,Finance,Server,SMTP,354,0.14,9,NO,KUMASI
781,782,2026-04-21 15:06:00,VLan40,Sales,Server,FTP,421,4.7,10,NO,ACCRA
782,783,2026-03-11 21:20:00,VLan30,IT,Server,SSH,995,3.22,5,YES,TAKORADI
783,784,2026-02-05 13:37:00,VLan40,Sales,Laptop,SMTP,317,3.81,11,NO,TAKORADI
784,785,2026-02-21 08:02:00,VLan10,HR,Desktop,DNS,349,4.71,7,NO,Tamale
785,786,2026-04-27 08:18:00,VLan10,HR,Laptop,SSH,481,2.59,11,NO,Tamale
786,787,2026-02-10 19:50:00,VLan40,Sales,Desktop,DNS,274,1.28,10,NO,TAKORADI
787,788,2026-01-10 01:00:00,VLan40,Sales,Desktop,HTTP,585,3.27,15,NO,ACCRA
788,789,2026-01-31 07:17:00,VLan30,IT,Desktop,HTTP,868,2.93,5,NO,ACCRA
789,790,2026-04-24 09:45:00,VLan20,Finance,Desktop,HTTP,427,0.58,14,NO,KUMASI
790,791,2026-01-10 03:08:00,VLan30,IT,Server,DNS,925,0.24,10,NO,KUMASI
791,792,2026-01-14 12:27:00,VLan10,HR,Desktop,HTTP,188,4.87,12,NO,ACCRA
792,793,2026-03-05 08:14:00,VLan40,Sales,Router,SSH,369,1.29,10,NO,TEMA
793,794,2026-01-03 01:33:00,VLan20,Finance,Server,HTTPS,414,3.36,12,NO,Tamale
794,795,2026-01-13 19:31:00,VLan20,Finance,Laptop,DNS,431,2.32,7,NO,ACCRA
795,796,2026-01-22 06:29:00,VLan20,Finance,Router,FTP,663,4.68,3,NO,ACCRA
796,797,2026-04-14 22:56:00,VLan30,IT,Laptop,SSH,669,0.41,2,NO,KUMASI
797,798,2026-02-04 19:31:00,VLan20,Finance,Server,SSH,250,0.37,14,NO,TAKORADI
798,799,2026-01-11 22:18:00,VLan20,Finance,Router,SMTP,221,1.82,5,NO,Tamale
799,800,2026-02-13 10:50:00,VLan20,Finance,Router,SSH,394,1.71,12,NO,ACCRA
800,801,2026-04-19 05:14:00,VLan30,IT,Router,FTP,671,4.65,6,NO,KUMASI
801,802,2026-01-05 06:55:00,VLan10,HR,Server,SSH,440,1.38,7,NO,TEMA
802,803,2026-04-06 03:06:00,VLan30,IT,Desktop,FTP,623,3.45,14,NO,TAKORADI
803,804,2026-02-08 22:23:00,VLan40,Sales,Desktop,HTTP,253,3.86,14,NO,TEMA
804,805,2026-02-16 22:43:00,VLan30,IT,Mobile,SSH,545,2.12,13,NO,KUMASI
805,806,2026-03-31 20:28:00,VLan10,HR,Desktop,FTP,536,0.88,9,NO,ACCRA
806,807,2026-04-15 20:47:00,VLan40,Sales,Mobile,SMTP,616,2.84,15,NO,Tamale
807,808,2026-03-15 19:15:00,VLan40,Sales,Server,SMTP,305,2.33,14,NO,TEMA
808,809,2026-03-02 04:20:00,VLan40,Sales,Desktop,HTTP,419,4.13,15,NO,TEMA
809,810,2026-03-03 23:00:00,VLan30,IT,Mobile,DNS,841,1.99,9,NO,ACCRA
810,811,2026-01-13 21:00:00,VLan40,Sales,Laptop,DNS,196,4.71,9,NO,KUMASI
811,812,2026-02-13 13:54:00,VLan20,Finance,Mobile,HTTPS,585,4.58,14,NO,TEMA
812,813,2026-02-16 07:46:00,VLan20,Finance,Server,FTP,348,4.23,12,NO,TEMA
813,814,2026-03-28 10:46:00,VLan20,Finance,Laptop,HTTP,635,4.51,11,NO,Tamale
814,815,2026-02-07 05:25:00,VLan40,Sales,Desktop,SSH,336,1.99,10,NO,ACCRA
815,816,2026-03-02 18:13:00,VLan10,HR,Mobile,DNS,499,0.18,9,NO,ACCRA
816,817,2026-01-01 17:27:00,VLan10,HR,Server,FTP,141,1.65,8,NO,TAKORADI
817,818,2026-02-23 01:47:00,VLan10,HR,Mobile,SSH,324,2.46,10,NO,Tamale
818,819,2026-04-30 21:34:00,VLan30,IT,Laptop,SSH,744,2.7,3,NO,KUMASI
819,820,2026-02-27 18:02:00,VLan40,Sales,Desktop,SSH,183,0.85,12,NO,ACCRA
820,821,2026-03-12 15:44:00,VLan20,Finance,Server,HTTP,194,1.85,2,NO,TAKORADI
821,822,2026-02-12 19:20:00,VLan20,Finance,Router,HTTP,574,3.24,14,NO,TAKORADI
822,823,2026-03-09 20:54:00,VLan10,HR,Mobile,SMTP,641,2.93,14,NO,KUMASI
823,824,2026-03-20 06:31:00,VLan10,HR,Router,SSH,361,2.03,4,NO,ACCRA
824,825,2026-02-11 15:34:00,VLan40,Sales,Server,HTTPS,445,4.93,3,NO,KUMASI
825,826,2026-01-07 22:36:00,VLan30,IT,Router,HTTPS,1010,2.27,9,NO,Tamale
826,827,2026-03-15 01:13:00,VLan10,HR,Laptop,DNS,433,0.82,5,NO,Tamale
827,828,2026-01-05 16:46:00,VLan30,IT,Laptop,FTP,933,4.92,11,YES,TAKORADI
828,829,2026-04-27 22:50:00,VLan30,IT,Mobile,FTP,940,3.11,7,YES,Tamale
829,830,2026-02-03 12:21:00,VLan40,Sales,Desktop,HTTPS,419,4.45,14,NO,KUMASI
830,831,2026-04-25 03:53:00,VLan30,IT,Mobile,SSH,570,2.32,2,NO,Tamale
831,832,2026-04-02 18:55:00,VLan30,IT,Mobile,HTTPS,627,2.36,9,NO,TEMA
832,833,2026-03-11 12:51:00,VLan10,HR,Server,FTP,388,0.85,7,NO,ACCRA
833,834,2026-04-15 22:56:00,VLan40,Sales,Server,HTTPS,416,0.68,7,NO,TAKORADI
834,835,2026-02-21 11:32:00,VLan20,Finance,Laptop,FTP,386,2.6,8,NO,TEMA
835,836,2026-01-08 01:32:00,VLan30,IT,Mobile,HTTPS,656,2.3,9,NO,Tamale
836,837,2026-02-14 14:36:00,VLan40,Sales,Server,SMTP,150,3.05,0,NO,TAKORADI
837,838,2026-04-13 00:14:00,VLan40,Sales,Server,SMTP,454,4.57,10,NO,Tamale
838,839,2026-01-18 21:21:00,VLan20,Finance,Mobile,HTTPS,103,2.06,8,NO,TAKORADI
839,840,2026-03-21 15:58:00,VLan40,Sales,Mobile,HTTP,406,2.39,1,NO,TEMA
840,841,2026-02-15 14:09:00,VLan40,Sales,Laptop,DNS,667,1.06,9,NO,ACCRA
841,842,2026-04-30 15:41:00,VLan20,Finance,Desktop,DNS,108,1.84,15,NO,Tamale
842,843,2026-04-08 00:43:00,VLan40,Sales,Desktop,SSH,269,3.04,4,NO,TEMA
843,844,2026-01-15 05:16:00,VLan40,Sales,Laptop,FTP,432,4.34,0,NO,TAKORADI
844,845,2026-01-24 13:15:00,VLan30,IT,Mobile,FTP,714,2.24,0,NO,TAKORADI
845,846,2026-02-27 04:37:00,VLan20,Finance,Router,DNS,604,3.53,0,NO,Tamale
846,847,2026-02-08 20:25:00,VLan20,Finance,Router,SMTP,258,3.01,1,NO,ACCRA
847,848,2026-02-18 01:36:00,VLan20,Finance,Desktop,HTTP,528,4.5,11,NO,TAKORADI
848,849,2026-03-25 21:38:00,VLan30,IT,Router,HTTPS,860,3.19,1,NO,ACCRA
849,850,2026-04-29 17:37:00,VLan40,Sales,Desktop,SMTP,465,2.87,12,NO,TAKORADI
850,851,2026-02-26 15:54:00,VLan10,HR,Desktop,DNS,176,2.31,5,NO,Tamale
851,852,2026-04-26 04:01:00,VLan30,IT,Server,FTP,920,2.56,9,YES,TAKORADI
852,853,2026-04-10 03:08:00,VLan40,Sales,Laptop,HTTP,361,0.63,10,NO,ACCRA
853,854,2026-01-06 17:50:00,VLan30,IT,Mobile,DNS,538,3.14,9,NO,KUMASI
854,855,2026-04-10 17:52:00,VLan40,Sales,Desktop,SSH,429,4.2,10,NO,Tamale
855,856,2026-02-22 09:22:00,VLan10,HR,Laptop,SMTP,170,4.51,6,NO,TAKORADI
856,857,2026-01-10 13:22:00,VLan10,HR,Server,HTTPS,289,3.83,0,NO,TAKORADI
857,858,2026-01-18 14:35:00,VLan30,IT,Desktop,HTTP,1086,3.66,13,NO,TEMA
858,859,2026-02-19 22:55:00,VLan30,IT,Desktop,HTTPS,1096,3.78,4,NO,KUMASI
859,860,2026-04-11 13:20:00,VLan40,Sales,Router,FTP,670,4.49,0,NO,TAKORADI
860,861,2026-03-07 03:18:00,VLan20,Finance,Laptop,FTP,255,1.88,12,NO,TEMA
861,862,2026-01-12 07:07:00,VLan30,IT,Desktop,SSH,1122,0.8,1,YES,TEMA
862,863,2026-04-23 01:27:00,VLan30,IT,Server,FTP,838,1.27,10,NO,Tamale
863,864,2026-04-14 06:15:00,VLan30,IT,Laptop,SSH,879,3.53,4,NO,KUMASI
864,865,2026-03-25 12:01:00,VLan40,Sales,Mobile,HTTP,277,3.64,0,NO,ACCRA
865,866,2026-01-19 08:51:00,VLan10,HR,Desktop,HTTP,415,2.64,9,NO,TAKORADI
866,867,2026-04-08 04:40:00,VLan20,Finance,Router,HTTP,231,3.6,11,NO,KUMASI
867,868,2026-04-29 04:47:00,VLan30,IT,Router,FTP,1122,1.48,8,YES,Tamale
868,869,2026-04-15 13:25:00,VLan30,IT,Router,FTP,660,0.17,5,NO,TAKORADI
869,870,2026-03-14 04:40:00,VLan40,Sales,Laptop,HTTPS,131,0.7,3,NO,TAKORADI
870,871,2026-04-01 17:21:00,VLan40,Sales,Server,FTP,471,1.7,2,NO,TAKORADI
871,872,2026-01-31 08:13:00,VLan30,IT,Mobile,SSH,864,4.56,10,NO,ACCRA
872,873,2026-03-03 15:52:00,VLan20,Finance,Desktop,SMTP,110,3.32,8,NO,TAKORADI
873,874,2026-04-04 18:28:00,VLan10,HR,Router,HTTP,645,1.92,7,NO,Tamale
874,875,2026-04-26 03:56:00,VLan30,IT,Desktop,DNS,728,1.15,8,NO,ACCRA
875,876,2026-01-01 23:04:00,VLan20,Finance,Router,SSH,271,2.4,12,NO,ACCRA
876,877,2026-02-20 04:03:00,VLan10,HR,Desktop,HTTP,141,1.79,11,NO,TAKORADI
877,878,2026-04-13 10:23:00,VLan40,Sales,Mobile,FTP,653,1.96,3,NO,KUMASI
878,879,2026-03-04 10:02:00,VLan20,Finance,Server,SSH,442,1.27,10,NO,Tamale
879,880,2026-03-17 01:56:00,VLan20,Finance,Server,HTTPS,161,3.89,6,NO,KUMASI
880,881,2026-02-13 15:05:00,VLan20,Finance,Server,SMTP,505,1.13,6,NO,TEMA
881,882,2026-02-03 16:37:00,VLan30,IT,Router,SMTP,804,3.87,12,NO,Tamale
882,883,2026-01-10 20:03:00,VLan30,IT,Mobile,FTP,1133,3.6,5,YES,TEMA
883,884,2026-01-05 08:08:00,VLan10,HR,Laptop,SMTP,211,4.39,4,NO,TAKORADI
884,885,2026-02-05 17:02:00,VLan30,IT,Desktop,HTTPS,1146,2.66,3,NO,Tamale
885,886,2026-03-20 00:05:00,VLan40,Sales,Laptop,FTP,390,4.05,13,NO,ACCRA
886,887,2026-03-18 12:57:00,VLan30,IT,Laptop,SMTP,840,2.64,10,NO,ACCRA
887,888,2026-03-26 17:14:00,VLan30,IT,Server,SSH,508,3.31,1,NO,TAKORADI
888,889,2026-04-17 04:31:00,VLan10,HR,Router,DNS,139,2.54,2,NO,TAKORADI
889,890,2026-01-01 22:35:00,VLan30,IT,Laptop,SSH,993,3.94,14,YES,TEMA
890,891,2026-03-30 17:06:00,VLan40,Sales,Desktop,DNS,445,4.54,1,NO,Tamale
891,892,2026-04-18 18:07:00,VLan40,Sales,Server,HTTPS,444,3.29,3,NO,TAKORADI
892,893,2026-01-05 19:34:00,VLan30,IT,Desktop,SSH,609,1.69,13,NO,TEMA
893,894,2026-02-25 12:57:00,VLan20,Finance,Mobile,DNS,552,2.46,10,NO,Tamale
894,895,2026-01-18 17:52:00,VLan10,HR,Desktop,DNS,654,4.22,14,NO,ACCRA
895,896,2026-01-06 22:09:00,VLan20,Finance,Server,HTTP,241,1.34,7,NO,KUMASI
896,897,2026-02-28 09:06:00,VLan20,Finance,Laptop,FTP,436,0.5,9,NO,TEMA
897,898,2026-02-16 08:13:00,VLan30,IT,Server,FTP,865,2.86,4,NO,KUMASI
898,899,2026-01-27 10:25:00,VLan20,Finance,Mobile,DNS,277,2.84,2,NO,KUMASI
899,900,2026-03-22 18:13:00,VLan30,IT,Laptop,SSH,1053,2.72,3,YES,KUMASI
900,901,2026-02-03 16:52:00,VLan40,Sales,Server,SSH,376,1.76,5,NO,ACCRA
901,902,2026-01-23 19:53:00,VLan20,Finance,Laptop,HTTP,211,4.45,13,NO,ACCRA
902,903,2026-01-18 11:20:00,VLan20,Finance,Laptop,SSH,270,2.38,10,NO,ACCRA
903,904,2026-01-09 17:32:00,VLan20,Finance,Mobile,HTTP,682,4.89,12,NO,TAKORADI
904,905,2026-02-12 12:52:00,VLan30,IT,Desktop,HTTPS,631,4.48,9,NO,TEMA
905,906,2026-04-24 17:50:00,VLan10,HR,Router,SMTP,262,4.56,1,NO,TEMA
906,907,2026-03-13 03:50:00,VLan10,HR,Laptop,SSH,285,4.33,7,NO,Tamale
907,908,2026-04-15 12:10:00,VLan10,HR,Mobile,SMTP,121,4.15,9,NO,KUMASI
908,909,2026-01-24 08:07:00,VLan20,Finance,Router,HTTP,415,3.21,10,NO,Tamale
909,910,2026-04-18 11:25:00,VLan10,HR,Laptop,DNS,613,0.25,8,NO,KUMASI
910,911,2026-04-18 23:58:00,VLan30,IT,Desktop,FTP,750,4.11,2,NO,Tamale
911,912,2026-02-16 19:13:00,VLan20,Finance,Laptop,HTTPS,675,0.16,8,NO,Tamale
912,913,2026-01-23 15:21:00,VLan20,Finance,Server,SSH,473,0.38,14,NO,Tamale
913,914,2026-04-20 10:15:00,VLan10,HR,Laptop,HTTP,494,2.48,11,NO,TEMA
914,915,2026-03-07 22:40:00,VLan20,Finance,Router,FTP,109,1.14,14,NO,KUMASI
915,916,2026-01-07 13:38:00,VLan40,Sales,Mobile,SSH,607,3.38,1,NO,ACCRA
916,917,2026-03-10 09:11:00,VLan10,HR,Laptop,HTTPS,663,3.69,13,NO,KUMASI
917,918,2026-01-30 22:50:00,VLan20,Finance,Laptop,SMTP,264,4.25,6,NO,KUMASI
918,919,2026-04-19 18:46:00,VLan10,HR,Router,SSH,159,0.46,1,NO,TEMA
919,920,2026-03-06 16:15:00,VLan10,HR,Server,SMTP,491,2.43,4,NO,TAKORADI
920,921,2026-04-16 22:30:00,VLan10,HR,Mobile,SSH,479,0.22,15,NO,TAKORADI
921,922,2026-03-28 23:32:00,VLan20,Finance,Laptop,HTTP,515,1.94,9,NO,ACCRA
922,923,2026-02-02 00:22:00,VLan10,HR,Mobile,DNS,592,3.9,1,NO,TEMA
923,924,2026-01-17 05:04:00,VLan10,HR,Router,HTTP,323,3.42,2,NO,TAKORADI
924,925,2026-04-10 01:13:00,VLan20,Finance,Router,HTTP,552,4.65,4,NO,Tamale
925,926,2026-03-31 02:01:00,VLan10,HR,Router,HTTP,190,0.1,8,NO,ACCRA
926,927,2026-02-25 01:15:00,VLan30,IT,Server,SMTP,831,2.53,3,NO,Tamale
927,928,2026-02-19 02:03:00,VLan10,HR,Mobile,SSH,527,2.1,7,NO,TAKORADI
928,929,2026-04-19 00:41:00,VLan30,IT,Laptop,SMTP,1054,2.29,9,NO,ACCRA
929,930,2026-04-14 06:40:00,VLan20,Finance,Desktop,SMTP,146,4.91,12,NO,TAKORADI
930,931,2026-01-28 02:11:00,VLan10,HR,Mobile,HTTPS,201,2.13,7,NO,ACCRA
931,932,2026-03-11 18:25:00,VLan10,HR,Desktop,HTTP,671,1.35,6,NO,Tamale
932,933,2026-02-05 21:45:00,VLan20,Finance,Server,SMTP,411,3.48,8,NO,Tamale
933,934,2026-01-04 09:41:00,VLan10,HR,Laptop,HTTP,217,0.14,12,NO,TEMA
934,935,2026-02-21 07:07:00,VLan40,Sales,Desktop,HTTPS,389,1.29,4,NO,Tamale
935,936,2026-01-12 04:40:00,VLan30,IT,Laptop,DNS,1176,0.89,10,NO,KUMASI
936,937,2026-04-14 10:15:00,VLan20,Finance,Laptop,HTTP,115,2.26,0,NO,Tamale
937,938,2026-02-18 07:03:00,VLan40,Sales,Mobile,DNS,605,2.33,2,NO,TAKORADI
938,939,2026-01-10 06:42:00,VLan40,Sales,Mobile,DNS,406,0.97,12,NO,TAKORADI
939,940,2026-03-09 12:37:00,VLan10,HR,Mobile,SSH,118,3.45,1,NO,TEMA
940,941,2026-03-13 13:48:00,VLan30,IT,Router,SMTP,970,1.59,10,NO,TAKORADI
941,942,2026-02-15 02:05:00,VLan10,HR,Server,SMTP,262,4.05,14,NO,TAKORADI
942,943,2026-01-05 08:54:00,VLan10,HR,Router,SMTP,496,2.21,10,NO,Tamale
943,944,2026-01-19 03:01:00,VLan30,IT,Laptop,HTTPS,962,3.4,1,NO,TEMA
944,945,2026-02-16 15:09:00,VLan10,HR,Laptop,FTP,598,2.38,14,NO,ACCRA
945,946,2026-02-04 15:49:00,VLan10,HR,Server,SMTP,399,1.1,2,NO,KUMASI
946,947,2026-04-20 11:15:00,VLan10,HR,Mobile,HTTPS,591,2.93,0,NO,TAKORADI
947,948,2026-01-09 19:14:00,VLan10,HR,Mobile,FTP,303,2.88,11,NO,TAKORADI
948,949,2026-01-27 16:46:00,VLan20,Finance,Mobile,DNS,598,0.46,1,NO,TAKORADI
949,950,2026-02-11 11:43:00,VLan40,Sales,Server,HTTP,327,4.0,12,NO,TEMA
950,951,2026-04-14 20:03:00,VLan20,Finance,Router,HTTPS,589,3.92,9,NO,TAKORADI
951,952,2026-03-03 17:09:00,VLan30,IT,Mobile,SSH,910,1.3,2,YES,TEMA
952,953,2026-02-23 13:24:00,VLan20,Finance,Desktop,SSH,611,2.76,14,NO,ACCRA
953,954,2026-02-20 14:17:00,VLan10,HR,Desktop,HTTP,293,1.3,11,NO,TEMA
954,955,2026-03-01 23:18:00,VLan40,Sales,Server,DNS,308,3.18,9,NO,TEMA
955,956,2026-02-06 04:41:00,VLan20,Finance,Laptop,SMTP,643,3.16,5,NO,ACCRA
956,957,2026-03-05 22:11:00,VLan10,HR,Server,FTP,503,2.85,3,NO,TAKORADI
957,958,2026-03-10 08:13:00,VLan30,IT,Laptop,SSH,990,0.28,2,YES,Tamale
958,959,2026-04-27 03:44:00,VLan40,Sales,Desktop,DNS,113,0.6,10,NO,TEMA
959,960,2026-03-22 12:05:00,VLan30,IT,Laptop,SSH,1016,1.68,8,YES,ACCRA
960,961,2026-03-05 07:31:00,VLan20,Finance,Desktop,SSH,409,4.58,8,NO,Tamale
961,962,2026-02-26 03:56:00,VLan20,Finance,Desktop,SMTP,691,0.06,0,NO,Tamale
962,963,2026-03-30 15:20:00,VLan10,HR,Laptop,SSH,354,4.77,10,NO,TEMA
963,964,2026-01-19 16:22:00,VLan30,IT,Server,HTTP,591,1.41,7,NO,Tamale
964,965,2026-03-28 21:26:00,VLan20,Finance,Router,DNS,464,1.56,6,NO,KUMASI
965,966,2026-01-31 11:01:00,VLan20,Finance,Router,HTTP,294,4.24,14,NO,Tamale
966,967,2026-04-17 13:17:00,VLan30,IT,Mobile,HTTPS,600,4.3,1,NO,ACCRA
967,968,2026-02-04 20:48:00,VLan20,Finance,Server,SSH,108,0.16,6,NO,Tamale
968,969,2026-03-19 03:36:00,VLan30,IT,Laptop,HTTP,803,4.46,2,NO,KUMASI
969,970,2026-02-15 05:23:00,VLan20,Finance,Server,HTTPS,664,0.76,3,NO,KUMASI
970,971,2026-03-31 14:32:00,VLan30,IT,Desktop,HTTP,922,2.75,5,NO,KUMASI
971,972,2026-01-13 01:47:00,VLan20,Finance,Desktop,HTTPS,558,0.36,0,NO,Tamale
972,973,2026-02-02 04:17:00,VLan10,HR,Server,HTTPS,276,2.93,6,NO,KUMASI
973,974,2026-04-04 12:06:00,VLan20,Finance,Router,FTP,396,4.82,15,NO,KUMASI
974,975,2026-01-09 06:08:00,VLan10,HR,Laptop,DNS,239,2.81,9,NO,Tamale
975,976,2026-02-15 22:34:00,VLan20,Finance,Mobile,SMTP,406,2.6,11,NO,TAKORADI
976,977,2026-04-30 18:29:00,VLan20,Finance,Router,DNS,135,2.61,13,NO,TAKORADI
977,978,2026-01-28 00:42:00,VLan30,IT,Mobile,HTTP,1085,2.62,2,NO,Tamale
978,979,2026-02-17 16:55:00,VLan20,Finance,Desktop,FTP,360,1.18,14,NO,ACCRA
979,980,2026-03-15 22:10:00,VLan30,IT,Server,HTTPS,962,1.56,10,NO,TEMA
980,981,2026-01-17 00:01:00,VLan10,HR,Laptop,FTP,525,3.05,0,NO,TAKORADI
981,982,2026-03-14 04:45:00,VLan10,HR,Router,HTTPS,520,4.89,10,NO,KUMASI
982,983,2026-02-27 09:45:00,VLan40,Sales,Server,FTP,660,1.3,6,NO,Tamale
983,984,2026-04-11 19:53:00,VLan30,IT,Laptop,DNS,952,2.13,0,NO,KUMASI
984,985,2026-04-14 08:22:00,VLan30,IT,Desktop,HTTPS,656,3.3,6,NO,TEMA
985,986,2026-03-19 04:08:00,VLan30,IT,Router,SSH,503,4.26,3,NO,TEMA
986,987,2026-02-08 18:07:00,VLan40,Sales,Desktop,SMTP,654,4.19,9,NO,TAKORADI
987,988,2026-04-18 02:26:00,VLan10,HR,Server,SSH,671,4.52,15,NO,TAKORADI
988,989,2026-03-12 16:10:00,VLan40,Sales,Router,HTTPS,152,1.24,13,NO,KUMASI
989,990,2026-01-10 13:52:00,VLan20,Finance,Mobile,SMTP,572,3.39,2,NO,ACCRA
990,991,2026-02-12 01:46:00,VLan10,HR,Router,HTTPS,250,3.08,4,NO,KUMASI
991,992,2026-01-12 18:01:00,VLan30,IT,Laptop,DNS,911,0.72,13,NO,ACCRA
992,993,2026-01-21 12:43:00,VLan10,HR,Mobile,SMTP,142,0.34,2,NO,ACCRA
993,994,2026-04-12 07:05:00,VLan10,HR,Desktop,HTTP,312,0.64,3,NO,ACCRA
994,995,2026-04-25 10:57:00,VLan20,Finance,Mobile,FTP,563,2.01,2,NO,TEMA
995,996,2026-02-22 05:22:00,VLan10,HR,Desktop,HTTPS,630,0.79,1,NO,Tamale
996,997,2026-01-02 15:04:00,VLan10,HR,Desktop,HTTPS,698,3.19,9,NO,KUMASI
997,998,2026-02-02 08:13:00,VLan10,HR,Laptop,HTTPS,531,1.39,13,NO,TEMA
998,999,2026-04-28 09:46:00,VLan10,HR,Mobile,SSH,557,1.9,9,NO,KUMASI
999,1000,2026-03-28 10:03:00,VLan10,HR,Laptop,DNS,256,4.53,0,NO,KUMASI
1000,1001,2026-03-13 17:07:00,VLan20,Finance,Router,SMTP,585,2.06,4,NO,ACCRA
1001,1002,2026-02-13 15:39:00,VLan40,Sales,Server,SSH,306,3.16,10,NO,ACCRA
1002,1003,2026-03-07 15:16:00,VLan20,Finance,Router,FTP,308,2.7,10,NO,Tamale
1003,1004,2026-01-28 22:08:00,VLan20,Finance,Router,SMTP,462,1.86,12,NO,TEMA
1004,1005,2026-03-13 08:30:00,VLan10,HR,Mobile,DNS,590,3.42,8,NO,ACCRA
1005,1006,2026-03-28 05:52:00,VLan20,Finance,Desktop,DNS,489,1.86,3,NO,TEMA
1006,1007,2026-02-20 23:13:00,VLan10,HR,Laptop,DNS,499,1.9,11,NO,TAKORADI
1007,1008,2026-03-03 20:16:00,VLan10,HR,Laptop,SMTP,208,4.08,8,NO,TAKORADI
1008,1009,2026-02-18 15:58:00,VLan10,HR,Router,DNS,447,2.79,15,NO,KUMASI
1009,1010,2026-01-28 00:03:00,VLan40,Sales,Router,DNS,618,2.06,9,NO,Tamale
1010,1011,2026-04-14 13:45:00,VLan40,Sales,Router,SSH,590,3.16,9,NO,KUMASI
1011,1012,2026-03-02 04:53:00,VLan20,Finance,Server,DNS,366,1.29,7,NO,Tamale
1012,1013,2026-02-13 17:24:00,VLan10,HR,Router,HTTPS,169,3.89,14,NO,TEMA
1013,1014,2026-02-06 19:10:00,VLan40,Sales,Mobile,DNS,618,1.15,7,NO,KUMASI
1014,1015,2026-04-16 21:32:00,VLan30,IT,Laptop,SSH,610,2.32,2,NO,Tamale
1015,1016,2026-03-07 09:19:00,VLan10,HR,Desktop,SMTP,354,0.48,6,NO,KUMASI
1016,1017,2026-03-19 04:13:00,VLan10,HR,Server,HTTPS,173,2.03,11,NO,TEMA
1017,1018,2026-02-10 11:34:00,VLan10,HR,Mobile,SSH,552,4.21,4,NO,TAKORADI
1018,1019,2026-03-23 18:27:00,VLan30,IT,Laptop,DNS,834,0.79,9,NO,TEMA
1019,1020,2026-02-06 00:11:00,VLan10,HR,Router,DNS,559,1.98,8,NO,Tamale
1020,1021,2026-03-21 01:17:00,VLan10,HR,Laptop,HTTP,407,4.36,4,NO,Tamale
1021,1022,2026-02-09 18:42:00,VLan40,Sales,Laptop,HTTPS,382,2.88,10,NO,TEMA
1022,1023,2026-04-14 05:31:00,VLan20,Finance,Desktop,SSH,146,3.32,13,NO,TAKORADI
1023,1024,2026-02-01 13:55:00,VLan20,Finance,Router,HTTPS,317,2.06,14,NO,TEMA
1024,1025,2026-03-08 09:58:00,VLan10,HR,Server,SSH,249,2.33,5,NO,TEMA
1025,1026,2026-03-22 09:17:00,VLan10,HR,Desktop,FTP,308,4.71,7,NO,TEMA
1026,1027,2026-01-06 10:03:00,VLan20,Finance,Server,FTP,362,1.47,1,NO,TEMA
1027,1028,2026-03-19 15:47:00,VLan20,Finance,Desktop,HTTP,120,3.5,9,NO,TEMA
1028,1029,2026-01-12 22:49:00,VLan20,Finance,Desktop,FTP,528,0.96,11,NO,Tamale
1029,1030,2026-03-09 17:59:00,VLan10,HR,Server,SSH,618,0.63,6,NO,TEMA
1030,1031,2026-04-10 15:10:00,VLan20,Finance,Laptop,SSH,603,3.75,0,NO,ACCRA
1031,1032,2026-03-16 01:54:00,VLan30,IT,Router,HTTPS,837,0.29,1,NO,ACCRA
1032,1033,2026-02-11 04:22:00,VLan20,Finance,Router,DNS,462,1.9,10,NO,ACCRA
1033,1034,2026-03-04 15:18:00,VLan40,Sales,Desktop,SSH,419,1.74,11,NO,KUMASI
1034,1035,2026-04-11 19:25:00,VLan10,HR,Router,HTTPS,580,1.6,3,NO,TEMA
1035,1036,2026-02-26 21:15:00,VLan20,Finance,Mobile,SSH,102,2.24,12,NO,TEMA
1036,1037,2026-03-21 14:08:00,VLan40,Sales,Desktop,SMTP,181,1.1,15,NO,ACCRA
1037,1038,2026-01-12 04:00:00,VLan30,IT,Desktop,DNS,1044,1.81,12,NO,TEMA
1038,1039,2026-01-20 13:57:00,VLan20,Finance,Router,FTP,561,3.85,13,NO,TAKORADI
1039,1040,2026-02-27 23:02:00,VLan20,Finance,Server,HTTP,677,1.61,5,NO,Tamale
1040,1041,2026-01-07 02:40:00,VLan20,Finance,Mobile,DNS,228,4.65,1,NO,TEMA
1041,1042,2026-03-29 06:55:00,VLan20,Finance,Desktop,SMTP,250,1.7,5,NO,ACCRA
1042,1043,2026-03-22 14:26:00,VLan10,HR,Router,HTTP,388,3.54,4,NO,Tamale
1043,1044,2026-02-03 05:39:00,VLan40,Sales,Laptop,DNS,382,4.91,2,NO,TAKORADI
1044,1045,2026-04-27 16:34:00,VLan20,Finance,Server,FTP,336,3.28,13,NO,KUMASI
1045,1046,2026-02-11 06:04:00,VLan30,IT,Mobile,DNS,1003,1.95,8,NO,KUMASI
1046,1047,2026-04-05 04:11:00,VLan10,HR,Router,SSH,445,2.91,12,NO,TAKORADI
1047,1048,2026-04-02 22:59:00,VLan20,Finance,Desktop,DNS,556,3.83,5,NO,TAKORADI
1048,1049,2026-01-09 23:58:00,VLan40,Sales,Router,FTP,355,1.44,3,NO,TEMA
1049,1050,2026-03-21 00:05:00,VLan10,HR,Laptop,HTTP,367,3.12,10,NO,KUMASI
1050,1051,2026-03-27 16:06:00,VLan40,Sales,Server,HTTPS,208,2.77,7,NO,TAKORADI
1051,1052,2026-01-22 06:37:00,VLan20,Finance,Server,SMTP,574,1.17,15,NO,KUMASI
1052,1053,2026-01-22 08:40:00,VLan30,IT,Server,FTP,500,1.59,10,NO,TEMA
1053,1054,2026-03-10 10:09:00,VLan30,IT,Mobile,HTTP,679,3.16,14,NO,KUMASI
1054,1055,2026-03-06 23:02:00,VLan30,IT,Laptop,HTTP,662,2.55,8,NO,TAKORADI
1055,1056,2026-04-05 02:59:00,VLan40,Sales,Laptop,SMTP,385,2.52,7,NO,KUMASI
1056,1057,2026-03-11 11:56:00,VLan40,Sales,Desktop,FTP,528,3.99,14,NO,KUMASI
1057,1058,2026-02-08 10:00:00,VLan10,HR,Desktop,SMTP,290,4.2,10,NO,Tamale
1058,1059,2026-01-27 21:31:00,VLan40,Sales,Desktop,SSH,205,0.46,14,NO,ACCRA
1059,1060,2026-02-22 20:55:00,VLan40,Sales,Laptop,FTP,309,1.45,8,NO,Tamale
1060,1061,2026-01-06 20:32:00,VLan10,HR,Router,HTTPS,422,4.41,6,NO,TAKORADI
1061,1062,2026-02-24 08:16:00,VLan20,Finance,Desktop,FTP,239,0.05,14,NO,ACCRA
1062,1063,2026-01-20 02:15:00,VLan10,HR,Router,FTP,401,3.86,12,NO,TAKORADI
1063,1064,2026-02-08 01:15:00,VLan30,IT,Desktop,FTP,688,0.17,6,NO,TEMA
1064,1065,2026-01-27 15:08:00,VLan30,IT,Desktop,HTTP,679,0.3,6,NO,KUMASI
1065,1066,2026-04-01 18:42:00,VLan30,IT,Desktop,SSH,1016,1.63,10,YES,Tamale
1066,1067,2026-03-19 06:11:00,VLan10,HR,Laptop,SSH,392,3.97,14,NO,Tamale
1067,1068,2026-03-17 11:17:00,VLan20,Finance,Laptop,HTTPS,438,0.95,0,NO,KUMASI
1068,1069,2026-04-30 01:19:00,VLan20,Finance,Server,DNS,568,1.94,0,NO,KUMASI
1069,1070,2026-02-28 03:35:00,VLan40,Sales,Server,SMTP,295,0.42,10,NO,TEMA
1070,1071,2026-01-29 03:13:00,VLan40,Sales,Mobile,SSH,359,4.47,8,NO,Tamale
1071,1072,2026-02-17 21:51:00,VLan30,IT,Server,HTTPS,546,4.5,11,NO,Tamale
1072,1073,2026-03-16 23:51:00,VLan30,IT,Mobile,DNS,756,3.4,2,NO,Tamale
1073,1074,2026-04-09 23:01:00,VLan40,Sales,Desktop,SMTP,123,1.99,11,NO,TAKORADI
1074,1075,2026-03-05 05:54:00,VLan10,HR,Laptop,HTTP,370,0.26,13,NO,ACCRA
1075,1076,2026-04-08 12:00:00,VLan40,Sales,Router,HTTPS,619,4.73,2,NO,KUMASI
1076,1077,2026-03-29 11:50:00,VLan10,HR,Server,DNS,315,1.86,4,NO,TAKORADI
1077,1078,2026-02-08 17:35:00,VLan20,Finance,Mobile,SMTP,552,2.59,11,NO,ACCRA
1078,1079,2026-04-19 00:05:00,VLan30,IT,Desktop,HTTP,866,0.35,0,NO,TAKORADI
1079,1080,2026-01-16 02:27:00,VLan40,Sales,Router,DNS,657,2.7,9,NO,TEMA
1080,1081,2026-04-23 18:58:00,VLan40,Sales,Desktop,SMTP,694,1.12,13,NO,ACCRA
1081,1082,2026-04-14 02:33:00,VLan40,Sales,Server,SSH,314,3.49,4,NO,TEMA
1082,1083,2026-02-05 23:39:00,VLan20,Finance,Server,HTTPS,412,1.09,10,NO,KUMASI
1083,1084,2026-03-18 13:40:00,VLan30,IT,Server,DNS,772,1.0,2,NO,KUMASI
1084,1085,2026-04-03 13:12:00,VLan30,IT,Laptop,HTTPS,850,3.89,8,NO,TAKORADI
1085,1086,2026-02-26 23:30:00,VLan40,Sales,Desktop,FTP,511,4.13,12,NO,TEMA
1086,1087,2026-01-16 13:07:00,VLan30,IT,Desktop,SMTP,1077,2.89,12,NO,Tamale
1087,1088,2026-02-15 01:04:00,VLan30,IT,Server,SSH,611,2.58,2,NO,TEMA
1088,1089,2026-01-09 19:33:00,VLan30,IT,Desktop,FTP,594,3.86,13,NO,KUMASI
1089,1090,2026-03-06 08:09:00,VLan30,IT,Server,HTTPS,637,1.32,4,NO,TAKORADI
1090,1091,2026-02-10 21:54:00,VLan10,HR,Server,SSH,238,3.48,14,NO,Tamale
1091,1092,2026-02-02 16:30:00,VLan40,Sales,Laptop,HTTPS,253,2.77,0,NO,ACCRA
1092,1093,2026-02-07 04:31:00,VLan40,Sales,Server,HTTPS,372,4.05,11,NO,TEMA
1093,1094,2026-01-24 11:58:00,VLan20,Finance,Mobile,SSH,182,0.97,6,NO,Tamale
1094,1095,2026-04-19 11:42:00,VLan20,Finance,Router,FTP,646,2.31,7,NO,KUMASI
1095,1096,2026-01-01 06:45:00,VLan40,Sales,Router,FTP,365,1.31,5,NO,TEMA
1096,1097,2026-01-19 00:02:00,VLan30,IT,Desktop,HTTP,1102,0.98,8,NO,TAKORADI
1097,1098,2026-01-30 23:19:00,VLan30,IT,Mobile,HTTPS,1170,4.98,12,NO,Tamale
1098,1099,2026-02-14 03:42:00,VLan30,IT,Desktop,SMTP,839,1.43,9,NO,ACCRA
1099,1100,2026-02-06 14:44:00,VLan10,HR,Desktop,DNS,363,4.2,0,NO,KUMASI
1100,1101,2026-03-16 18:06:00,VLan20,Finance,Mobile,FTP,316,2.97,5,NO,KUMASI
1101,1102,2026-04-09 03:44:00,VLan40,Sales,Server,SMTP,393,1.94,15,NO,KUMASI
1102,1103,2026-02-22 02:38:00,VLan40,Sales,Server,FTP,271,2.51,3,NO,KUMASI
1103,1104,2026-03-24 11:47:00,VLan30,IT,Mobile,SMTP,547,2.05,6,NO,KUMASI
1104,1105,2026-04-07 15:13:00,VLan30,IT,Laptop,SSH,634,2.3,10,NO,KUMASI
1105,1106,2026-02-02 07:01:00,VLan10,HR,Router,FTP,189,1.22,12,NO,ACCRA
1106,1107,2026-01-16 21:14:00,VLan30,IT,Desktop,HTTPS,597,4.78,2,NO,KUMASI
1107,1108,2026-01-05 18:10:00,VLan30,IT,Server,SSH,891,0.63,15,NO,TEMA
1108,1109,2026-02-10 15:52:00,VLan20,Finance,Server,DNS,451,3.26,7,NO,TEMA
1109,1110,2026-04-03 15:48:00,VLan30,IT,Mobile,FTP,867,3.49,2,NO,KUMASI
1110,1111,2026-03-28 02:40:00,VLan30,IT,Laptop,HTTP,704,4.32,3,NO,ACCRA
1111,1112,2026-04-25 01:54:00,VLan30,IT,Router,SMTP,1119,3.71,13,NO,Tamale
1112,1113,2026-03-18 16:10:00,VLan40,Sales,Desktop,SSH,293,2.33,12,NO,TAKORADI
1113,1114,2026-02-05 12:13:00,VLan30,IT,Server,HTTPS,889,3.96,6,NO,ACCRA
1114,1115,2026-02-05 16:18:00,VLan30,IT,Server,SMTP,739,3.51,5,NO,Tamale
1115,1116,2026-01-27 08:58:00,VLan10,HR,Router,SSH,643,4.45,12,NO,TEMA
1116,1117,2026-01-13 10:09:00,VLan20,Finance,Mobile,SMTP,524,1.22,8,NO,TAKORADI
1117,1118,2026-01-03 14:27:00,VLan40,Sales,Server,HTTPS,332,2.52,10,NO,KUMASI
1118,1119,2026-04-30 19:51:00,VLan10,HR,Laptop,HTTP,318,2.68,8,NO,Tamale
1119,1120,2026-02-24 11:10:00,VLan40,Sales,Mobile,FTP,559,0.33,10,NO,TAKORADI
1120,1121,2026-02-16 21:04:00,VLan20,Finance,Laptop,SMTP,342,4.34,9,NO,TEMA
1121,1122,2026-02-21 15:21:00,VLan40,Sales,Mobile,HTTP,578,0.51,10,NO,TEMA
1122,1123,2026-02-12 04:13:00,VLan20,Finance,Router,HTTP,527,1.85,8,NO,KUMASI
1123,1124,2026-03-31 13:04:00,VLan10,HR,Router,FTP,557,4.18,15,NO,ACCRA
1124,1125,2026-01-10 02:47:00,VLan10,HR,Server,SSH,191,2.89,6,NO,KUMASI
1125,1126,2026-01-05 23:31:00,VLan30,IT,Desktop,SMTP,630,3.53,0,NO,ACCRA
1126,1127,2026-01-24 17:28:00,VLan40,Sales,Desktop,HTTP,140,4.78,13,NO,ACCRA
1127,1128,2026-03-19 01:42:00,VLan20,Finance,Mobile,DNS,233,4.38,13,NO,TEMA
1128,1129,2026-01-09 06:46:00,VLan30,IT,Laptop,HTTPS,551,3.1,4,NO,Tamale
1129,1130,2026-03-08 21:04:00,VLan30,IT,Laptop,FTP,791,2.09,11,NO,TEMA
1130,1131,2026-03-24 22:08:00,VLan20,Finance,Router,DNS,317,3.37,5,NO,Tamale
1131,1132,2026-04-10 11:55:00,VLan20,Finance,Server,HTTPS,566,0.58,7,NO,Tamale
1132,1133,2026-02-23 10:46:00,VLan30,IT,Laptop,DNS,574,3.86,13,NO,ACCRA
1133,1134,2026-04-24 03:23:00,VLan10,HR,Router,SSH,305,3.91,4,NO,TAKORADI
1134,1135,2026-04-27 07:08:00,VLan20,Finance,Router,SSH,412,2.47,14,NO,TEMA
1135,1136,2026-02-16 21:19:00,VLan10,HR,Laptop,HTTPS,194,3.43,5,NO,TEMA
1136,1137,2026-03-24 11:27:00,VLan40,Sales,Laptop,HTTPS,407,5.0,6,NO,Tamale
1137,1138,2026-02-10 12:48:00,VLan20,Finance,Router,HTTP,560,4.83,10,NO,Tamale
1138,1139,2026-01-29 10:14:00,VLan10,HR,Router,SMTP,369,3.34,6,NO,TAKORADI
1139,1140,2026-03-09 16:05:00,VLan20,Finance,Server,DNS,183,3.07,15,NO,Tamale
1140,1141,2026-03-11 23:02:00,VLan10,HR,Server,SSH,252,1.94,8,NO,TEMA
1141,1142,2026-02-03 08:00:00,VLan10,HR,Desktop,DNS,436,3.2,13,NO,TAKORADI
1142,1143,2026-03-24 10:48:00,VLan40,Sales,Laptop,SSH,335,0.43,9,NO,ACCRA
1143,1144,2026-02-09 12:15:00,VLan30,IT,Desktop,FTP,552,3.01,13,NO,TEMA
1144,1145,2026-03-09 11:38:00,VLan10,HR,Desktop,SSH,218,0.92,1,NO,TEMA
1145,1146,2026-04-21 09:37:00,VLan10,HR,Mobile,DNS,321,2.81,6,NO,KUMASI
1146,1147,2026-03-09 09:03:00,VLan40,Sales,Desktop,DNS,369,3.3,0,NO,KUMASI
1147,1148,2026-02-07 10:08:00,VLan10,HR,Laptop,SSH,557,1.36,0,NO,TAKORADI
1148,1149,2026-03-09 20:16:00,VLan10,HR,Router,FTP,392,2.3,0,NO,Tamale
1149,1150,2026-01-16 01:33:00,VLan40,Sales,Server,SSH,186,0.84,12,NO,TAKORADI
1150,1151,2026-01-03 03:46:00,VLan20,Finance,Mobile,DNS,291,2.05,8,NO,TEMA
1151,1152,2026-03-08 06:58:00,VLan10,HR,Router,HTTP,515,4.19,14,NO,TAKORADI
1152,1153,2026-02-02 08:00:00,VLan20,Finance,Server,SMTP,393,3.67,12,NO,ACCRA
1153,1154,2026-03-03 10:47:00,VLan30,IT,Laptop,HTTP,676,0.97,12,NO,KUMASI
1154,1155,2026-02-18 23:29:00,VLan10,HR,Mobile,HTTP,533,4.92,10,NO,KUMASI
1155,1156,2026-03-25 03:26:00,VLan40,Sales,Laptop,HTTPS,688,1.79,3,NO,TAKORADI
1156,1157,2026-02-26 04:02:00,VLan20,Finance,Router,HTTP,184,0.3,8,NO,Tamale
1157,1158,2026-03-16 12:09:00,VLan20,Finance,Desktop,SSH,421,2.49,10,NO,TEMA
1158,1159,2026-02-12 13:46:00,VLan30,IT,Router,SMTP,804,3.73,3,NO,Tamale
1159,1160,2026-04-24 02:38:00,VLan20,Finance,Mobile,DNS,185,0.03,1,NO,ACCRA
1160,1161,2026-03-26 20:49:00,VLan20,Finance,Server,HTTP,486,2.14,9,NO,TAKORADI
1161,1162,2026-04-02 16:24:00,VLan30,IT,Router,SMTP,605,1.36,13,NO,TAKORADI
1162,1163,2026-01-03 05:23:00,VLan20,Finance,Router,DNS,338,0.64,10,NO,TAKORADI
1163,1164,2026-01-23 23:50:00,VLan40,Sales,Desktop,HTTPS,169,2.59,4,NO,TAKORADI
1164,1165,2026-01-23 22:36:00,VLan20,Finance,Mobile,HTTP,400,3.58,4,NO,TEMA
1165,1166,2026-01-03 18:51:00,VLan30,IT,Mobile,HTTP,581,2.22,4,NO,TAKORADI
1166,1167,2026-01-09 06:15:00,VLan30,IT,Server,SMTP,605,0.4,1,NO,ACCRA
1167,1168,2026-04-17 06:32:00,VLan20,Finance,Laptop,HTTPS,649,2.3,8,NO,TAKORADI
1168,1169,2026-01-20 14:34:00,VLan30,IT,Mobile,HTTP,853,0.33,12,NO,Tamale
1169,1170,2026-01-11 15:37:00,VLan10,HR,Desktop,SSH,232,0.96,8,NO,ACCRA
1170,1171,2026-03-09 12:01:00,VLan30,IT,Server,FTP,617,4.48,2,NO,TEMA
1171,1172,2026-02-08 20:39:00,VLan10,HR,Server,HTTP,200,4.65,15,NO,KUMASI
1172,1173,2026-01-07 19:53:00,VLan20,Finance,Desktop,HTTP,294,3.05,14,NO,ACCRA
1173,1174,2026-01-14 16:50:00,VLan40,Sales,Server,SMTP,491,0.56,8,NO,KUMASI
1174,1175,2026-04-14 01:49:00,VLan10,HR,Laptop,SMTP,495,4.03,5,NO,ACCRA
1175,1176,2026-03-16 06:37:00,VLan20,Finance,Desktop,FTP,207,3.1,12,NO,TAKORADI
1176,1177,2026-03-15 14:36:00,VLan20,Finance,Desktop,SMTP,397,4.98,5,NO,KUMASI
1177,1178,2026-04-28 19:21:00,VLan30,IT,Server,HTTPS,854,3.25,1,NO,TEMA
1178,1179,2026-04-11 07:19:00,VLan10,HR,Router,SSH,636,0.67,9,NO,TAKORADI
1179,1180,2026-02-13 00:39:00,VLan40,Sales,Desktop,HTTP,672,0.52,9,NO,KUMASI
1180,1181,2026-04-12 20:12:00,VLan30,IT,Router,DNS,1141,4.53,3,NO,ACCRA
1181,1182,2026-03-16 00:39:00,VLan40,Sales,Mobile,SSH,650,1.68,1,NO,ACCRA
1182,1183,2026-01-29 15:25:00,VLan30,IT,Mobile,FTP,685,1.91,14,NO,KUMASI
1183,1184,2026-01-04 07:28:00,VLan20,Finance,Router,SSH,272,4.93,3,NO,TEMA
1184,1185,2026-03-18 15:57:00,VLan30,IT,Server,FTP,908,2.99,8,YES,ACCRA
1185,1186,2026-01-07 23:44:00,VLan40,Sales,Mobile,DNS,500,2.9,12,NO,TAKORADI
1186,1187,2026-02-19 12:43:00,VLan10,HR,Mobile,FTP,700,4.68,3,NO,TAKORADI
1187,1188,2026-01-03 23:10:00,VLan30,IT,Laptop,DNS,702,2.75,0,NO,KUMASI
1188,1189,2026-03-06 20:58:00,VLan30,IT,Laptop,SSH,1006,2.04,14,YES,ACCRA
1189,1190,2026-01-14 06:32:00,VLan30,IT,Server,FTP,1164,4.45,13,YES,Tamale
1190,1191,2026-04-25 11:53:00,VLan20,Finance,Router,FTP,688,1.19,2,NO,KUMASI
1191,1192,2026-03-25 07:47:00,VLan20,Finance,Laptop,HTTPS,141,1.86,13,NO,KUMASI
1192,1193,2026-01-06 15:41:00,VLan40,Sales,Router,HTTPS,140,0.26,2,NO,ACCRA
1193,1194,2026-03-26 20:39:00,VLan10,HR,Desktop,SSH,234,3.61,10,NO,Tamale
1194,1195,2026-01-07 18:15:00,VLan30,IT,Mobile,SMTP,919,4.19,11,NO,TEMA
1195,1196,2026-03-13 18:39:00,VLan20,Finance,Router,FTP,379,3.55,15,NO,Tamale
1196,1197,2026-03-21 06:56:00,VLan10,HR,Router,DNS,168,4.49,8,NO,TAKORADI
1197,1198,2026-02-03 20:32:00,VLan20,Finance,Laptop,SSH,699,3.48,0,NO,ACCRA
1198,1199,2026-03-21 00:36:00,VLan20,Finance,Mobile,HTTPS,329,3.31,3,NO,ACCRA
1199,1200,2026-03-27 02:49:00,VLan30,IT,Desktop,DNS,522,0.67,3,NO,TAKORADI
1200,1201,2026-04-13 05:21:00,VLan40,Sales,Server,FTP,514,0.65,0,NO,KUMASI
1201,1202,2026-04-10 20:00:00,VLan10,HR,Desktop,HTTPS,189,3.93,4,NO,KUMASI
1202,1203,2026-04-19 10:00:00,VLan20,Finance,Server,SSH,339,1.32,1,NO,Tamale
1203,1204,2026-01-25 14:38:00,VLan40,Sales,Desktop,SMTP,481,0.74,5,NO,ACCRA
1204,1205,2026-04-12 14:14:00,VLan10,HR,Server,HTTP,154,3.99,14,NO,TEMA
1205,1206,2026-02-22 05:07:00,VLan40,Sales,Router,SMTP,602,1.15,15,NO,TEMA
1206,1207,2026-04-20 05:22:00,VLan40,Sales,Mobile,DNS,552,3.33,9,NO,Tamale
1207,1208,2026-01-01 20:54:00,VLan40,Sales,Router,SMTP,188,0.14,5,NO,TAKORADI
1208,1209,2026-03-01 01:15:00,VLan20,Finance,Router,SSH,149,4.58,4,NO,Tamale
1209,1210,2026-03-17 08:02:00,VLan30,IT,Mobile,HTTPS,1021,0.81,1,NO,TAKORADI
1210,1211,2026-01-20 10:58:00,VLan20,Finance,Mobile,SSH,665,4.11,5,NO,Tamale
1211,1212,2026-04-06 23:49:00,VLan30,IT,Desktop,SMTP,773,1.02,6,NO,TAKORADI
1212,1213,2026-03-06 19:18:00,VLan20,Finance,Router,HTTP,248,0.23,12,NO,ACCRA
1213,1214,2026-01-09 18:09:00,VLan10,HR,Desktop,SSH,261,4.06,12,NO,Tamale
1214,1215,2026-01-05 21:20:00,VLan10,HR,Server,DNS,452,3.9,11,NO,TEMA
1215,1216,2026-02-26 07:15:00,VLan40,Sales,Laptop,HTTPS,284,1.43,4,NO,TAKORADI
1216,1217,2026-03-28 13:54:00,VLan40,Sales,Laptop,HTTP,415,0.16,8,NO,ACCRA
1217,1218,2026-02-16 05:30:00,VLan30,IT,Server,SSH,1096,2.19,1,YES,Tamale
1218,1219,2026-01-05 02:08:00,VLan40,Sales,Router,HTTP,570,1.68,3,NO,ACCRA
1219,1220,2026-03-18 03:55:00,VLan10,HR,Router,SMTP,301,4.11,3,NO,TAKORADI
1220,1221,2026-04-29 03:50:00,VLan10,HR,Laptop,HTTP,651,2.61,13,NO,ACCRA
1221,1222,2026-03-09 12:37:00,VLan20,Finance,Desktop,HTTPS,506,3.35,13,NO,ACCRA
1222,1223,2026-04-13 10:13:00,VLan30,IT,Server,FTP,1134,3.9,3,YES,TEMA
1223,1224,2026-01-04 02:59:00,VLan30,IT,Mobile,DNS,1008,1.35,3,NO,Tamale
1224,1225,2026-04-11 19:01:00,VLan20,Finance,Laptop,DNS,446,4.75,13,NO,Tamale
1225,1226,2026-04-24 18:44:00,VLan40,Sales,Mobile,HTTP,437,0.83,1,NO,ACCRA
1226,1227,2026-02-26 19:10:00,VLan20,Finance,Laptop,HTTP,139,1.16,13,NO,KUMASI
1227,1228,2026-03-06 13:36:00,VLan40,Sales,Mobile,HTTP,699,2.2,9,NO,KUMASI
1228,1229,2026-02-25 05:10:00,VLan10,HR,Router,HTTPS,228,3.06,8,NO,Tamale
1229,1230,2026-02-07 14:03:00,VLan10,HR,Laptop,DNS,556,0.16,0,NO,KUMASI
1230,1231,2026-02-03 19:21:00,VLan40,Sales,Laptop,FTP,229,4.85,3,NO,TAKORADI
1231,1232,2026-03-29 23:43:00,VLan10,HR,Mobile,HTTPS,260,4.11,3,NO,ACCRA
1232,1233,2026-04-23 23:36:00,VLan20,Finance,Desktop,HTTP,395,2.06,5,NO,TAKORADI
1233,1234,2026-03-15 20:27:00,VLan10,HR,Laptop,FTP,553,3.48,4,NO,TEMA
1234,1235,2026-04-05 03:41:00,VLan30,IT,Router,HTTP,793,1.79,12,NO,TAKORADI
1235,1236,2026-04-04 12:03:00,VLan20,Finance,Desktop,SMTP,554,4.57,2,NO,TAKORADI
1236,1237,2026-03-15 08:57:00,VLan20,Finance,Mobile,SSH,437,2.01,0,NO,TAKORADI
1237,1238,2026-04-09 01:06:00,VLan10,HR,Mobile,SSH,437,2.57,4,NO,TAKORADI
1238,1239,2026-03-02 19:39:00,VLan30,IT,Desktop,FTP,1009,2.39,15,YES,TAKORADI
1239,1240,2026-02-11 16:11:00,VLan40,Sales,Laptop,FTP,292,2.54,0,NO,Tamale
1240,1241,2026-04-19 09:12:00,VLan30,IT,Laptop,DNS,969,2.54,10,NO,KUMASI
1241,1242,2026-01-07 23:59:00,VLan30,IT,Server,DNS,698,2.2,7,NO,TAKORADI
1242,1243,2026-04-25 06:46:00,VLan30,IT,Server,HTTPS,862,3.97,9,NO,TAKORADI
1243,1244,2026-02-27 04:07:00,VLan20,Finance,Laptop,SMTP,266,1.04,15,NO,TAKORADI
1244,1245,2026-02-21 11:16:00,VLan40,Sales,Desktop,SMTP,485,2.48,7,NO,KUMASI
1245,1246,2026-04-26 21:25:00,VLan40,Sales,Router,FTP,326,1.7,11,NO,KUMASI
1246,1247,2026-04-10 09:16:00,VLan30,IT,Router,SMTP,835,4.54,13,NO,Tamale
1247,1248,2026-04-23 08:44:00,VLan20,Finance,Mobile,HTTPS,268,4.88,3,NO,TAKORADI
1248,1249,2026-01-25 01:13:00,VLan20,Finance,Server,SMTP,398,1.77,14,NO,TEMA
1249,1250,2026-01-29 12:06:00,VLan30,IT,Laptop,HTTPS,954,0.08,10,NO,TEMA
1250,1251,2026-03-19 11:50:00,VLan30,IT,Server,FTP,1031,4.26,4,YES,ACCRA
1251,1252,2026-01-19 01:09:00,VLan30,IT,Laptop,DNS,646,2.81,6,NO,KUMASI
1252,1253,2026-04-09 02:18:00,VLan10,HR,Router,HTTPS,240,2.07,5,NO,KUMASI
1253,1254,2026-03-12 10:26:00,VLan40,Sales,Router,SMTP,383,3.12,3,NO,Tamale
1254,1255,2026-03-16 20:28:00,VLan40,Sales,Mobile,HTTPS,438,1.12,6,NO,TEMA
1255,1256,2026-02-27 21:50:00,VLan40,Sales,Desktop,HTTPS,245,2.57,2,NO,TEMA
1256,1257,2026-01-08 15:09:00,VLan30,IT,Laptop,SSH,1112,2.84,5,YES,KUMASI
1257,1258,2026-02-02 10:29:00,VLan30,IT,Mobile,DNS,1137,1.93,2,NO,TAKORADI
1258,1259,2026-03-08 03:22:00,VLan10,HR,Server,HTTP,486,0.42,9,NO,KUMASI
1259,1260,2026-01-29 15:43:00,VLan10,HR,Desktop,SMTP,249,2.05,2,NO,Tamale
1260,1261,2026-04-01 15:33:00,VLan30,IT,Router,HTTPS,1075,4.66,3,NO,Tamale
1261,1262,2026-02-27 23:09:00,VLan30,IT,Mobile,HTTP,907,0.27,0,NO,Tamale
1262,1263,2026-04-24 10:52:00,VLan30,IT,Desktop,SSH,636,0.7,15,NO,KUMASI
1263,1264,2026-02-24 12:44:00,VLan20,Finance,Router,FTP,241,3.75,7,NO,TAKORADI
1264,1265,2026-02-24 04:41:00,VLan10,HR,Desktop,FTP,521,1.06,4,NO,ACCRA
1265,1266,2026-04-22 17:56:00,VLan30,IT,Desktop,DNS,768,0.08,1,NO,TAKORADI
1266,1267,2026-01-06 06:21:00,VLan40,Sales,Server,FTP,682,1.5,6,NO,TAKORADI
1267,1268,2026-03-11 08:26:00,VLan30,IT,Router,HTTPS,606,1.85,2,NO,TAKORADI
1268,1269,2026-01-19 02:03:00,VLan40,Sales,Router,HTTPS,455,4.21,13,NO,KUMASI
1269,1270,2026-01-11 12:34:00,VLan10,HR,Laptop,HTTPS,118,1.55,9,NO,Tamale
1270,1271,2026-03-13 13:19:00,VLan20,Finance,Router,HTTP,373,1.44,5,NO,ACCRA
1271,1272,2026-03-09 00:54:00,VLan10,HR,Laptop,SMTP,390,4.34,4,NO,Tamale
1272,1273,2026-04-26 10:32:00,VLan10,HR,Server,SSH,575,2.74,1,NO,KUMASI
1273,1274,2026-03-26 08:46:00,VLan30,IT,Router,SSH,1034,4.0,14,YES,TEMA
1274,1275,2026-02-01 15:58:00,VLan20,Finance,Mobile,DNS,641,2.64,15,NO,ACCRA
1275,1276,2026-02-20 06:20:00,VLan40,Sales,Server,HTTPS,161,3.46,4,NO,TEMA
1276,1277,2026-02-01 21:09:00,VLan20,Finance,Desktop,SMTP,145,2.81,8,NO,TEMA
1277,1278,2026-04-10 08:44:00,VLan40,Sales,Server,SSH,415,4.67,1,NO,TAKORADI
1278,1279,2026-02-10 03:15:00,VLan30,IT,Desktop,SSH,983,0.71,14,YES,Tamale
1279,1280,2026-01-21 08:21:00,VLan10,HR,Mobile,HTTPS,386,4.96,5,NO,KUMASI
1280,1281,2026-02-05 16:11:00,VLan40,Sales,Laptop,SSH,419,4.86,15,NO,TEMA
1281,1282,2026-02-01 17:06:00,VLan40,Sales,Laptop,HTTPS,507,4.22,6,NO,ACCRA
1282,1283,2026-03-19 04:29:00,VLan20,Finance,Server,DNS,248,0.01,2,NO,TAKORADI
1283,1284,2026-03-24 23:29:00,VLan40,Sales,Laptop,FTP,505,1.67,1,NO,Tamale
1284,1285,2026-04-06 01:59:00,VLan40,Sales,Desktop,SMTP,506,3.09,9,NO,Tamale
1285,1286,2026-01-10 01:43:00,VLan10,HR,Mobile,HTTPS,602,0.38,5,NO,KUMASI
1286,1287,2026-01-29 06:44:00,VLan40,Sales,Server,HTTPS,324,4.13,8,NO,ACCRA
1287,1288,2026-02-09 15:05:00,VLan20,Finance,Laptop,HTTPS,381,4.71,8,NO,ACCRA
1288,1289,2026-01-29 14:27:00,VLan30,IT,Router,SSH,841,2.47,9,NO,KUMASI
1289,1290,2026-02-06 00:10:00,VLan10,HR,Laptop,SMTP,521,3.31,11,NO,KUMASI
1290,1291,2026-04-19 08:28:00,VLan10,HR,Laptop,HTTP,106,4.72,12,NO,TAKORADI
1291,1292,2026-03-13 00:08:00,VLan20,Finance,Desktop,HTTPS,244,4.63,6,NO,Tamale
1292,1293,2026-02-12 12:53:00,VLan30,IT,Laptop,FTP,689,4.43,4,NO,KUMASI
1293,1294,2026-02-12 18:13:00,VLan20,Finance,Router,HTTPS,538,0.3,6,NO,Tamale
1294,1295,2026-03-19 20:56:00,VLan40,Sales,Mobile,DNS,420,0.11,2,NO,TEMA
1295,1296,2026-03-30 09:10:00,VLan10,HR,Laptop,HTTPS,152,4.22,14,NO,TAKORADI
1296,1297,2026-02-20 00:57:00,VLan20,Finance,Server,HTTP,134,0.02,2,NO,TAKORADI
1297,1298,2026-01-15 22:54:00,VLan20,Finance,Laptop,SSH,624,3.94,2,NO,Tamale
1298,1299,2026-02-18 23:24:00,VLan40,Sales,Desktop,HTTPS,678,2.8,13,NO,ACCRA
1299,1300,2026-02-13 22:11:00,VLan30,IT,Server,SMTP,880,0.11,2,NO,ACCRA
1300,1301,2026-03-07 23:19:00,VLan30,IT,Server,HTTP,731,1.27,14,NO,Tamale
1301,1302,2026-04-08 10:41:00,VLan10,HR,Mobile,SMTP,103,4.19,0,NO,ACCRA
1302,1303,2026-04-16 10:49:00,VLan30,IT,Desktop,SSH,1191,0.39,9,YES,Tamale
1303,1304,2026-02-27 01:19:00,VLan20,Finance,Laptop,DNS,150,0.51,11,NO,Tamale
1304,1305,2026-02-18 00:29:00,VLan20,Finance,Desktop,HTTPS,646,1.54,6,NO,ACCRA
1305,1306,2026-04-15 08:06:00,VLan20,Finance,Server,HTTPS,447,3.19,8,NO,Tamale
1306,1307,2026-04-27 09:19:00,VLan30,IT,Desktop,HTTP,768,3.4,14,NO,ACCRA
1307,1308,2026-02-23 17:40:00,VLan10,HR,Mobile,HTTP,552,3.21,15,NO,KUMASI
1308,1309,2026-04-09 05:25:00,VLan40,Sales,Desktop,HTTP,251,4.11,12,NO,Tamale
1309,1310,2026-01-30 01:43:00,VLan30,IT,Mobile,HTTP,776,4.26,13,NO,TAKORADI
1310,1311,2026-04-08 08:24:00,VLan30,IT,Laptop,DNS,560,2.87,1,NO,KUMASI
1311,1312,2026-02-01 00:25:00,VLan10,HR,Laptop,FTP,599,0.26,8,NO,TEMA
1312,1313,2026-03-05 19:17:00,VLan20,Finance,Router,HTTP,351,2.46,10,NO,ACCRA
1313,1314,2026-01-11 22:54:00,VLan30,IT,Laptop,SMTP,1065,0.86,9,NO,ACCRA
1314,1315,2026-02-13 03:19:00,VLan40,Sales,Mobile,FTP,277,0.16,0,NO,KUMASI
1315,1316,2026-03-22 03:48:00,VLan40,Sales,Router,FTP,610,1.95,14,NO,KUMASI
1316,1317,2026-01-07 16:45:00,VLan40,Sales,Laptop,SMTP,209,3.11,11,NO,KUMASI
1317,1318,2026-01-26 15:40:00,VLan20,Finance,Router,SMTP,262,1.47,15,NO,ACCRA
1318,1319,2026-03-24 20:50:00,VLan40,Sales,Desktop,HTTP,433,0.71,8,NO,ACCRA
1319,1320,2026-02-20 19:42:00,VLan40,Sales,Server,HTTP,431,2.31,15,NO,Tamale
1320,1321,2026-04-01 00:30:00,VLan40,Sales,Server,HTTPS,187,0.15,9,NO,Tamale
1321,1322,2026-01-03 00:52:00,VLan20,Finance,Desktop,DNS,608,0.89,6,NO,Tamale
1322,1323,2026-01-04 02:53:00,VLan10,HR,Desktop,DNS,219,0.24,15,NO,ACCRA
1323,1324,2026-01-16 13:55:00,VLan20,Finance,Router,HTTP,174,3.52,2,NO,KUMASI
1324,1325,2026-02-05 17:36:00,VLan10,HR,Mobile,HTTP,213,1.4,12,NO,ACCRA
1325,1326,2026-04-26 05:29:00,VLan30,IT,Server,FTP,500,1.98,10,NO,ACCRA
1326,1327,2026-03-03 11:24:00,VLan10,HR,Mobile,DNS,477,1.31,9,NO,TEMA
1327,1328,2026-03-23 13:32:00,VLan40,Sales,Server,SMTP,207,4.93,13,NO,Tamale
1328,1329,2026-04-17 15:49:00,VLan20,Finance,Laptop,SSH,198,0.08,1,NO,TEMA
1329,1330,2026-01-18 11:59:00,VLan40,Sales,Laptop,SSH,102,0.29,0,NO,Tamale
1330,1331,2026-04-21 11:08:00,VLan10,HR,Server,HTTP,682,3.72,0,NO,TAKORADI
1331,1332,2026-02-19 19:46:00,VLan10,HR,Laptop,FTP,446,2.04,3,NO,TAKORADI
1332,1333,2026-04-25 04:43:00,VLan10,HR,Router,SMTP,413,0.0,8,NO,Tamale
1333,1334,2026-04-10 16:36:00,VLan20,Finance,Server,SMTP,194,1.23,10,NO,TEMA
1334,1335,2026-01-08 00:17:00,VLan10,HR,Router,DNS,641,2.85,8,NO,KUMASI
1335,1336,2026-03-04 16:01:00,VLan40,Sales,Router,DNS,333,0.45,6,NO,Tamale
1336,1337,2026-01-05 08:16:00,VLan20,Finance,Mobile,SMTP,662,1.68,15,NO,Tamale
1337,1338,2026-02-27 20:46:00,VLan40,Sales,Laptop,SSH,335,0.84,10,NO,Tamale
1338,1339,2026-01-09 02:41:00,VLan40,Sales,Desktop,SSH,317,0.78,10,NO,TEMA
1339,1340,2026-04-03 14:58:00,VLan40,Sales,Server,DNS,441,3.12,12,NO,Tamale
1340,1341,2026-04-08 21:59:00,VLan20,Finance,Desktop,DNS,649,4.02,11,NO,ACCRA
1341,1342,2026-03-21 13:54:00,VLan20,Finance,Router,HTTPS,665,3.0,14,NO,TAKORADI
1342,1343,2026-04-29 06:56:00,VLan10,HR,Router,HTTPS,200,3.59,9,NO,ACCRA
1343,1344,2026-02-17 09:31:00,VLan40,Sales,Desktop,FTP,145,2.68,9,NO,TAKORADI
1344,1345,2026-04-11 11:23:00,VLan10,HR,Mobile,FTP,341,2.87,11,NO,TEMA
1345,1346,2026-02-11 05:01:00,VLan30,IT,Server,FTP,1024,2.16,2,YES,ACCRA
1346,1347,2026-02-05 03:27:00,VLan30,IT,Laptop,HTTP,866,1.58,11,NO,Tamale
1347,1348,2026-02-15 07:13:00,VLan40,Sales,Desktop,HTTPS,615,0.79,8,NO,TEMA
1348,1349,2026-01-16 16:20:00,VLan30,IT,Router,HTTP,826,4.06,2,NO,ACCRA
1349,1350,2026-03-22 14:56:00,VLan30,IT,Mobile,SSH,1073,4.86,5,YES,TAKORADI
1350,1351,2026-04-08 19:33:00,VLan20,Finance,Laptop,SSH,635,0.39,3,NO,TAKORADI
1351,1352,2026-04-30 16:45:00,VLan30,IT,Desktop,FTP,645,0.31,3,NO,TAKORADI
1352,1353,2026-04-21 18:50:00,VLan40,Sales,Server,SMTP,114,3.62,6,NO,Tamale
1353,1354,2026-03-21 20:13:00,VLan40,Sales,Server,HTTPS,238,1.6,14,NO,Tamale
1354,1355,2026-02-09 17:33:00,VLan10,HR,Router,SMTP,659,2.01,1,NO,ACCRA
1355,1356,2026-03-09 19:41:00,VLan40,Sales,Mobile,DNS,251,1.92,9,NO,ACCRA
1356,1357,2026-03-06 04:27:00,VLan10,HR,Server,HTTPS,365,1.86,3,NO,Tamale
1357,1358,2026-01-14 13:43:00,VLan10,HR,Server,FTP,332,0.29,12,NO,Tamale
1358,1359,2026-02-14 21:29:00,VLan10,HR,Laptop,HTTPS,194,1.72,0,NO,ACCRA
1359,1360,2026-04-22 18:20:00,VLan30,IT,Desktop,SSH,1057,3.68,0,YES,ACCRA
1360,1361,2026-02-17 07:20:00,VLan40,Sales,Router,HTTP,164,1.69,9,NO,TEMA
1361,1362,2026-01-07 07:03:00,VLan40,Sales,Desktop,FTP,207,3.47,0,NO,TEMA
1362,1363,2026-04-15 01:23:00,VLan40,Sales,Mobile,SSH,128,0.6,3,NO,ACCRA
1363,1364,2026-01-22 10:57:00,VLan30,IT,Mobile,HTTP,508,4.01,3,NO,TAKORADI
1364,1365,2026-04-21 12:02:00,VLan30,IT,Laptop,DNS,923,3.73,0,NO,KUMASI
1365,1366,2026-04-30 03:38:00,VLan40,Sales,Laptop,HTTPS,291,0.14,2,NO,Tamale
1366,1367,2026-01-07 04:37:00,VLan20,Finance,Mobile,FTP,406,4.56,2,NO,ACCRA
1367,1368,2026-02-07 14:06:00,VLan40,Sales,Mobile,FTP,690,2.82,1,NO,TAKORADI
1368,1369,2026-03-28 05:38:00,VLan40,Sales,Server,HTTPS,659,2.72,13,NO,ACCRA
1369,1370,2026-03-25 01:32:00,VLan30,IT,Laptop,DNS,1198,2.99,3,NO,ACCRA
1370,1371,2026-04-27 04:11:00,VLan40,Sales,Mobile,SSH,684,2.12,7,NO,ACCRA
1371,1372,2026-02-05 22:17:00,VLan30,IT,Server,HTTP,921,1.07,11,NO,ACCRA
1372,1373,2026-03-06 22:26:00,VLan20,Finance,Router,HTTPS,503,2.05,11,NO,Tamale
1373,1374,2026-03-04 01:33:00,VLan20,Finance,Router,SSH,161,0.67,9,NO,Tamale
1374,1375,2026-02-15 20:11:00,VLan30,IT,Server,FTP,631,2.75,11,NO,TEMA
1375,1376,2026-01-22 07:37:00,VLan40,Sales,Router,SSH,643,3.15,10,NO,Tamale
1376,1377,2026-04-18 15:49:00,VLan10,HR,Router,SSH,140,3.05,12,NO,ACCRA
1377,1378,2026-04-03 22:18:00,VLan10,HR,Desktop,FTP,226,1.09,10,NO,Tamale
1378,1379,2026-03-22 09:20:00,VLan20,Finance,Router,FTP,564,1.69,11,NO,TAKORADI
1379,1380,2026-04-26 23:07:00,VLan10,HR,Mobile,DNS,319,2.29,5,NO,Tamale
1380,1381,2026-02-08 20:14:00,VLan10,HR,Mobile,SSH,447,4.69,15,NO,TAKORADI
1381,1382,2026-03-15 07:57:00,VLan30,IT,Server,HTTPS,785,3.43,10,NO,TAKORADI
1382,1383,2026-03-04 15:44:00,VLan40,Sales,Desktop,SMTP,305,1.35,11,NO,Tamale
1383,1384,2026-01-11 23:21:00,VLan40,Sales,Desktop,FTP,218,4.59,13,NO,KUMASI
1384,1385,2026-01-31 07:39:00,VLan10,HR,Laptop,SMTP,631,0.15,10,NO,ACCRA
1385,1386,2026-01-19 02:24:00,VLan30,IT,Router,FTP,514,2.23,8,NO,KUMASI
1386,1387,2026-04-01 05:21:00,VLan10,HR,Mobile,FTP,688,1.03,8,NO,TEMA
1387,1388,2026-04-08 11:16:00,VLan40,Sales,Desktop,DNS,133,0.93,6,NO,ACCRA
1388,1389,2026-03-01 14:00:00,VLan20,Finance,Server,DNS,610,2.76,8,NO,KUMASI
1389,1390,2026-02-09 16:01:00,VLan40,Sales,Server,SSH,620,2.18,8,NO,Tamale
1390,1391,2026-01-18 13:10:00,VLan30,IT,Router,SSH,1193,3.92,14,YES,ACCRA
1391,1392,2026-01-10 07:34:00,VLan30,IT,Desktop,FTP,757,2.26,11,NO,Tamale
1392,1393,2026-03-12 13:05:00,VLan20,Finance,Mobile,SMTP,618,0.97,15,NO,Tamale
1393,1394,2026-04-13 05:52:00,VLan20,Finance,Server,HTTP,524,2.2,14,NO,Tamale
1394,1395,2026-03-02 22:19:00,VLan40,Sales,Router,HTTPS,655,2.54,1,NO,KUMASI
1395,1396,2026-01-10 11:17:00,VLan10,HR,Laptop,SMTP,541,3.28,1,NO,ACCRA
1396,1397,2026-04-27 12:17:00,VLan10,HR,Server,SSH,243,3.22,9,NO,ACCRA
1397,1398,2026-03-08 17:23:00,VLan40,Sales,Router,SSH,102,4.3,6,NO,KUMASI
1398,1399,2026-01-11 07:30:00,VLan10,HR,Desktop,HTTP,298,2.94,11,NO,TAKORADI
1399,1400,2026-03-21 20:17:00,VLan20,Finance,Server,HTTPS,459,1.42,1,NO,TEMA
1400,1401,2026-01-26 07:15:00,VLan20,Finance,Router,SMTP,405,2.51,3,NO,TEMA
1401,1402,2026-04-27 20:46:00,VLan30,IT,Desktop,SSH,1134,2.51,3,YES,KUMASI
1402,1403,2026-02-28 03:37:00,VLan40,Sales,Server,SSH,596,1.24,7,NO,TAKORADI
1403,1404,2026-04-24 09:14:00,VLan10,HR,Mobile,HTTP,400,1.21,7,NO,KUMASI
1404,1405,2026-02-07 20:45:00,VLan20,Finance,Laptop,DNS,440,1.96,8,NO,TAKORADI
1405,1406,2026-01-14 21:42:00,VLan20,Finance,Server,SMTP,604,4.6,9,NO,Tamale
1406,1407,2026-01-05 18:22:00,VLan40,Sales,Server,SSH,520,1.14,7,NO,Tamale
1407,1408,2026-03-21 00:13:00,VLan20,Finance,Mobile,SSH,306,2.21,4,NO,KUMASI
1408,1409,2026-03-22 15:31:00,VLan30,IT,Router,SMTP,1159,4.36,2,NO,TAKORADI
1409,1410,2026-01-22 23:54:00,VLan30,IT,Mobile,SMTP,522,4.64,15,NO,KUMASI
1410,1411,2026-03-26 00:16:00,VLan10,HR,Router,SSH,352,2.72,15,NO,Tamale
1411,1412,2026-03-26 21:38:00,VLan30,IT,Laptop,SMTP,606,0.84,7,NO,Tamale
1412,1413,2026-02-17 07:49:00,VLan40,Sales,Desktop,DNS,570,1.4,1,NO,TEMA
1413,1414,2026-03-02 08:04:00,VLan40,Sales,Router,HTTP,665,4.42,7,NO,ACCRA
1414,1415,2026-03-28 20:14:00,VLan30,IT,Server,DNS,1136,4.34,0,NO,Tamale
1415,1416,2026-03-08 16:39:00,VLan10,HR,Desktop,HTTPS,501,2.16,15,NO,TEMA
1416,1417,2026-02-25 21:38:00,VLan30,IT,Desktop,DNS,1161,2.84,15,NO,TAKORADI
1417,1418,2026-01-20 14:54:00,VLan40,Sales,Mobile,SMTP,615,4.76,14,NO,Tamale
1418,1419,2026-01-10 01:22:00,VLan20,Finance,Desktop,SSH,244,1.38,9,NO,TAKORADI
1419,1420,2026-04-05 16:21:00,VLan40,Sales,Router,SSH,122,0.75,14,NO,Tamale
1420,1421,2026-03-23 08:14:00,VLan20,Finance,Laptop,HTTPS,513,3.57,8,NO,Tamale
1421,1422,2026-02-09 08:32:00,VLan20,Finance,Server,SMTP,340,1.54,4,NO,TAKORADI
1422,1423,2026-02-24 03:26:00,VLan40,Sales,Laptop,SMTP,636,0.43,7,NO,TAKORADI
1423,1424,2026-01-11 10:29:00,VLan30,IT,Server,HTTPS,1034,4.04,1,NO,TAKORADI
1424,1425,2026-03-16 04:01:00,VLan10,HR,Desktop,SMTP,649,3.12,13,NO,ACCRA
1425,1426,2026-01-17 23:06:00,VLan20,Finance,Mobile,DNS,359,4.81,7,NO,TEMA
1426,1427,2026-04-15 11:26:00,VLan40,Sales,Laptop,SMTP,518,1.51,1,NO,TAKORADI
1427,1428,2026-01-05 12:23:00,VLan40,Sales,Router,FTP,155,4.61,7,NO,ACCRA
1428,1429,2026-04-24 00:45:00,VLan20,Finance,Laptop,SMTP,419,2.46,7,NO,TAKORADI
1429,1430,2026-01-23 17:37:00,VLan20,Finance,Laptop,HTTPS,337,2.45,14,NO,Tamale
1430,1431,2026-03-11 00:07:00,VLan10,HR,Mobile,SSH,583,3.33,3,NO,TEMA
1431,1432,2026-03-16 03:20:00,VLan40,Sales,Desktop,HTTP,303,4.23,9,NO,KUMASI
1432,1433,2026-03-28 13:00:00,VLan30,IT,Laptop,HTTP,731,2.96,6,NO,Tamale
1433,1434,2026-01-23 13:44:00,VLan10,HR,Desktop,HTTP,507,3.15,3,NO,ACCRA
1434,1435,2026-01-18 06:40:00,VLan20,Finance,Router,HTTPS,528,2.97,11,NO,Tamale
1435,1436,2026-01-15 00:23:00,VLan30,IT,Mobile,HTTP,560,0.73,14,NO,ACCRA
1436,1437,2026-02-21 23:42:00,VLan10,HR,Router,DNS,105,0.42,8,NO,ACCRA
1437,1438,2026-02-03 11:29:00,VLan10,HR,Mobile,FTP,493,1.57,14,NO,TEMA
1438,1439,2026-03-19 23:17:00,VLan40,Sales,Router,DNS,509,0.66,7,NO,Tamale
1439,1440,2026-04-28 10:40:00,VLan40,Sales,Server,SMTP,368,4.45,2,NO,TAKORADI
1440,1441,2026-03-29 00:26:00,VLan20,Finance,Router,FTP,503,3.25,1,NO,TAKORADI
1441,1442,2026-03-25 09:28:00,VLan40,Sales,Laptop,DNS,347,4.66,14,NO,ACCRA
1442,1443,2026-04-02 18:05:00,VLan40,Sales,Server,SSH,566,2.09,6,NO,Tamale
1443,1444,2026-03-06 05:10:00,VLan10,HR,Laptop,SMTP,686,3.49,10,NO,ACCRA
1444,1445,2026-03-14 20:56:00,VLan30,IT,Desktop,HTTP,686,0.73,3,NO,TAKORADI
1445,1446,2026-03-03 19:55:00,VLan30,IT,Laptop,DNS,504,0.92,12,NO,KUMASI
1446,1447,2026-03-04 20:02:00,VLan40,Sales,Server,HTTPS,685,4.42,4,NO,TAKORADI
1447,1448,2026-01-09 02:46:00,VLan30,IT,Mobile,SMTP,811,1.4,15,NO,KUMASI
1448,1449,2026-04-21 22:12:00,VLan40,Sales,Desktop,SMTP,228,0.46,11,NO,ACCRA
1449,1450,2026-01-19 15:02:00,VLan10,HR,Server,HTTPS,637,1.33,15,NO,TEMA
1450,1451,2026-02-27 20:22:00,VLan30,IT,Desktop,DNS,1153,3.99,3,NO,KUMASI
1451,1452,2026-02-17 03:23:00,VLan20,Finance,Laptop,HTTP,677,0.06,8,NO,Tamale
1452,1453,2026-03-10 02:21:00,VLan40,Sales,Desktop,FTP,666,2.2,7,NO,Tamale
1453,1454,2026-02-03 05:20:00,VLan40,Sales,Laptop,HTTPS,425,1.11,3,NO,ACCRA
1454,1455,2026-04-14 15:07:00,VLan30,IT,Router,HTTPS,1086,0.18,3,NO,KUMASI
1455,1456,2026-03-18 17:34:00,VLan20,Finance,Desktop,HTTPS,216,4.13,1,NO,ACCRA
1456,1457,2026-01-22 04:20:00,VLan40,Sales,Desktop,HTTP,339,1.52,1,NO,TAKORADI
1457,1458,2026-02-27 19:42:00,VLan40,Sales,Desktop,HTTP,515,1.71,7,NO,Tamale
1458,1459,2026-04-06 13:07:00,VLan10,HR,Mobile,HTTPS,385,2.62,7,NO,Tamale
1459,1460,2026-01-21 09:11:00,VLan10,HR,Router,FTP,354,1.21,10,NO,TAKORADI
1460,1461,2026-04-08 10:32:00,VLan10,HR,Server,DNS,132,3.78,7,NO,KUMASI
1461,1462,2026-03-15 15:46:00,VLan30,IT,Router,HTTP,726,2.32,13,NO,TEMA
1462,1463,2026-03-04 06:25:00,VLan40,Sales,Desktop,SMTP,210,4.33,4,NO,ACCRA
1463,1464,2026-01-29 01:15:00,VLan10,HR,Desktop,HTTP,363,3.98,11,NO,TAKORADI
1464,1465,2026-04-21 19:58:00,VLan20,Finance,Mobile,HTTPS,495,2.21,4,NO,KUMASI
1465,1466,2026-02-11 05:25:00,VLan30,IT,Laptop,SMTP,737,2.52,10,NO,Tamale
1466,1467,2026-01-31 12:28:00,VLan30,IT,Router,DNS,1039,4.7,1,NO,TAKORADI
1467,1468,2026-01-10 02:09:00,VLan40,Sales,Router,FTP,599,4.36,3,NO,TEMA
1468,1469,2026-01-01 15:48:00,VLan30,IT,Router,HTTP,1192,3.48,14,NO,ACCRA
1469,1470,2026-01-03 03:39:00,VLan30,IT,Router,FTP,525,3.84,6,NO,TEMA
1470,1471,2026-03-11 04:44:00,VLan20,Finance,Server,SMTP,691,2.98,0,NO,KUMASI
1471,1472,2026-04-01 15:15:00,VLan20,Finance,Laptop,HTTP,584,3.86,15,NO,KUMASI
1472,1473,2026-01-31 23:03:00,VLan20,Finance,Desktop,DNS,640,4.29,11,NO,ACCRA
1473,1474,2026-03-01 18:25:00,VLan20,Finance,Server,HTTPS,636,0.21,5,NO,KUMASI
1474,1475,2026-04-27 17:05:00,VLan30,IT,Laptop,SMTP,1185,3.57,6,NO,TEMA
1475,1476,2026-02-05 09:11:00,VLan10,HR,Mobile,SSH,653,3.55,4,NO,ACCRA
1476,1477,2026-04-27 02:15:00,VLan10,HR,Router,SSH,617,0.93,11,NO,TEMA
1477,1478,2026-01-26 18:26:00,VLan30,IT,Server,DNS,1034,3.01,2,NO,Tamale
1478,1479,2026-03-11 17:54:00,VLan30,IT,Router,FTP,1122,1.03,8,YES,TAKORADI
1479,1480,2026-02-18 19:32:00,VLan10,HR,Mobile,SSH,337,2.11,9,NO,KUMASI
1480,1481,2026-01-03 19:04:00,VLan30,IT,Router,FTP,1044,1.37,4,YES,ACCRA
1481,1482,2026-04-15 15:23:00,VLan40,Sales,Server,FTP,109,3.22,12,NO,KUMASI
1482,1483,2026-01-19 06:20:00,VLan30,IT,Mobile,HTTP,1014,2.12,3,NO,Tamale
1483,1484,2026-04-18 20:57:00,VLan20,Finance,Mobile,DNS,440,1.14,14,NO,ACCRA
1484,1485,2026-03-02 19:06:00,VLan20,Finance,Server,DNS,637,1.29,0,NO,Tamale
1485,1486,2026-02-18 03:52:00,VLan30,IT,Desktop,SMTP,557,0.55,12,NO,TEMA
1486,1487,2026-03-19 23:04:00,VLan20,Finance,Mobile,SMTP,298,3.44,4,NO,KUMASI
1487,1488,2026-04-04 17:31:00,VLan10,HR,Laptop,SSH,240,4.61,4,NO,ACCRA
1488,1489,2026-02-27 17:55:00,VLan40,Sales,Router,HTTPS,520,1.1,14,NO,Tamale
1489,1490,2026-03-26 00:54:00,VLan40,Sales,Mobile,HTTPS,311,3.86,5,NO,KUMASI
1490,1491,2026-02-25 08:50:00,VLan30,IT,Laptop,HTTPS,1008,4.79,15,NO,TEMA
1491,1492,2026-01-10 04:52:00,VLan20,Finance,Desktop,HTTP,113,2.83,15,NO,TAKORADI
1492,1493,2026-01-31 11:33:00,VLan10,HR,Server,DNS,696,2.9,11,NO,ACCRA
1493,1494,2026-01-16 14:13:00,VLan40,Sales,Server,FTP,657,3.82,2,NO,ACCRA
1494,1495,2026-04-28 08:31:00,VLan20,Finance,Laptop,HTTPS,334,0.94,4,NO,ACCRA
1495,1496,2026-01-20 09:22:00,VLan10,HR,Desktop,FTP,335,4.56,8,NO,KUMASI
1496,1497,2026-01-29 13:31:00,VLan30,IT,Server,HTTP,966,1.79,8,NO,ACCRA
1497,1498,2026-01-27 10:50:00,VLan30,IT,Mobile,SSH,605,0.57,2,NO,ACCRA
1498,1499,2026-04-12 11:39:00,VLan20,Finance,Server,SSH,246,3.39,2,NO,TAKORADI
1499,1500,2026-01-21 01:26:00,VLan10,HR,Mobile,HTTPS,694,2.53,3,NO,KUMASI
1500,1501,2026-03-26 18:18:00,VLan10,HR,Mobile,HTTPS,227,4.67,11,NO,ACCRA
1501,1502,2026-03-11 13:58:00,VLan10,HR,Router,HTTP,625,4.3,12,NO,KUMASI
1502,1503,2026-01-15 11:39:00,VLan20,Finance,Desktop,HTTPS,171,0.11,1,NO,TEMA
1503,1504,2026-03-15 05:06:00,VLan10,HR,Desktop,HTTPS,128,1.81,11,NO,Tamale
1504,1505,2026-01-11 01:44:00,VLan30,IT,Laptop,SSH,811,2.78,10,NO,ACCRA
1505,1506,2026-03-08 06:25:00,VLan30,IT,Server,DNS,894,4.59,4,NO,ACCRA
1506,1507,2026-02-23 16:50:00,VLan10,HR,Server,DNS,468,4.13,12,NO,Tamale
1507,1508,2026-04-25 01:53:00,VLan10,HR,Router,SMTP,615,1.93,0,NO,ACCRA
1508,1509,2026-03-30 13:43:00,VLan40,Sales,Desktop,FTP,597,4.25,10,NO,TAKORADI
1509,1510,2026-01-12 01:38:00,VLan20,Finance,Desktop,SMTP,374,4.92,1,NO,TEMA
1510,1511,2026-03-24 22:50:00,VLan20,Finance,Desktop,FTP,682,1.46,9,NO,TAKORADI
1511,1512,2026-01-15 00:20:00,VLan20,Finance,Server,SSH,673,0.29,1,NO,ACCRA
1512,1513,2026-01-15 05:14:00,VLan20,Finance,Server,SSH,689,0.62,4,NO,ACCRA
1513,1514,2026-01-07 02:36:00,VLan30,IT,Mobile,SMTP,654,3.42,6,NO,ACCRA
1514,1515,2026-04-06 10:15:00,VLan10,HR,Server,DNS,676,3.21,0,NO,TEMA
1515,1516,2026-03-07 10:30:00,VLan40,Sales,Mobile,HTTPS,426,0.41,8,NO,TEMA
1516,1517,2026-02-04 21:33:00,VLan10,HR,Server,HTTPS,478,4.47,10,NO,Tamale
1517,1518,2026-03-13 14:35:00,VLan40,Sales,Mobile,SSH,395,2.84,12,NO,KUMASI
1518,1519,2026-04-24 23:39:00,VLan20,Finance,Router,SMTP,678,4.3,12,NO,Tamale
1519,1520,2026-03-07 09:31:00,VLan40,Sales,Desktop,DNS,414,3.09,3,NO,TAKORADI
1520,1521,2026-02-27 02:47:00,VLan30,IT,Desktop,DNS,867,2.05,9,NO,ACCRA
1521,1522,2026-04-16 11:14:00,VLan30,IT,Router,HTTPS,572,2.52,11,NO,TAKORADI
1522,1523,2026-02-25 04:43:00,VLan20,Finance,Server,SSH,447,1.58,2,NO,ACCRA
1523,1524,2026-03-23 10:29:00,VLan30,IT,Mobile,FTP,707,0.4,8,NO,Tamale
1524,1525,2026-04-05 02:41:00,VLan10,HR,Router,HTTP,285,3.94,14,NO,Tamale
1525,1526,2026-01-29 08:13:00,VLan20,Finance,Server,SMTP,471,3.17,2,NO,Tamale
1526,1527,2026-04-10 17:46:00,VLan30,IT,Router,HTTP,887,0.5,2,NO,KUMASI
1527,1528,2026-02-14 23:52:00,VLan20,Finance,Laptop,SMTP,523,2.93,11,NO,ACCRA
1528,1529,2026-03-04 08:00:00,VLan40,Sales,Laptop,HTTP,607,1.55,15,NO,KUMASI
1529,1530,2026-01-20 06:36:00,VLan10,HR,Server,FTP,179,0.14,5,NO,KUMASI
1530,1531,2026-02-21 17:45:00,VLan20,Finance,Desktop,DNS,491,0.17,15,NO,TEMA
1531,1532,2026-01-19 11:20:00,VLan20,Finance,Laptop,SSH,468,4.28,4,NO,ACCRA
1532,1533,2026-01-22 00:15:00,VLan40,Sales,Laptop,HTTP,190,2.39,0,NO,ACCRA
1533,1534,2026-01-09 23:27:00,VLan10,HR,Server,SSH,273,0.23,4,NO,TEMA
1534,1535,2026-02-23 15:11:00,VLan40,Sales,Mobile,DNS,369,1.32,13,NO,TEMA
1535,1536,2026-04-14 13:08:00,VLan40,Sales,Router,SMTP,350,1.16,10,NO,Tamale
1536,1537,2026-01-29 13:52:00,VLan20,Finance,Desktop,SMTP,129,0.43,15,NO,TAKORADI
1537,1538,2026-02-12 00:39:00,VLan10,HR,Mobile,HTTP,321,2.84,5,NO,TAKORADI
1538,1539,2026-02-19 06:31:00,VLan10,HR,Mobile,SMTP,320,1.03,12,NO,KUMASI
1539,1540,2026-02-19 07:00:00,VLan30,IT,Desktop,FTP,819,0.75,15,NO,ACCRA
1540,1541,2026-04-15 06:34:00,VLan40,Sales,Mobile,HTTP,692,1.43,6,NO,TAKORADI
1541,1542,2026-03-13 05:59:00,VLan20,Finance,Mobile,HTTP,402,2.25,15,NO,TEMA
1542,1543,2026-01-15 07:39:00,VLan30,IT,Desktop,DNS,1196,2.65,11,NO,TEMA
1543,1544,2026-02-18 05:13:00,VLan10,HR,Server,SSH,495,4.73,9,NO,ACCRA
1544,1545,2026-03-12 23:26:00,VLan30,IT,Mobile,DNS,1152,2.94,3,NO,Tamale
1545,1546,2026-02-04 16:21:00,VLan10,HR,Router,HTTPS,307,0.45,11,NO,ACCRA
1546,1547,2026-02-07 01:45:00,VLan10,HR,Laptop,DNS,677,0.34,2,NO,TAKORADI
1547,1548,2026-02-22 03:02:00,VLan20,Finance,Mobile,SSH,250,1.15,5,NO,TAKORADI
1548,1549,2026-02-24 11:31:00,VLan40,Sales,Mobile,DNS,294,3.7,10,NO,TAKORADI
1549,1550,2026-04-07 21:03:00,VLan40,Sales,Server,FTP,141,2.6,4,NO,KUMASI
1550,1551,2026-04-09 06:07:00,VLan40,Sales,Mobile,SMTP,531,3.08,15,NO,TAKORADI
1551,1552,2026-01-02 22:06:00,VLan10,HR,Laptop,HTTP,191,4.61,0,NO,Tamale
1552,1553,2026-04-19 06:02:00,VLan30,IT,Server,SSH,585,2.88,0,NO,TAKORADI
1553,1554,2026-02-10 01:18:00,VLan30,IT,Router,HTTP,1162,3.55,10,NO,Tamale
1554,1555,2026-02-08 21:19:00,VLan20,Finance,Mobile,SSH,301,0.71,9,NO,KUMASI
1555,1556,2026-03-05 23:03:00,VLan30,IT,Laptop,HTTP,951,4.67,15,NO,TAKORADI
1556,1557,2026-02-16 16:15:00,VLan30,IT,Server,HTTP,1159,1.76,11,NO,TEMA
1557,1558,2026-04-20 11:15:00,VLan40,Sales,Mobile,HTTPS,361,1.23,7,NO,TEMA
1558,1559,2026-01-23 16:02:00,VLan30,IT,Server,SMTP,770,1.24,2,NO,TEMA
1559,1560,2026-02-03 05:46:00,VLan30,IT,Router,HTTP,719,1.94,11,NO,ACCRA
1560,1561,2026-04-19 21:13:00,VLan30,IT,Mobile,SSH,1176,1.55,1,YES,Tamale
1561,1562,2026-01-04 17:20:00,VLan20,Finance,Mobile,HTTP,272,1.83,8,NO,TEMA
1562,1563,2026-02-23 01:35:00,VLan30,IT,Laptop,SMTP,840,2.13,12,NO,KUMASI
1563,1564,2026-03-31 08:02:00,VLan20,Finance,Router,HTTPS,629,2.66,2,NO,TEMA
1564,1565,2026-02-26 09:07:00,VLan20,Finance,Router,SMTP,276,2.9,13,NO,KUMASI
1565,1566,2026-03-16 00:50:00,VLan10,HR,Mobile,SSH,347,4.64,7,NO,ACCRA
1566,1567,2026-01-27 01:26:00,VLan20,Finance,Desktop,FTP,171,3.28,15,NO,KUMASI
1567,1568,2026-01-05 05:34:00,VLan30,IT,Router,FTP,1067,2.17,13,YES,Tamale
1568,1569,2026-02-25 05:39:00,VLan20,Finance,Mobile,HTTPS,353,3.87,13,NO,TEMA
1569,1570,2026-04-26 05:10:00,VLan20,Finance,Mobile,HTTPS,573,3.49,3,NO,TEMA
1570,1571,2026-01-04 08:12:00,VLan30,IT,Router,SSH,882,3.63,2,NO,TEMA
1571,1572,2026-01-16 17:03:00,VLan20,Finance,Mobile,DNS,166,4.6,12,NO,TEMA
1572,1573,2026-02-05 13:38:00,VLan30,IT,Server,SSH,987,4.47,8,YES,TEMA
1573,1574,2026-01-07 04:20:00,VLan20,Finance,Laptop,HTTPS,133,3.05,5,NO,Tamale
1574,1575,2026-04-19 05:35:00,VLan10,HR,Desktop,HTTPS,220,2.38,9,NO,TAKORADI
1575,1576,2026-02-23 05:31:00,VLan20,Finance,Mobile,FTP,622,0.87,7,NO,Tamale
1576,1577,2026-04-21 02:46:00,VLan10,HR,Router,FTP,235,4.23,1,NO,TEMA
1577,1578,2026-01-15 17:44:00,VLan10,HR,Router,DNS,287,2.86,5,NO,Tamale
1578,1579,2026-01-30 06:51:00,VLan20,Finance,Router,HTTP,107,2.33,2,NO,TEMA
1579,1580,2026-04-02 12:50:00,VLan30,IT,Mobile,DNS,1138,4.08,2,NO,TAKORADI
1580,1581,2026-04-19 03:10:00,VLan30,IT,Server,HTTP,781,3.22,6,NO,TEMA
1581,1582,2026-04-24 12:55:00,VLan10,HR,Mobile,SMTP,264,3.37,6,NO,KUMASI
1582,1583,2026-03-23 12:50:00,VLan10,HR,Laptop,HTTPS,598,2.69,12,NO,ACCRA
1583,1584,2026-01-19 01:37:00,VLan40,Sales,Server,DNS,673,4.15,9,NO,TEMA
1584,1585,2026-02-13 06:39:00,VLan20,Finance,Desktop,FTP,342,3.52,2,NO,KUMASI
1585,1586,2026-01-10 14:16:00,VLan10,HR,Desktop,SSH,440,2.57,6,NO,TEMA
1586,1587,2026-02-18 11:36:00,VLan20,Finance,Server,SMTP,493,0.45,11,NO,TAKORADI
1587,1588,2026-01-20 01:16:00,VLan20,Finance,Router,SMTP,695,3.42,8,NO,ACCRA
1588,1589,2026-01-31 04:35:00,VLan40,Sales,Mobile,DNS,530,3.83,11,NO,ACCRA
1589,1590,2026-04-04 21:16:00,VLan30,IT,Desktop,SSH,853,3.96,10,NO,Tamale
1590,1591,2026-02-27 10:14:00,VLan30,IT,Server,SSH,937,3.46,8,YES,TEMA
1591,1592,2026-03-19 16:52:00,VLan10,HR,Server,HTTP,168,3.91,8,NO,Tamale
1592,1593,2026-04-21 05:05:00,VLan10,HR,Router,HTTPS,434,0.31,2,NO,KUMASI
1593,1594,2026-01-19 01:07:00,VLan30,IT,Router,HTTP,509,1.37,8,NO,TAKORADI
1594,1595,2026-01-26 09:27:00,VLan10,HR,Server,HTTP,346,4.95,11,NO,TEMA
1595,1596,2026-01-25 14:52:00,VLan10,HR,Router,HTTP,363,2.32,2,NO,TAKORADI
1596,1597,2026-01-12 03:43:00,VLan10,HR,Mobile,HTTP,272,2.45,0,NO,KUMASI
1597,1598,2026-04-30 20:12:00,VLan30,IT,Server,FTP,844,1.71,8,NO,ACCRA
1598,1599,2026-04-25 22:03:00,VLan10,HR,Desktop,FTP,337,1.04,14,NO,TAKORADI
1599,1600,2026-03-19 07:19:00,VLan10,HR,Server,SSH,564,3.88,15,NO,TAKORADI
1600,1601,2026-01-16 22:12:00,VLan40,Sales,Server,DNS,321,2.93,12,NO,ACCRA
1601,1602,2026-03-01 23:41:00,VLan30,IT,Router,FTP,783,3.05,11,NO,Tamale
1602,1603,2026-01-26 05:38:00,VLan30,IT,Mobile,DNS,520,0.6,2,NO,Tamale
1603,1604,2026-03-06 12:17:00,VLan10,HR,Mobile,DNS,362,3.01,14,NO,ACCRA
1604,1605,2026-02-08 21:19:00,VLan40,Sales,Desktop,DNS,223,2.29,11,NO,TEMA
1605,1606,2026-04-16 03:47:00,VLan30,IT,Desktop,FTP,850,1.88,9,NO,TEMA
1606,1607,2026-01-02 04:56:00,VLan10,HR,Desktop,DNS,344,1.02,5,NO,Tamale
1607,1608,2026-01-05 09:38:00,VLan10,HR,Laptop,SSH,119,0.43,2,NO,TEMA
1608,1609,2026-01-11 06:47:00,VLan30,IT,Router,DNS,912,2.01,1,NO,ACCRA
1609,1610,2026-02-01 19:06:00,VLan30,IT,Desktop,FTP,749,2.33,11,NO,KUMASI
1610,1611,2026-04-30 17:54:00,VLan10,HR,Laptop,SSH,391,4.08,7,NO,TAKORADI
1611,1612,2026-04-29 08:02:00,VLan10,HR,Laptop,FTP,252,1.62,14,NO,TAKORADI
1612,1613,2026-03-03 08:56:00,VLan40,Sales,Desktop,HTTPS,555,3.66,10,NO,KUMASI
1613,1614,2026-01-30 18:30:00,VLan10,HR,Laptop,HTTP,115,0.97,0,NO,KUMASI
1614,1615,2026-01-02 13:08:00,VLan40,Sales,Mobile,HTTP,254,4.77,0,NO,Tamale
1615,1616,2026-01-10 06:11:00,VLan40,Sales,Router,DNS,561,0.83,11,NO,ACCRA
1616,1617,2026-02-13 09:13:00,VLan40,Sales,Desktop,DNS,401,4.47,2,NO,Tamale
1617,1618,2026-03-07 19:40:00,VLan20,Finance,Mobile,HTTPS,435,0.79,0,NO,KUMASI
1618,1619,2026-04-27 14:54:00,VLan30,IT,Server,HTTP,602,2.23,12,NO,KUMASI
1619,1620,2026-04-30 04:51:00,VLan40,Sales,Mobile,SMTP,218,3.1,5,NO,Tamale
1620,1621,2026-03-09 23:09:00,VLan40,Sales,Laptop,SSH,338,3.23,9,NO,TEMA
1621,1622,2026-01-27 07:45:00,VLan30,IT,Server,HTTPS,1028,2.72,8,NO,TEMA
1622,1623,2026-01-18 19:11:00,VLan40,Sales,Laptop,HTTPS,508,1.08,3,NO,TAKORADI
1623,1624,2026-03-12 15:55:00,VLan40,Sales,Mobile,DNS,321,3.12,13,NO,TEMA
1624,1625,2026-02-08 20:41:00,VLan10,HR,Desktop,DNS,668,2.31,2,NO,TAKORADI
1625,1626,2026-01-24 17:26:00,VLan10,HR,Mobile,DNS,495,2.95,8,NO,ACCRA
1626,1627,2026-03-24 06:58:00,VLan20,Finance,Server,SMTP,488,0.65,13,NO,TAKORADI
1627,1628,2026-04-05 08:02:00,VLan30,IT,Mobile,HTTPS,1102,0.27,2,NO,ACCRA
1628,1629,2026-02-13 08:47:00,VLan10,HR,Mobile,SSH,661,0.05,10,NO,ACCRA
1629,1630,2026-01-06 02:13:00,VLan40,Sales,Laptop,HTTP,671,0.84,15,NO,Tamale
1630,1631,2026-02-18 17:43:00,VLan30,IT,Server,FTP,552,3.85,7,NO,KUMASI
1631,1632,2026-04-27 18:11:00,VLan10,HR,Server,FTP,616,4.65,2,NO,KUMASI
1632,1633,2026-02-23 23:09:00,VLan10,HR,Mobile,HTTP,104,1.86,13,NO,TEMA
1633,1634,2026-01-06 18:04:00,VLan30,IT,Desktop,HTTP,1176,3.14,1,NO,ACCRA
1634,1635,2026-02-09 13:43:00,VLan20,Finance,Mobile,SMTP,268,3.44,1,NO,ACCRA
1635,1636,2026-02-19 05:39:00,VLan40,Sales,Router,HTTPS,692,2.98,11,NO,ACCRA
1636,1637,2026-01-04 02:07:00,VLan40,Sales,Router,DNS,614,2.33,14,NO,TAKORADI
1637,1638,2026-04-04 00:33:00,VLan10,HR,Laptop,SSH,529,3.96,14,NO,Tamale
1638,1639,2026-03-30 02:06:00,VLan40,Sales,Desktop,HTTP,487,4.61,5,NO,TEMA
1639,1640,2026-04-14 19:52:00,VLan10,HR,Router,DNS,247,0.31,2,NO,TAKORADI
1640,1641,2026-03-23 12:37:00,VLan40,Sales,Laptop,HTTP,454,1.05,3,NO,TEMA
1641,1642,2026-02-03 12:23:00,VLan10,HR,Router,HTTP,609,1.7,9,NO,KUMASI
1642,1643,2026-01-03 16:53:00,VLan30,IT,Laptop,HTTPS,693,2.77,14,NO,TAKORADI
1643,1644,2026-04-21 16:51:00,VLan20,Finance,Router,HTTPS,627,4.94,8,NO,TEMA
1644,1645,2026-03-29 23:42:00,VLan10,HR,Laptop,SMTP,447,1.77,2,NO,ACCRA
1645,1646,2026-04-02 11:20:00,VLan30,IT,Laptop,DNS,1129,0.54,0,NO,TEMA
1646,1647,2026-03-09 03:29:00,VLan20,Finance,Router,SSH,473,4.74,13,NO,ACCRA
1647,1648,2026-04-21 03:41:00,VLan40,Sales,Laptop,HTTP,524,2.38,15,NO,TAKORADI
1648,1649,2026-03-13 01:16:00,VLan10,HR,Router,HTTPS,115,1.49,3,NO,KUMASI
1649,1650,2026-01-17 01:03:00,VLan20,Finance,Mobile,HTTP,361,2.59,6,NO,Tamale
1650,1651,2026-01-03 05:23:00,VLan30,IT,Mobile,SMTP,897,1.36,3,NO,TEMA
1651,1652,2026-04-27 07:07:00,VLan20,Finance,Server,DNS,194,3.32,12,NO,KUMASI
1652,1653,2026-02-05 07:41:00,VLan40,Sales,Server,FTP,421,0.95,5,NO,TAKORADI
1653,1654,2026-01-09 21:08:00,VLan20,Finance,Router,SSH,160,2.67,0,NO,KUMASI
1654,1655,2026-04-05 20:04:00,VLan40,Sales,Router,SSH,622,4.87,10,NO,ACCRA
1655,1656,2026-01-06 12:02:00,VLan40,Sales,Server,SMTP,431,2.67,6,NO,TEMA
1656,1657,2026-02-17 03:14:00,VLan20,Finance,Router,SMTP,602,2.2,8,NO,Tamale
1657,1658,2026-03-24 10:17:00,VLan10,HR,Server,SMTP,342,3.22,13,NO,KUMASI
1658,1659,2026-04-23 12:55:00,VLan30,IT,Mobile,SSH,1062,0.7,8,YES,ACCRA
1659,1660,2026-03-12 05:57:00,VLan20,Finance,Router,HTTPS,608,0.85,3,NO,Tamale
1660,1661,2026-03-06 13:17:00,VLan10,HR,Router,HTTPS,158,1.03,14,NO,TEMA
1661,1662,2026-04-28 07:13:00,VLan30,IT,Desktop,FTP,1031,0.77,0,YES,TAKORADI
1662,1663,2026-02-08 06:37:00,VLan30,IT,Router,SSH,767,0.16,7,NO,TAKORADI
1663,1664,2026-04-30 04:40:00,VLan10,HR,Mobile,SSH,363,4.2,4,NO,KUMASI
1664,1665,2026-01-23 08:49:00,VLan10,HR,Router,SMTP,354,4.9,4,NO,ACCRA
1665,1666,2026-04-30 01:26:00,VLan30,IT,Desktop,DNS,1145,3.47,5,NO,ACCRA
1666,1667,2026-01-26 14:53:00,VLan20,Finance,Server,SMTP,579,3.21,11,NO,Tamale
1667,1668,2026-02-05 17:05:00,VLan20,Finance,Desktop,FTP,146,4.2,4,NO,KUMASI
1668,1669,2026-01-12 23:24:00,VLan20,Finance,Router,HTTP,525,0.84,13,NO,KUMASI
1669,1670,2026-01-21 21:27:00,VLan40,Sales,Mobile,HTTPS,681,0.46,11,NO,KUMASI
1670,1671,2026-03-30 06:51:00,VLan20,Finance,Laptop,DNS,473,1.83,14,NO,KUMASI
1671,1672,2026-04-05 18:28:00,VLan30,IT,Router,DNS,1032,3.28,2,NO,KUMASI
1672,1673,2026-02-05 01:49:00,VLan20,Finance,Router,HTTP,589,4.18,6,NO,TEMA
1673,1674,2026-03-12 14:13:00,VLan30,IT,Laptop,SMTP,631,4.58,7,NO,ACCRA
1674,1675,2026-01-14 08:46:00,VLan40,Sales,Mobile,FTP,284,1.46,15,NO,TEMA
1675,1676,2026-04-13 13:01:00,VLan20,Finance,Server,SMTP,440,4.2,13,NO,ACCRA
1676,1677,2026-03-27 15:29:00,VLan40,Sales,Laptop,DNS,323,1.94,13,NO,TAKORADI
1677,1678,2026-01-26 05:46:00,VLan40,Sales,Desktop,SMTP,349,0.4,14,NO,Tamale
1678,1679,2026-04-07 10:40:00,VLan20,Finance,Laptop,HTTPS,692,4.98,12,NO,KUMASI
1679,1680,2026-01-03 21:25:00,VLan30,IT,Laptop,DNS,1073,3.83,1,NO,ACCRA
1680,1681,2026-03-24 07:09:00,VLan40,Sales,Desktop,SMTP,356,4.79,1,NO,ACCRA
1681,1682,2026-01-23 19:55:00,VLan20,Finance,Laptop,HTTP,309,3.21,10,NO,TEMA
1682,1683,2026-04-01 02:50:00,VLan40,Sales,Server,DNS,103,3.12,10,NO,KUMASI
1683,1684,2026-01-01 14:47:00,VLan20,Finance,Server,HTTPS,515,4.65,11,NO,KUMASI
1684,1685,2026-02-11 15:10:00,VLan20,Finance,Router,SSH,553,3.5,13,NO,KUMASI
1685,1686,2026-04-24 02:22:00,VLan20,Finance,Laptop,HTTP,525,3.87,12,NO,KUMASI
1686,1687,2026-01-27 17:54:00,VLan20,Finance,Desktop,HTTPS,354,4.89,8,NO,Tamale
1687,1688,2026-03-15 03:14:00,VLan30,IT,Router,HTTP,843,0.83,0,NO,ACCRA
1688,1689,2026-01-30 14:31:00,VLan20,Finance,Desktop,SMTP,481,2.75,2,NO,TEMA
1689,1690,2026-01-01 12:39:00,VLan40,Sales,Laptop,SSH,517,1.96,5,NO,TEMA
1690,1691,2026-04-08 07:19:00,VLan10,HR,Router,DNS,239,1.94,6,NO,KUMASI
1691,1692,2026-03-26 16:07:00,VLan10,HR,Server,HTTP,405,4.05,13,NO,KUMASI
1692,1693,2026-04-07 10:52:00,VLan30,IT,Laptop,SSH,664,2.98,13,NO,TEMA
1693,1694,2026-01-02 01:01:00,VLan20,Finance,Laptop,HTTPS,595,2.2,5,NO,ACCRA
1694,1695,2026-01-07 15:54:00,VLan40,Sales,Mobile,HTTP,418,1.14,6,NO,KUMASI
1695,1696,2026-01-14 23:08:00,VLan40,Sales,Router,HTTP,468,0.71,5,NO,ACCRA
1696,1697,2026-04-22 09:45:00,VLan30,IT,Desktop,HTTP,756,4.41,2,NO,KUMASI
1697,1698,2026-01-30 12:46:00,VLan20,Finance,Desktop,FTP,166,1.89,6,NO,TAKORADI
1698,1699,2026-01-26 09:16:00,VLan40,Sales,Server,DNS,618,1.93,9,NO,TEMA
1699,1700,2026-03-22 03:18:00,VLan40,Sales,Desktop,HTTP,365,0.53,8,NO,KUMASI
1700,1701,2026-01-11 05:40:00,VLan20,Finance,Laptop,DNS,297,0.34,5,NO,KUMASI
1701,1702,2026-04-10 22:53:00,VLan30,IT,Mobile,SSH,1111,0.24,11,YES,KUMASI
1702,1703,2026-02-10 22:35:00,VLan20,Finance,Router,HTTPS,467,2.13,5,NO,TAKORADI
1703,1704,2026-01-24 02:05:00,VLan40,Sales,Server,FTP,535,4.22,8,NO,TAKORADI
1704,1705,2026-02-22 05:23:00,VLan40,Sales,Desktop,HTTPS,579,4.54,2,NO,KUMASI
1705,1706,2026-04-15 08:33:00,VLan40,Sales,Desktop,FTP,416,4.17,3,NO,KUMASI
1706,1707,2026-03-03 08:17:00,VLan30,IT,Laptop,SSH,659,0.45,11,NO,ACCRA
1707,1708,2026-03-07 02:31:00,VLan30,IT,Mobile,HTTPS,1092,1.88,1,NO,TEMA
1708,1709,2026-01-17 07:38:00,VLan40,Sales,Laptop,SMTP,577,4.94,15,NO,TEMA
1709,1710,2026-01-03 07:25:00,VLan40,Sales,Desktop,FTP,122,1.79,14,NO,TEMA
1710,1711,2026-04-24 21:08:00,VLan20,Finance,Server,HTTPS,184,1.04,11,NO,ACCRA
1711,1712,2026-03-10 04:27:00,VLan10,HR,Laptop,SSH,622,2.62,0,NO,ACCRA
1712,1713,2026-03-09 14:46:00,VLan20,Finance,Router,SMTP,517,4.2,1,NO,ACCRA
1713,1714,2026-01-07 11:29:00,VLan20,Finance,Laptop,SMTP,689,0.33,10,NO,TAKORADI
1714,1715,2026-03-24 20:23:00,VLan10,HR,Desktop,SMTP,481,4.0,3,NO,TEMA
1715,1716,2026-03-09 11:43:00,VLan10,HR,Desktop,SMTP,361,0.78,7,NO,TAKORADI
1716,1717,2026-02-14 03:53:00,VLan20,Finance,Mobile,SSH,278,4.91,0,NO,TEMA
1717,1718,2026-04-07 07:16:00,VLan20,Finance,Mobile,SMTP,171,2.01,6,NO,TEMA
1718,1719,2026-01-24 17:12:00,VLan30,IT,Router,SSH,907,2.96,6,YES,Tamale
1719,1720,2026-03-05 03:35:00,VLan40,Sales,Router,DNS,566,3.61,4,NO,KUMASI
1720,1721,2026-04-03 02:49:00,VLan40,Sales,Router,SMTP,575,4.9,3,NO,KUMASI
1721,1722,2026-03-18 01:07:00,VLan30,IT,Laptop,HTTPS,525,1.12,2,NO,TAKORADI
1722,1723,2026-04-23 07:13:00,VLan30,IT,Desktop,DNS,844,2.55,10,NO,Tamale
1723,1724,2026-02-17 03:44:00,VLan20,Finance,Desktop,SMTP,413,1.84,6,NO,ACCRA
1724,1725,2026-04-15 09:28:00,VLan40,Sales,Laptop,HTTPS,550,1.34,2,NO,KUMASI
1725,1726,2026-03-15 00:02:00,VLan40,Sales,Mobile,DNS,376,3.68,8,NO,KUMASI
1726,1727,2026-02-02 12:41:00,VLan30,IT,Router,DNS,725,3.43,0,NO,KUMASI
1727,1728,2026-02-22 14:03:00,VLan20,Finance,Desktop,HTTP,419,4.49,10,NO,KUMASI
1728,1729,2026-04-17 20:54:00,VLan10,HR,Laptop,DNS,548,2.78,2,NO,Tamale
1729,1730,2026-01-31 14:13:00,VLan20,Finance,Server,FTP,679,0.66,8,NO,KUMASI
1730,1731,2026-04-18 01:06:00,VLan20,Finance,Mobile,DNS,659,2.64,7,NO,TEMA
1731,1732,2026-02-14 04:46:00,VLan30,IT,Router,SSH,1017,2.95,13,YES,TEMA
1732,1733,2026-02-28 07:15:00,VLan10,HR,Router,DNS,323,1.31,10,NO,ACCRA
1733,1734,2026-01-10 02:55:00,VLan40,Sales,Laptop,HTTPS,459,4.61,15,NO,ACCRA
1734,1735,2026-01-28 20:35:00,VLan10,HR,Router,FTP,274,2.9,8,NO,ACCRA
1735,1736,2026-01-21 12:43:00,VLan40,Sales,Desktop,HTTPS,476,0.5,14,NO,TEMA
1736,1737,2026-02-20 14:15:00,VLan40,Sales,Server,SMTP,528,3.54,7,NO,TAKORADI
1737,1738,2026-02-12 01:25:00,VLan10,HR,Laptop,SSH,374,4.28,0,NO,TEMA
1738,1739,2026-01-19 11:39:00,VLan10,HR,Server,SSH,625,1.75,10,NO,Tamale
1739,1740,2026-01-03 16:02:00,VLan20,Finance,Mobile,DNS,102,2.53,7,NO,TEMA
1740,1741,2026-03-18 00:51:00,VLan30,IT,Router,HTTPS,687,3.86,10,NO,KUMASI
1741,1742,2026-04-02 16:32:00,VLan40,Sales,Mobile,FTP,275,4.56,15,NO,ACCRA
1742,1743,2026-03-19 15:38:00,VLan40,Sales,Router,SMTP,329,4.31,3,NO,KUMASI
1743,1744,2026-04-07 21:22:00,VLan40,Sales,Laptop,HTTP,577,3.85,1,NO,Tamale
1744,1745,2026-02-26 07:16:00,VLan20,Finance,Router,HTTPS,374,4.72,5,NO,ACCRA
1745,1746,2026-01-03 19:53:00,VLan40,Sales,Mobile,FTP,539,2.37,0,NO,KUMASI
1746,1747,2026-03-13 03:30:00,VLan30,IT,Laptop,HTTPS,802,1.52,5,NO,KUMASI
1747,1748,2026-02-16 15:19:00,VLan10,HR,Desktop,SMTP,505,2.32,1,NO,TEMA
1748,1749,2026-04-23 04:30:00,VLan40,Sales,Server,FTP,542,4.15,2,NO,TEMA
1749,1750,2026-01-14 04:21:00,VLan30,IT,Server,SMTP,554,0.23,10,NO,TAKORADI
1750,1751,2026-03-23 16:54:00,VLan20,Finance,Router,SMTP,131,0.82,0,NO,Tamale
1751,1752,2026-04-25 11:29:00,VLan20,Finance,Router,HTTP,102,1.28,7,NO,KUMASI
1752,1753,2026-03-30 06:34:00,VLan20,Finance,Server,FTP,587,4.39,6,NO,Tamale
1753,1754,2026-04-05 06:38:00,VLan40,Sales,Router,FTP,240,2.13,12,NO,ACCRA
1754,1755,2026-04-13 05:31:00,VLan20,Finance,Router,SMTP,180,3.18,3,NO,ACCRA
1755,1756,2026-03-27 06:27:00,VLan20,Finance,Mobile,FTP,153,2.41,1,NO,Tamale
1756,1757,2026-02-13 22:51:00,VLan20,Finance,Server,SMTP,218,0.16,2,NO,Tamale
1757,1758,2026-02-06 22:17:00,VLan40,Sales,Router,FTP,305,0.09,14,NO,Tamale
1758,1759,2026-01-07 11:29:00,VLan10,HR,Laptop,SMTP,311,1.74,13,NO,TAKORADI
1759,1760,2026-04-22 14:29:00,VLan20,Finance,Laptop,DNS,152,4.32,5,NO,TEMA
1760,1761,2026-04-30 21:34:00,VLan30,IT,Router,DNS,1122,0.57,14,NO,TEMA
1761,1762,2026-02-28 11:02:00,VLan10,HR,Server,HTTPS,616,2.54,6,NO,TAKORADI
1762,1763,2026-02-21 23:25:00,VLan30,IT,Server,HTTPS,1072,0.94,13,NO,KUMASI
1763,1764,2026-01-04 13:41:00,VLan40,Sales,Laptop,HTTP,244,3.2,12,NO,KUMASI
1764,1765,2026-03-11 23:57:00,VLan20,Finance,Router,SSH,637,0.81,8,NO,ACCRA
1765,1766,2026-03-14 07:59:00,VLan40,Sales,Router,SMTP,506,2.22,8,NO,TAKORADI
1766,1767,2026-01-13 04:02:00,VLan20,Finance,Server,DNS,204,4.75,14,NO,KUMASI
1767,1768,2026-03-29 16:57:00,VLan40,Sales,Laptop,SMTP,392,1.21,2,NO,Tamale
1768,1769,2026-03-05 16:56:00,VLan20,Finance,Router,HTTPS,113,4.07,2,NO,TAKORADI
1769,1770,2026-04-27 13:42:00,VLan40,Sales,Mobile,DNS,544,1.19,3,NO,ACCRA
1770,1771,2026-04-15 06:59:00,VLan20,Finance,Desktop,SSH,249,2.52,7,NO,Tamale
1771,1772,2026-03-09 04:25:00,VLan10,HR,Router,SMTP,116,4.9,4,NO,Tamale
1772,1773,2026-04-28 12:10:00,VLan20,Finance,Laptop,SMTP,267,3.95,6,NO,TEMA
1773,1774,2026-01-26 14:03:00,VLan10,HR,Server,FTP,560,1.53,10,NO,TEMA
1774,1775,2026-01-29 03:40:00,VLan40,Sales,Desktop,SSH,106,1.83,10,NO,ACCRA
1775,1776,2026-04-22 05:21:00,VLan30,IT,Desktop,HTTPS,519,0.72,0,NO,Tamale
1776,1777,2026-04-08 00:44:00,VLan40,Sales,Router,HTTPS,186,4.65,12,NO,ACCRA
1777,1778,2026-01-31 09:02:00,VLan30,IT,Desktop,HTTPS,541,3.58,11,NO,TEMA
1778,1779,2026-04-10 11:01:00,VLan40,Sales,Laptop,HTTPS,439,4.12,12,NO,TAKORADI
1779,1780,2026-02-24 01:34:00,VLan40,Sales,Desktop,HTTP,293,0.37,8,NO,TAKORADI
1780,1781,2026-02-08 20:55:00,VLan20,Finance,Desktop,SMTP,170,4.37,15,NO,Tamale
1781,1782,2026-04-08 06:57:00,VLan30,IT,Server,FTP,875,3.18,5,NO,Tamale
1782,1783,2026-04-25 18:12:00,VLan30,IT,Server,HTTP,783,4.34,7,NO,TAKORADI
1783,1784,2026-03-13 10:49:00,VLan20,Finance,Router,SSH,204,3.02,15,NO,TEMA
1784,1785,2026-03-15 17:07:00,VLan20,Finance,Server,HTTP,530,1.21,11,NO,TEMA
1785,1786,2026-04-10 03:29:00,VLan40,Sales,Server,DNS,369,1.01,4,NO,Tamale
1786,1787,2026-04-30 04:06:00,VLan30,IT,Router,HTTPS,1091,3.82,0,NO,ACCRA
1787,1788,2026-04-16 13:58:00,VLan20,Finance,Server,DNS,445,1.2,3,NO,ACCRA
1788,1789,2026-01-26 15:14:00,VLan10,HR,Desktop,SMTP,437,1.51,1,NO,TEMA
1789,1790,2026-03-19 21:09:00,VLan40,Sales,Mobile,SMTP,655,2.64,8,NO,TEMA
1790,1791,2026-04-23 00:07:00,VLan30,IT,Router,FTP,662,1.31,7,NO,ACCRA
1791,1792,2026-03-10 10:43:00,VLan30,IT,Server,SSH,663,1.34,2,NO,TAKORADI
1792,1793,2026-02-26 09:06:00,VLan30,IT,Desktop,SSH,791,1.13,13,NO,ACCRA
1793,1794,2026-02-22 12:41:00,VLan20,Finance,Router,HTTP,689,1.62,1,NO,TAKORADI
1794,1795,2026-01-28 11:01:00,VLan40,Sales,Laptop,SMTP,305,3.74,7,NO,ACCRA
1795,1796,2026-03-12 11:47:00,VLan40,Sales,Laptop,HTTP,388,2.75,7,NO,TEMA
1796,1797,2026-04-01 02:43:00,VLan30,IT,Server,FTP,1199,3.47,14,YES,KUMASI
1797,1798,2026-04-12 08:49:00,VLan20,Finance,Server,DNS,151,4.42,6,NO,TAKORADI
1798,1799,2026-04-19 07:48:00,VLan10,HR,Mobile,HTTP,354,2.26,15,NO,ACCRA
1799,1800,2026-02-10 19:52:00,VLan20,Finance,Mobile,HTTP,543,3.21,10,NO,TAKORADI
1800,1801,2026-04-03 20:35:00,VLan40,Sales,Mobile,FTP,662,3.46,8,NO,Tamale
1801,1802,2026-04-08 18:40:00,VLan10,HR,Laptop,DNS,612,0.68,15,NO,TAKORADI
1802,1803,2026-02-22 01:09:00,VLan20,Finance,Laptop,HTTP,564,1.99,1,NO,TAKORADI
1803,1804,2026-04-28 07:16:00,VLan30,IT,Server,DNS,610,0.5,5,NO,TEMA
1804,1805,2026-04-13 22:35:00,VLan20,Finance,Mobile,SSH,278,2.02,4,NO,ACCRA
1805,1806,2026-04-05 00:42:00,VLan40,Sales,Desktop,DNS,196,3.27,6,NO,ACCRA
1806,1807,2026-04-08 04:24:00,VLan30,IT,Desktop,SMTP,1132,2.96,0,NO,TEMA
1807,1808,2026-04-16 21:44:00,VLan20,Finance,Server,SSH,420,3.2,4,NO,TAKORADI
1808,1809,2026-04-19 13:55:00,VLan40,Sales,Server,HTTPS,461,0.91,7,NO,KUMASI
1809,1810,2026-03-17 20:06:00,VLan40,Sales,Server,HTTPS,585,0.37,5,NO,TEMA
1810,1811,2026-02-01 01:27:00,VLan40,Sales,Mobile,DNS,634,0.5,9,NO,TAKORADI
1811,1812,2026-02-25 07:15:00,VLan20,Finance,Laptop,DNS,229,2.41,7,NO,TEMA
1812,1813,2026-02-17 10:24:00,VLan20,Finance,Desktop,DNS,376,4.3,14,NO,TEMA
1813,1814,2026-04-18 03:36:00,VLan10,HR,Server,HTTP,142,2.81,1,NO,TEMA
1814,1815,2026-03-29 16:19:00,VLan20,Finance,Server,DNS,192,0.86,10,NO,KUMASI
1815,1816,2026-04-26 18:29:00,VLan30,IT,Server,SSH,729,4.08,3,NO,ACCRA
1816,1817,2026-03-31 01:54:00,VLan10,HR,Server,FTP,149,4.94,13,NO,KUMASI
1817,1818,2026-04-12 07:10:00,VLan10,HR,Router,SMTP,363,1.76,13,NO,TEMA
1818,1819,2026-04-10 20:40:00,VLan40,Sales,Router,SMTP,437,2.41,15,NO,TAKORADI
1819,1820,2026-02-04 11:00:00,VLan20,Finance,Mobile,HTTPS,398,0.9,12,NO,ACCRA
1820,1821,2026-01-04 06:34:00,VLan10,HR,Desktop,HTTPS,676,1.93,9,NO,ACCRA
1821,1822,2026-02-19 05:27:00,VLan10,HR,Mobile,HTTPS,527,2.52,1,NO,TAKORADI
1822,1823,2026-04-04 02:50:00,VLan40,Sales,Server,SMTP,184,2.67,5,NO,KUMASI
1823,1824,2026-03-18 13:36:00,VLan20,Finance,Laptop,SSH,541,0.91,2,NO,KUMASI
1824,1825,2026-03-05 06:50:00,VLan20,Finance,Desktop,HTTPS,397,4.27,1,NO,TEMA
1825,1826,2026-04-30 17:10:00,VLan30,IT,Mobile,FTP,868,2.33,3,NO,TAKORADI
1826,1827,2026-01-12 16:16:00,VLan30,IT,Mobile,FTP,601,4.6,8,NO,ACCRA
1827,1828,2026-02-13 11:07:00,VLan30,IT,Desktop,FTP,846,2.31,10,NO,KUMASI
1828,1829,2026-04-02 17:54:00,VLan40,Sales,Mobile,SMTP,622,1.11,11,NO,TEMA
1829,1830,2026-03-07 11:12:00,VLan40,Sales,Server,SMTP,330,3.42,0,NO,TAKORADI
1830,1831,2026-01-03 04:49:00,VLan30,IT,Router,HTTPS,757,2.55,8,NO,TEMA
1831,1832,2026-03-25 19:47:00,VLan10,HR,Laptop,SMTP,551,1.2,12,NO,Tamale
1832,1833,2026-01-28 22:23:00,VLan10,HR,Laptop,HTTP,617,3.55,15,NO,TEMA
1833,1834,2026-02-05 06:59:00,VLan40,Sales,Router,DNS,123,0.66,9,NO,TEMA
1834,1835,2026-01-31 22:30:00,VLan40,Sales,Desktop,FTP,121,1.31,1,NO,ACCRA
1835,1836,2026-01-13 19:33:00,VLan40,Sales,Desktop,DNS,145,4.89,5,NO,Tamale
1836,1837,2026-03-03 22:58:00,VLan20,Finance,Router,HTTPS,133,4.86,15,NO,ACCRA
1837,1838,2026-03-19 10:55:00,VLan10,HR,Router,SMTP,681,0.34,8,NO,ACCRA
1838,1839,2026-01-30 02:57:00,VLan20,Finance,Server,HTTPS,662,1.72,1,NO,TEMA
1839,1840,2026-04-15 23:19:00,VLan40,Sales,Laptop,DNS,236,4.23,12,NO,KUMASI
1840,1841,2026-02-10 03:07:00,VLan30,IT,Laptop,FTP,644,1.86,11,NO,TEMA
1841,1842,2026-01-13 07:58:00,VLan40,Sales,Laptop,FTP,404,4.29,9,NO,TAKORADI
1842,1843,2026-02-28 07:20:00,VLan20,Finance,Laptop,HTTP,106,3.04,3,NO,ACCRA
1843,1844,2026-01-03 14:24:00,VLan10,HR,Desktop,FTP,589,3.16,1,NO,ACCRA
1844,1845,2026-02-02 22:07:00,VLan40,Sales,Router,DNS,269,4.35,7,NO,TEMA
1845,1846,2026-02-27 03:16:00,VLan20,Finance,Server,HTTPS,365,3.76,10,NO,TEMA
1846,1847,2026-01-10 10:39:00,VLan30,IT,Server,HTTPS,976,3.2,9,NO,ACCRA
1847,1848,2026-02-28 14:32:00,VLan30,IT,Server,DNS,690,3.53,15,NO,TEMA
1848,1849,2026-04-07 21:27:00,VLan20,Finance,Laptop,SSH,578,0.5,12,NO,KUMASI
1849,1850,2026-03-15 19:32:00,VLan10,HR,Desktop,HTTP,252,1.79,3,NO,KUMASI
1850,1851,2026-04-16 13:10:00,VLan10,HR,Mobile,HTTP,642,4.59,5,NO,KUMASI
1851,1852,2026-03-18 07:05:00,VLan10,HR,Router,SSH,361,2.68,13,NO,KUMASI
1852,1853,2026-01-19 14:56:00,VLan10,HR,Mobile,SSH,506,2.34,10,NO,KUMASI
1853,1854,2026-03-23 22:28:00,VLan30,IT,Laptop,HTTP,1014,0.4,5,NO,TAKORADI
1854,1855,2026-02-25 21:06:00,VLan20,Finance,Desktop,HTTP,253,2.28,12,NO,KUMASI
1855,1856,2026-04-14 11:07:00,VLan30,IT,Server,HTTP,736,1.85,13,NO,KUMASI
1856,1857,2026-03-26 08:33:00,VLan10,HR,Server,FTP,133,3.97,4,NO,TEMA
1857,1858,2026-04-18 10:33:00,VLan20,Finance,Desktop,SMTP,514,3.98,3,NO,Tamale
1858,1859,2026-02-17 03:58:00,VLan10,HR,Laptop,FTP,602,3.63,3,NO,KUMASI
1859,1860,2026-03-10 07:46:00,VLan30,IT,Desktop,SSH,842,4.46,7,NO,ACCRA
1860,1861,2026-04-06 11:04:00,VLan10,HR,Desktop,DNS,163,3.32,8,NO,TAKORADI
1861,1862,2026-02-01 01:11:00,VLan40,Sales,Laptop,DNS,416,0.22,6,NO,TEMA
1862,1863,2026-01-26 02:57:00,VLan40,Sales,Router,FTP,344,1.71,4,NO,TEMA
1863,1864,2026-04-22 08:12:00,VLan40,Sales,Desktop,FTP,699,4.21,0,NO,Tamale
1864,1865,2026-02-19 05:43:00,VLan20,Finance,Laptop,SMTP,324,1.58,13,NO,TAKORADI
1865,1866,2026-04-08 22:11:00,VLan20,Finance,Router,HTTP,615,1.73,0,NO,TEMA
1866,1867,2026-01-23 04:36:00,VLan30,IT,Router,HTTPS,552,2.44,0,NO,TEMA
1867,1868,2026-03-08 15:28:00,VLan10,HR,Mobile,SMTP,248,0.35,1,NO,ACCRA
1868,1869,2026-03-03 19:25:00,VLan10,HR,Server,HTTP,112,3.6,11,NO,TEMA
1869,1870,2026-01-11 18:40:00,VLan10,HR,Mobile,SMTP,194,0.84,12,NO,TAKORADI
1870,1871,2026-04-10 09:17:00,VLan10,HR,Mobile,HTTP,592,3.42,8,NO,TEMA
1871,1872,2026-01-13 14:48:00,VLan40,Sales,Server,SMTP,357,1.75,5,NO,Tamale
1872,1873,2026-03-22 16:09:00,VLan30,IT,Server,HTTPS,941,4.45,12,NO,TAKORADI
1873,1874,2026-01-05 06:48:00,VLan20,Finance,Laptop,HTTP,143,4.65,11,NO,Tamale
1874,1875,2026-04-14 13:51:00,VLan10,HR,Laptop,HTTP,158,4.74,15,NO,TAKORADI
1875,1876,2026-04-09 08:08:00,VLan30,IT,Laptop,SMTP,923,2.42,15,NO,KUMASI
1876,1877,2026-02-02 10:12:00,VLan20,Finance,Mobile,FTP,442,2.68,8,NO,Tamale
1877,1878,2026-01-10 02:04:00,VLan40,Sales,Mobile,HTTP,669,2.03,15,NO,TEMA
1878,1879,2026-02-23 22:24:00,VLan10,HR,Server,HTTP,670,1.63,5,NO,TAKORADI
1879,1880,2026-03-05 15:15:00,VLan40,Sales,Router,SSH,487,2.01,1,NO,KUMASI
1880,1881,2026-03-21 02:08:00,VLan40,Sales,Mobile,SMTP,323,2.48,5,NO,ACCRA
1881,1882,2026-02-06 07:49:00,VLan20,Finance,Desktop,HTTPS,665,0.74,2,NO,Tamale
1882,1883,2026-01-17 15:30:00,VLan40,Sales,Server,HTTPS,214,2.91,5,NO,ACCRA
1883,1884,2026-03-14 03:33:00,VLan20,Finance,Mobile,SMTP,680,0.67,2,NO,TAKORADI
1884,1885,2026-04-06 22:07:00,VLan20,Finance,Server,SSH,469,3.08,9,NO,Tamale
1885,1886,2026-01-14 16:51:00,VLan20,Finance,Mobile,HTTP,133,0.91,2,NO,TEMA
1886,1887,2026-03-02 20:27:00,VLan20,Finance,Server,SSH,558,2.59,15,NO,ACCRA
1887,1888,2026-01-16 05:33:00,VLan20,Finance,Server,FTP,377,1.11,3,NO,Tamale
1888,1889,2026-04-15 18:41:00,VLan20,Finance,Mobile,HTTP,453,0.75,11,NO,TAKORADI
1889,1890,2026-02-23 05:42:00,VLan20,Finance,Router,SMTP,192,1.47,3,NO,KUMASI
1890,1891,2026-03-28 18:43:00,VLan10,HR,Desktop,SMTP,298,1.66,15,NO,KUMASI
1891,1892,2026-04-21 01:05:00,VLan30,IT,Server,DNS,1115,1.2,6,NO,KUMASI
1892,1893,2026-01-09 10:14:00,VLan20,Finance,Mobile,FTP,425,4.42,9,NO,KUMASI
1893,1894,2026-02-04 05:41:00,VLan10,HR,Server,DNS,425,1.26,15,NO,TAKORADI
1894,1895,2026-02-05 20:11:00,VLan40,Sales,Server,HTTPS,163,2.15,13,NO,KUMASI
1895,1896,2026-02-18 11:38:00,VLan30,IT,Laptop,FTP,1175,1.14,13,YES,TEMA
1896,1897,2026-04-08 18:26:00,VLan40,Sales,Router,SMTP,298,1.34,8,NO,TAKORADI
1897,1898,2026-03-16 05:23:00,VLan10,HR,Laptop,SSH,403,3.73,1,NO,ACCRA
1898,1899,2026-03-07 02:02:00,VLan10,HR,Router,HTTPS,199,0.7,12,NO,TAKORADI
1899,1900,2026-01-20 02:19:00,VLan10,HR,Router,DNS,498,4.19,1,NO,TEMA
1900,1901,2026-03-18 00:30:00,VLan30,IT,Router,HTTPS,571,2.83,12,NO,Tamale
1901,1902,2026-04-26 23:29:00,VLan40,Sales,Desktop,HTTP,191,0.07,7,NO,Tamale
1902,1903,2026-02-21 18:58:00,VLan20,Finance,Server,DNS,345,4.48,7,NO,ACCRA
1903,1904,2026-02-01 13:56:00,VLan20,Finance,Mobile,SSH,568,0.34,13,NO,ACCRA
1904,1905,2026-02-25 15:11:00,VLan20,Finance,Laptop,DNS,378,1.7,4,NO,ACCRA
1905,1906,2026-01-02 18:40:00,VLan40,Sales,Desktop,FTP,240,4.9,2,NO,TAKORADI
1906,1907,2026-03-19 23:33:00,VLan20,Finance,Mobile,FTP,537,3.47,10,NO,TAKORADI
1907,1908,2026-01-03 05:05:00,VLan40,Sales,Laptop,DNS,689,3.05,12,NO,KUMASI
1908,1909,2026-01-07 04:09:00,VLan30,IT,Server,HTTP,1033,0.28,1,NO,ACCRA
1909,1910,2026-04-25 08:42:00,VLan30,IT,Router,SMTP,539,1.91,14,NO,Tamale
1910,1911,2026-03-02 09:42:00,VLan30,IT,Router,FTP,1005,2.86,6,YES,TAKORADI
1911,1912,2026-04-21 06:27:00,VLan10,HR,Mobile,DNS,189,0.65,6,NO,ACCRA
1912,1913,2026-02-16 03:15:00,VLan30,IT,Server,DNS,1173,1.75,3,NO,ACCRA
1913,1914,2026-04-03 23:12:00,VLan30,IT,Desktop,SSH,590,3.15,5,NO,Tamale
1914,1915,2026-03-15 11:14:00,VLan30,IT,Laptop,DNS,1155,0.96,6,NO,KUMASI
1915,1916,2026-03-03 10:54:00,VLan10,HR,Mobile,SSH,531,1.01,13,NO,TAKORADI
1916,1917,2026-04-09 04:28:00,VLan20,Finance,Laptop,HTTP,587,2.43,2,NO,TAKORADI
1917,1918,2026-01-31 23:19:00,VLan30,IT,Laptop,HTTPS,1126,2.69,8,NO,TAKORADI
1918,1919,2026-03-31 11:33:00,VLan20,Finance,Desktop,HTTPS,677,1.5,1,NO,TEMA
1919,1920,2026-04-18 18:54:00,VLan40,Sales,Router,FTP,322,2.03,14,NO,ACCRA
1920,1921,2026-01-28 00:42:00,VLan30,IT,Mobile,SSH,994,4.49,2,YES,TAKORADI
1921,1922,2026-01-18 16:25:00,VLan10,HR,Server,SSH,172,1.7,1,NO,KUMASI
1922,1923,2026-01-20 17:36:00,VLan40,Sales,Mobile,SSH,245,0.21,4,NO,Tamale
1923,1924,2026-02-27 05:09:00,VLan10,HR,Mobile,SSH,128,3.65,5,NO,Tamale
1924,1925,2026-02-02 10:04:00,VLan40,Sales,Router,FTP,371,4.0,15,NO,KUMASI
1925,1926,2026-02-18 04:57:00,VLan40,Sales,Mobile,SSH,533,2.23,5,NO,Tamale
1926,1927,2026-03-11 04:46:00,VLan20,Finance,Desktop,DNS,430,3.07,15,NO,ACCRA
1927,1928,2026-04-16 18:03:00,VLan20,Finance,Laptop,SSH,454,3.93,5,NO,TEMA
1928,1929,2026-01-17 22:34:00,VLan40,Sales,Laptop,HTTP,573,3.73,2,NO,ACCRA
1929,1930,2026-04-10 23:04:00,VLan20,Finance,Mobile,SMTP,489,3.46,10,NO,TEMA
1930,1931,2026-02-04 12:11:00,VLan10,HR,Laptop,FTP,302,0.58,10,NO,Tamale
1931,1932,2026-03-20 11:44:00,VLan40,Sales,Mobile,FTP,495,4.77,1,NO,KUMASI
1932,1933,2026-03-28 16:31:00,VLan10,HR,Server,FTP,178,2.28,11,NO,TEMA
1933,1934,2026-01-11 04:59:00,VLan20,Finance,Laptop,HTTP,330,2.73,7,NO,KUMASI
1934,1935,2026-02-25 13:56:00,VLan40,Sales,Router,HTTP,534,2.58,14,NO,TEMA
1935,1936,2026-01-02 12:24:00,VLan20,Finance,Router,DNS,642,4.75,6,NO,ACCRA
1936,1937,2026-01-30 02:14:00,VLan40,Sales,Laptop,SMTP,286,4.46,12,NO,TAKORADI
1937,1938,2026-04-26 17:39:00,VLan30,IT,Server,HTTPS,1018,3.43,1,NO,KUMASI
1938,1939,2026-02-09 00:22:00,VLan10,HR,Mobile,FTP,429,3.49,14,NO,Tamale
1939,1940,2026-02-27 08:43:00,VLan10,HR,Laptop,HTTPS,151,2.19,1,NO,ACCRA
1940,1941,2026-02-18 19:52:00,VLan40,Sales,Laptop,SMTP,254,3.11,14,NO,Tamale
1941,1942,2026-03-27 07:02:00,VLan10,HR,Mobile,FTP,291,4.52,6,NO,ACCRA
1942,1943,2026-04-30 04:08:00,VLan40,Sales,Desktop,DNS,377,4.94,0,NO,TEMA
1943,1944,2026-03-20 02:40:00,VLan30,IT,Router,DNS,886,3.94,9,NO,ACCRA
1944,1945,2026-04-14 08:14:00,VLan40,Sales,Desktop,SMTP,191,4.28,15,NO,Tamale
1945,1946,2026-03-26 03:59:00,VLan10,HR,Server,DNS,257,3.35,4,NO,Tamale
1946,1947,2026-02-23 18:20:00,VLan20,Finance,Desktop,HTTP,374,3.81,2,NO,TEMA
1947,1948,2026-01-22 17:33:00,VLan30,IT,Laptop,HTTP,653,1.94,13,NO,TEMA
1948,1949,2026-03-04 19:52:00,VLan30,IT,Laptop,SMTP,878,3.86,3,NO,TAKORADI
1949,1950,2026-01-23 18:24:00,VLan30,IT,Server,SSH,1112,4.14,6,YES,TEMA
1950,1951,2026-04-25 14:05:00,VLan30,IT,Mobile,FTP,842,0.19,10,NO,TEMA
1951,1952,2026-01-18 09:14:00,VLan40,Sales,Desktop,DNS,307,4.73,14,NO,Tamale
1952,1953,2026-03-18 01:20:00,VLan40,Sales,Mobile,HTTPS,480,4.69,5,NO,ACCRA
1953,1954,2026-04-01 15:00:00,VLan20,Finance,Desktop,HTTPS,261,4.22,4,NO,TEMA
1954,1955,2026-03-05 07:05:00,VLan30,IT,Laptop,FTP,671,2.88,10,NO,TAKORADI
1955,1956,2026-03-17 17:33:00,VLan20,Finance,Desktop,HTTPS,407,2.05,12,NO,Tamale
1956,1957,2026-03-03 12:57:00,VLan40,Sales,Mobile,SSH,278,1.06,4,NO,ACCRA
1957,1958,2026-02-09 18:30:00,VLan10,HR,Mobile,FTP,290,1.32,12,NO,TEMA
1958,1959,2026-04-10 12:37:00,VLan10,HR,Laptop,DNS,437,3.9,10,NO,TAKORADI
1959,1960,2026-04-09 13:07:00,VLan40,Sales,Server,SMTP,526,1.05,15,NO,KUMASI
1960,1961,2026-04-12 21:30:00,VLan10,HR,Router,DNS,417,3.94,15,NO,KUMASI
1961,1962,2026-02-08 05:30:00,VLan40,Sales,Desktop,SSH,613,4.24,1,NO,TAKORADI
1962,1963,2026-03-17 00:52:00,VLan20,Finance,Router,HTTPS,145,3.76,1,NO,TAKORADI
1963,1964,2026-01-29 19:59:00,VLan20,Finance,Desktop,HTTPS,424,0.79,2,NO,TEMA
1964,1965,2026-01-12 22:59:00,VLan40,Sales,Mobile,SMTP,437,4.13,10,NO,Tamale
1965,1966,2026-01-31 12:12:00,VLan10,HR,Laptop,HTTPS,141,4.73,1,NO,Tamale
1966,1967,2026-01-11 19:00:00,VLan10,HR,Router,FTP,106,0.74,14,NO,TAKORADI
1967,1968,2026-02-06 15:38:00,VLan40,Sales,Laptop,DNS,669,0.88,10,NO,TEMA
1968,1969,2026-04-26 03:56:00,VLan30,IT,Router,HTTP,937,0.5,5,NO,TAKORADI
1969,1970,2026-02-20 07:10:00,VLan40,Sales,Mobile,HTTP,200,0.22,0,NO,ACCRA
1970,1971,2026-01-13 22:59:00,VLan20,Finance,Router,SMTP,313,1.61,15,NO,TEMA
1971,1972,2026-04-22 21:38:00,VLan30,IT,Laptop,HTTP,1044,1.63,9,NO,TEMA
1972,1973,2026-04-03 16:05:00,VLan30,IT,Laptop,HTTP,780,1.83,1,NO,TAKORADI
1973,1974,2026-03-24 15:44:00,VLan20,Finance,Desktop,FTP,582,1.06,12,NO,ACCRA
1974,1975,2026-03-30 18:50:00,VLan30,IT,Laptop,HTTP,531,1.6,2,NO,Tamale
1975,1976,2026-04-04 18:10:00,VLan40,Sales,Mobile,HTTP,223,3.59,7,NO,TEMA
1976,1977,2026-04-07 23:49:00,VLan30,IT,Desktop,SMTP,964,0.11,10,NO,TAKORADI
1977,1978,2026-01-11 09:04:00,VLan30,IT,Desktop,FTP,1053,4.62,12,YES,TAKORADI
1978,1979,2026-02-13 20:09:00,VLan40,Sales,Router,DNS,519,1.01,9,NO,KUMASI
1979,1980,2026-04-17 22:04:00,VLan20,Finance,Server,HTTP,388,3.9,13,NO,Tamale
1980,1981,2026-02-15 23:16:00,VLan40,Sales,Server,DNS,220,2.51,9,NO,ACCRA
1981,1982,2026-02-07 05:08:00,VLan20,Finance,Laptop,HTTPS,265,2.56,15,NO,Tamale
1982,1983,2026-01-15 03:51:00,VLan40,Sales,Mobile,DNS,474,1.21,10,NO,TEMA
1983,1984,2026-04-02 01:19:00,VLan30,IT,Desktop,SMTP,605,3.49,10,NO,TAKORADI
1984,1985,2026-03-07 07:03:00,VLan20,Finance,Laptop,FTP,340,0.53,6,NO,KUMASI
1985,1986,2026-02-10 02:24:00,VLan40,Sales,Mobile,SMTP,603,2.31,11,NO,KUMASI
1986,1987,2026-04-04 14:12:00,VLan30,IT,Desktop,SMTP,1095,1.47,12,NO,TAKORADI
1987,1988,2026-03-11 06:46:00,VLan20,Finance,Mobile,SMTP,275,3.64,3,NO,TEMA
1988,1989,2026-04-22 00:38:00,VLan20,Finance,Laptop,HTTP,652,3.0,0,NO,KUMASI
1989,1990,2026-04-05 18:46:00,VLan10,HR,Mobile,DNS,515,2.08,15,NO,TEMA
1990,1991,2026-04-26 00:22:00,VLan30,IT,Desktop,DNS,657,4.36,4,NO,TEMA
1991,1992,2026-01-20 06:35:00,VLan20,Finance,Mobile,DNS,170,1.41,14,NO,TEMA
1992,1993,2026-03-05 22:50:00,VLan40,Sales,Laptop,DNS,454,2.12,4,NO,TEMA
1993,1994,2026-04-06 11:32:00,VLan10,HR,Desktop,SMTP,490,0.84,15,NO,TAKORADI
1994,1995,2026-01-22 14:24:00,VLan30,IT,Mobile,DNS,947,0.16,5,NO,TAKORADI
1995,1996,2026-03-14 17:21:00,VLan40,Sales,Laptop,FTP,606,1.59,13,NO,TAKORADI
1996,1997,2026-03-29 05:38:00,VLan10,HR,Laptop,SMTP,220,3.9,3,NO,Tamale
1997,1998,2026-01-22 00:25:00,VLan20,Finance,Laptop,DNS,124,3.89,6,NO,TAKORADI
1998,1999,2026-03-04 08:43:00,VLan40,Sales,Server,HTTP,377,2.96,12,NO,TEMA
1999,2000,2026-03-28 08:02:00,VLan10,HR,Desktop,DNS,486,0.72,0,NO,Tamale
2000,2001,2026-03-10 20:50:00,VLan40,Sales,Laptop,SSH,190,2.45,11,NO,KUMASI
2001,2002,2026-04-25 19:42:00,VLan30,IT,Mobile,DNS,1117,4.5,1,NO,ACCRA
2002,2003,2026-01-19 17:36:00,VLan20,Finance,Mobile,HTTP,300,1.61,4,NO,TEMA
2003,2004,2026-04-12 15:01:00,VLan20,Finance,Laptop,SSH,353,2.62,2,NO,KUMASI
2004,2005,2026-01-22 14:30:00,VLan10,HR,Router,HTTP,125,0.38,5,NO,TAKORADI
2005,2006,2026-04-05 19:03:00,VLan40,Sales,Laptop,HTTP,612,2.02,3,NO,TAKORADI
2006,2007,2026-03-10 02:32:00,VLan40,Sales,Laptop,FTP,266,0.01,10,NO,TEMA
2007,2008,2026-03-20 03:28:00,VLan10,HR,Mobile,HTTPS,204,3.31,11,NO,ACCRA
2008,2009,2026-02-22 13:14:00,VLan20,Finance,Laptop,HTTPS,528,2.74,3,NO,Tamale
2009,2010,2026-01-16 14:41:00,VLan20,Finance,Desktop,DNS,392,3.61,14,NO,TAKORADI
2010,2011,2026-01-31 00:42:00,VLan20,Finance,Desktop,DNS,665,0.94,1,NO,ACCRA
2011,2012,2026-03-04 00:47:00,VLan30,IT,Router,SMTP,724,1.66,12,NO,TEMA
2012,2013,2026-04-10 23:29:00,VLan40,Sales,Server,HTTPS,560,1.71,5,NO,TAKORADI
2013,2014,2026-01-25 19:15:00,VLan20,Finance,Mobile,SMTP,381,2.84,0,NO,TEMA
2014,2015,2026-03-02 03:14:00,VLan40,Sales,Router,DNS,613,1.7,1,NO,TEMA
2015,2016,2026-01-05 22:46:00,VLan40,Sales,Mobile,DNS,439,1.31,3,NO,TAKORADI
2016,2017,2026-03-02 05:12:00,VLan20,Finance,Router,DNS,439,2.46,3,NO,TEMA
2017,2018,2026-03-14 09:58:00,VLan10,HR,Server,SMTP,382,4.4,5,NO,TEMA
2018,2019,2026-02-03 23:26:00,VLan40,Sales,Router,HTTPS,242,4.5,1,NO,TAKORADI
2019,2020,2026-01-23 07:38:00,VLan40,Sales,Router,SSH,178,0.6,6,NO,Tamale
2020,2021,2026-03-04 02:56:00,VLan30,IT,Desktop,HTTP,843,4.42,2,NO,ACCRA
2021,2022,2026-01-16 06:02:00,VLan40,Sales,Desktop,DNS,369,3.9,5,NO,TEMA
2022,2023,2026-03-22 17:13:00,VLan40,Sales,Server,SMTP,100,2.61,8,NO,Tamale
2023,2024,2026-04-01 10:29:00,VLan30,IT,Desktop,FTP,954,0.64,11,YES,TEMA
2024,2025,2026-02-09 13:22:00,VLan20,Finance,Server,FTP,588,0.74,3,NO,ACCRA
2025,2026,2026-04-09 07:35:00,VLan10,HR,Router,DNS,604,0.88,3,NO,ACCRA
2026,2027,2026-03-23 05:26:00,VLan40,Sales,Server,FTP,522,1.92,1,NO,ACCRA
2027,2028,2026-04-30 20:04:00,VLan30,IT,Mobile,DNS,552,1.0,0,NO,TAKORADI
2028,2029,2026-01-29 16:21:00,VLan10,HR,Desktop,SSH,578,0.68,4,NO,TEMA
2029,2030,2026-02-27 08:39:00,VLan30,IT,Desktop,SMTP,832,4.08,2,NO,KUMASI
2030,2031,2026-01-27 10:19:00,VLan30,IT,Desktop,HTTPS,653,0.76,9,NO,TAKORADI
2031,2032,2026-03-17 13:52:00,VLan30,IT,Mobile,SMTP,1168,3.3,12,NO,TEMA
2032,2033,2026-01-12 19:32:00,VLan30,IT,Server,FTP,940,4.35,6,YES,Tamale
2033,2034,2026-04-08 05:58:00,VLan30,IT,Laptop,HTTP,1140,2.57,2,NO,TAKORADI
2034,2035,2026-03-22 13:17:00,VLan40,Sales,Desktop,DNS,310,4.51,8,NO,ACCRA
2035,2036,2026-01-08 23:58:00,VLan10,HR,Desktop,SMTP,243,2.52,2,NO,Tamale
2036,2037,2026-02-05 04:23:00,VLan30,IT,Laptop,SMTP,795,3.69,5,NO,TAKORADI
2037,2038,2026-04-09 06:18:00,VLan20,Finance,Desktop,HTTPS,281,4.56,11,NO,TEMA
2038,2039,2026-04-20 00:07:00,VLan20,Finance,Desktop,DNS,502,0.54,7,NO,TAKORADI
2039,2040,2026-04-30 11:14:00,VLan10,HR,Router,FTP,104,1.59,6,NO,KUMASI
2040,2041,2026-01-24 17:15:00,VLan30,IT,Desktop,SMTP,734,3.43,11,NO,Tamale
2041,2042,2026-03-07 08:47:00,VLan20,Finance,Laptop,SSH,442,4.01,9,NO,ACCRA
2042,2043,2026-04-27 21:08:00,VLan20,Finance,Server,HTTP,199,0.41,2,NO,KUMASI
2043,2044,2026-03-05 20:45:00,VLan30,IT,Mobile,DNS,670,1.32,12,NO,TEMA
2044,2045,2026-04-07 10:32:00,VLan40,Sales,Laptop,HTTPS,192,2.07,2,NO,ACCRA
2045,2046,2026-03-18 10:58:00,VLan40,Sales,Router,HTTP,600,2.67,5,NO,TEMA
2046,2047,2026-03-15 10:06:00,VLan40,Sales,Router,DNS,152,2.31,15,NO,TEMA
2047,2048,2026-01-25 22:50:00,VLan30,IT,Router,DNS,711,1.32,1,NO,TEMA
2048,2049,2026-03-19 03:11:00,VLan40,Sales,Server,DNS,347,1.52,10,NO,KUMASI
2049,2050,2026-03-19 07:19:00,VLan20,Finance,Mobile,HTTPS,303,3.98,5,NO,TAKORADI
2050,2051,2026-03-11 04:08:00,VLan40,Sales,Laptop,DNS,335,0.45,3,NO,KUMASI
2051,2052,2026-03-26 06:20:00,VLan30,IT,Mobile,SMTP,613,3.53,1,NO,TEMA
2052,2053,2026-03-19 04:28:00,VLan30,IT,Laptop,SMTP,761,4.12,13,NO,KUMASI
2053,2054,2026-04-19 22:59:00,VLan40,Sales,Laptop,SSH,389,1.53,14,NO,Tamale
2054,2055,2026-01-27 17:55:00,VLan20,Finance,Desktop,SMTP,416,1.88,4,NO,Tamale
2055,2056,2026-04-08 11:04:00,VLan10,HR,Mobile,DNS,198,4.73,13,NO,TAKORADI
2056,2057,2026-02-09 23:54:00,VLan40,Sales,Mobile,HTTP,150,4.49,5,NO,ACCRA
2057,2058,2026-02-27 13:12:00,VLan20,Finance,Mobile,HTTPS,347,4.94,10,NO,TAKORADI
2058,2059,2026-04-08 17:32:00,VLan40,Sales,Mobile,SSH,127,4.09,7,NO,Tamale
2059,2060,2026-04-28 05:34:00,VLan40,Sales,Laptop,HTTP,523,3.03,3,NO,TAKORADI
2060,2061,2026-04-28 12:01:00,VLan30,IT,Server,FTP,654,4.75,10,NO,ACCRA
2061,2062,2026-01-06 18:59:00,VLan30,IT,Desktop,HTTPS,691,1.12,10,NO,TAKORADI
2062,2063,2026-02-04 14:11:00,VLan20,Finance,Mobile,SMTP,288,0.42,12,NO,TAKORADI
2063,2064,2026-01-03 14:24:00,VLan20,Finance,Mobile,HTTP,446,2.72,12,NO,TEMA
2064,2065,2026-01-20 08:36:00,VLan20,Finance,Server,SSH,122,0.2,14,NO,Tamale
2065,2066,2026-03-23 05:06:00,VLan20,Finance,Router,DNS,605,3.71,6,NO,ACCRA
2066,2067,2026-03-20 05:35:00,VLan40,Sales,Mobile,SMTP,521,3.39,15,NO,KUMASI
2067,2068,2026-03-26 10:58:00,VLan40,Sales,Desktop,SSH,181,1.04,14,NO,TAKORADI
2068,2069,2026-02-08 15:49:00,VLan10,HR,Router,SMTP,469,0.14,6,NO,TEMA
2069,2070,2026-01-07 12:42:00,VLan20,Finance,Laptop,SMTP,412,3.33,13,NO,TAKORADI
2070,2071,2026-03-07 06:27:00,VLan40,Sales,Mobile,FTP,606,0.78,3,NO,KUMASI
2071,2072,2026-02-22 12:38:00,VLan10,HR,Router,HTTPS,176,4.95,0,NO,Tamale
2072,2073,2026-01-08 05:19:00,VLan40,Sales,Laptop,HTTP,150,2.59,14,NO,KUMASI
2073,2074,2026-01-07 05:21:00,VLan40,Sales,Mobile,DNS,470,0.62,5,NO,Tamale
2074,2075,2026-02-27 04:36:00,VLan20,Finance,Desktop,SMTP,148,4.29,5,NO,TAKORADI
2075,2076,2026-02-26 13:53:00,VLan20,Finance,Mobile,HTTP,230,0.76,1,NO,TEMA
2076,2077,2026-03-10 06:38:00,VLan40,Sales,Laptop,SMTP,509,1.68,10,NO,TEMA
2077,2078,2026-03-17 20:22:00,VLan30,IT,Mobile,SMTP,810,4.89,5,NO,KUMASI
2078,2079,2026-04-10 16:11:00,VLan40,Sales,Router,SSH,545,4.36,12,NO,TEMA
2079,2080,2026-04-09 23:25:00,VLan10,HR,Laptop,SSH,589,4.48,10,NO,KUMASI
2080,2081,2026-04-27 01:23:00,VLan10,HR,Mobile,DNS,596,2.72,7,NO,KUMASI
2081,2082,2026-04-20 05:42:00,VLan30,IT,Server,SSH,835,4.97,3,NO,TAKORADI
2082,2083,2026-04-26 13:46:00,VLan40,Sales,Server,SSH,351,2.09,10,NO,TEMA
2083,2084,2026-04-26 03:00:00,VLan40,Sales,Server,SSH,175,3.51,9,NO,TAKORADI
2084,2085,2026-01-05 03:42:00,VLan30,IT,Desktop,SSH,724,1.02,2,NO,KUMASI
2085,2086,2026-04-15 17:01:00,VLan20,Finance,Server,HTTP,330,4.41,8,NO,TAKORADI
2086,2087,2026-04-09 05:00:00,VLan30,IT,Desktop,HTTPS,1051,1.64,4,NO,KUMASI
2087,2088,2026-03-06 02:51:00,VLan20,Finance,Desktop,FTP,392,4.97,1,NO,Tamale
2088,2089,2026-04-20 05:54:00,VLan10,HR,Router,DNS,323,2.14,0,NO,TEMA
2089,2090,2026-02-21 12:16:00,VLan20,Finance,Server,DNS,175,3.71,11,NO,TEMA
2090,2091,2026-04-24 17:19:00,VLan30,IT,Laptop,DNS,536,1.08,8,NO,ACCRA
2091,2092,2026-03-01 12:16:00,VLan30,IT,Mobile,SSH,856,1.19,13,NO,ACCRA
2092,2093,2026-03-01 04:30:00,VLan20,Finance,Server,SSH,633,1.19,11,NO,TEMA
2093,2094,2026-01-29 20:04:00,VLan40,Sales,Router,DNS,232,4.35,0,NO,ACCRA
2094,2095,2026-03-10 22:56:00,VLan20,Finance,Desktop,HTTPS,150,0.36,2,NO,TAKORADI
2095,2096,2026-01-25 17:37:00,VLan20,Finance,Laptop,HTTPS,492,2.92,13,NO,KUMASI
2096,2097,2026-01-23 15:42:00,VLan30,IT,Mobile,HTTPS,665,4.39,7,NO,TEMA
2097,2098,2026-01-05 18:31:00,VLan40,Sales,Server,HTTPS,366,3.38,1,NO,TAKORADI
2098,2099,2026-04-18 12:16:00,VLan30,IT,Router,HTTPS,832,4.5,7,NO,Tamale
2099,2100,2026-04-03 03:58:00,VLan30,IT,Router,SMTP,651,2.17,15,NO,ACCRA
2100,2101,2026-01-17 07:02:00,VLan30,IT,Router,SMTP,642,4.65,15,NO,KUMASI
2101,2102,2026-01-14 11:24:00,VLan30,IT,Server,SSH,953,3.99,10,YES,Tamale
2102,2103,2026-03-12 19:20:00,VLan40,Sales,Mobile,FTP,232,4.97,2,NO,Tamale
2103,2104,2026-01-26 03:14:00,VLan20,Finance,Laptop,HTTPS,157,1.79,12,NO,KUMASI
2104,2105,2026-03-21 07:08:00,VLan20,Finance,Router,SSH,280,4.95,3,NO,ACCRA
2105,2106,2026-04-06 21:30:00,VLan40,Sales,Laptop,HTTPS,266,0.88,9,NO,ACCRA
2106,2107,2026-03-05 21:39:00,VLan40,Sales,Laptop,HTTP,130,4.44,12,NO,ACCRA
2107,2108,2026-03-10 18:34:00,VLan40,Sales,Mobile,HTTP,553,3.66,12,NO,TEMA
2108,2109,2026-04-03 02:16:00,VLan30,IT,Mobile,HTTP,739,1.94,10,NO,ACCRA
2109,2110,2026-03-26 02:16:00,VLan30,IT,Desktop,SMTP,1143,4.0,8,NO,Tamale
2110,2111,2026-04-21 12:34:00,VLan30,IT,Mobile,FTP,741,2.67,15,NO,KUMASI
2111,2112,2026-03-24 15:37:00,VLan30,IT,Desktop,SSH,866,3.21,8,NO,ACCRA
2112,2113,2026-04-27 22:32:00,VLan10,HR,Desktop,DNS,158,3.02,7,NO,KUMASI
2113,2114,2026-04-19 19:17:00,VLan30,IT,Desktop,DNS,1035,3.17,4,NO,ACCRA
2114,2115,2026-01-06 00:57:00,VLan40,Sales,Desktop,HTTPS,618,3.86,9,NO,ACCRA
2115,2116,2026-01-07 07:02:00,VLan40,Sales,Desktop,SSH,625,0.4,13,NO,TAKORADI
2116,2117,2026-03-31 01:03:00,VLan30,IT,Mobile,FTP,912,0.58,9,YES,ACCRA
2117,2118,2026-03-26 10:36:00,VLan20,Finance,Server,HTTP,203,2.67,3,NO,TEMA
2118,2119,2026-03-27 05:32:00,VLan20,Finance,Mobile,FTP,331,2.45,13,NO,TAKORADI
2119,2120,2026-03-01 16:01:00,VLan40,Sales,Router,SMTP,674,4.98,5,NO,TAKORADI
2120,2121,2026-01-27 10:20:00,VLan20,Finance,Server,FTP,583,4.34,9,NO,ACCRA
2121,2122,2026-03-14 02:06:00,VLan10,HR,Server,DNS,466,2.62,5,NO,TEMA
2122,2123,2026-04-03 16:40:00,VLan40,Sales,Router,HTTPS,615,1.01,11,NO,TEMA
2123,2124,2026-03-08 07:11:00,VLan30,IT,Mobile,FTP,1149,0.91,14,YES,KUMASI
2124,2125,2026-01-07 05:23:00,VLan20,Finance,Desktop,HTTP,149,3.21,1,NO,TEMA
2125,2126,2026-02-04 13:49:00,VLan30,IT,Mobile,SMTP,553,1.99,10,NO,ACCRA
2126,2127,2026-01-20 12:58:00,VLan30,IT,Server,HTTPS,853,4.45,13,NO,TAKORADI
2127,2128,2026-01-02 02:12:00,VLan20,Finance,Mobile,HTTP,369,0.43,9,NO,TAKORADI
2128,2129,2026-03-31 21:25:00,VLan30,IT,Desktop,DNS,554,3.39,0,NO,KUMASI
2129,2130,2026-03-25 18:38:00,VLan20,Finance,Laptop,HTTP,573,0.67,7,NO,ACCRA
2130,2131,2026-04-04 12:35:00,VLan10,HR,Router,DNS,247,0.44,12,NO,TEMA
2131,2132,2026-01-26 09:28:00,VLan40,Sales,Router,SMTP,515,2.0,1,NO,ACCRA
2132,2133,2026-04-02 00:41:00,VLan10,HR,Server,HTTP,576,3.45,7,NO,Tamale
2133,2134,2026-03-01 19:42:00,VLan20,Finance,Server,DNS,396,4.74,1,NO,Tamale
2134,2135,2026-04-25 22:44:00,VLan20,Finance,Laptop,HTTPS,566,0.99,11,NO,TAKORADI
2135,2136,2026-02-24 03:56:00,VLan40,Sales,Mobile,DNS,385,1.08,8,NO,TAKORADI
2136,2137,2026-01-01 19:03:00,VLan30,IT,Router,FTP,1098,1.4,11,YES,KUMASI
2137,2138,2026-01-03 22:09:00,VLan30,IT,Desktop,SMTP,1177,0.14,8,NO,TEMA
2138,2139,2026-04-02 08:40:00,VLan10,HR,Router,HTTP,514,2.6,14,NO,ACCRA
2139,2140,2026-03-28 06:27:00,VLan10,HR,Router,HTTPS,164,3.47,4,NO,TAKORADI
2140,2141,2026-01-31 23:24:00,VLan10,HR,Router,SSH,104,4.96,11,NO,TAKORADI
2141,2142,2026-01-31 16:54:00,VLan10,HR,Desktop,HTTP,315,2.63,10,NO,KUMASI
2142,2143,2026-01-16 02:17:00,VLan10,HR,Router,DNS,273,0.1,14,NO,ACCRA
2143,2144,2026-04-07 11:17:00,VLan20,Finance,Desktop,SSH,651,3.87,14,NO,Tamale
2144,2145,2026-04-01 01:49:00,VLan10,HR,Desktop,FTP,631,0.9,0,NO,KUMASI
2145,2146,2026-03-27 21:56:00,VLan40,Sales,Mobile,DNS,463,0.02,15,NO,TEMA
2146,2147,2026-04-11 18:07:00,VLan40,Sales,Mobile,SSH,269,0.71,8,NO,Tamale
2147,2148,2026-02-07 19:47:00,VLan10,HR,Router,HTTPS,654,4.69,7,NO,TEMA
2148,2149,2026-01-15 12:40:00,VLan30,IT,Router,FTP,1110,4.34,13,YES,TAKORADI
2149,2150,2026-02-17 13:42:00,VLan10,HR,Router,FTP,503,1.19,12,NO,KUMASI
2150,2151,2026-04-07 02:57:00,VLan20,Finance,Router,HTTPS,202,0.52,9,NO,ACCRA
2151,2152,2026-02-15 22:29:00,VLan30,IT,Laptop,FTP,560,0.11,5,NO,KUMASI
2152,2153,2026-02-22 23:36:00,VLan10,HR,Router,HTTPS,452,4.25,4,NO,ACCRA
2153,2154,2026-04-05 16:38:00,VLan30,IT,Server,HTTPS,534,3.8,11,NO,TAKORADI
2154,2155,2026-04-27 19:22:00,VLan10,HR,Desktop,HTTPS,309,3.04,0,NO,TAKORADI
2155,2156,2026-04-25 04:35:00,VLan30,IT,Server,HTTP,1184,1.51,6,NO,KUMASI
2156,2157,2026-01-06 16:10:00,VLan40,Sales,Desktop,HTTPS,223,4.67,0,NO,Tamale
2157,2158,2026-03-15 01:46:00,VLan40,Sales,Mobile,FTP,657,4.43,13,NO,KUMASI
2158,2159,2026-02-08 14:52:00,VLan20,Finance,Laptop,FTP,476,4.66,2,NO,KUMASI
2159,2160,2026-03-29 20:32:00,VLan20,Finance,Desktop,SSH,612,2.72,9,NO,TAKORADI
2160,2161,2026-04-04 11:51:00,VLan40,Sales,Router,SSH,258,0.92,9,NO,TAKORADI
2161,2162,2026-02-13 23:37:00,VLan30,IT,Laptop,SSH,708,1.93,12,NO,TEMA
2162,2163,2026-01-16 21:02:00,VLan20,Finance,Server,FTP,615,2.89,10,NO,Tamale
2163,2164,2026-02-14 18:58:00,VLan20,Finance,Router,SSH,588,0.95,12,NO,Tamale
2164,2165,2026-01-22 15:05:00,VLan30,IT,Desktop,HTTP,1181,3.79,0,NO,ACCRA
2165,2166,2026-02-16 23:45:00,VLan10,HR,Server,HTTP,642,4.03,8,NO,TAKORADI
2166,2167,2026-01-12 05:53:00,VLan40,Sales,Router,SSH,338,4.68,10,NO,KUMASI
2167,2168,2026-03-11 23:41:00,VLan10,HR,Laptop,SSH,669,1.73,11,NO,Tamale
2168,2169,2026-04-28 01:55:00,VLan30,IT,Laptop,SSH,1157,4.37,6,YES,KUMASI
2169,2170,2026-03-12 13:52:00,VLan40,Sales,Laptop,SSH,439,1.54,14,NO,TAKORADI
2170,2171,2026-01-04 01:33:00,VLan10,HR,Desktop,HTTP,306,2.88,2,NO,Tamale
2171,2172,2026-03-09 04:16:00,VLan40,Sales,Server,HTTP,444,2.91,0,NO,KUMASI
2172,2173,2026-03-15 08:01:00,VLan40,Sales,Laptop,SMTP,471,1.41,3,NO,TAKORADI
2173,2174,2026-04-06 08:05:00,VLan20,Finance,Server,HTTP,577,2.12,4,NO,KUMASI
2174,2175,2026-04-07 00:55:00,VLan30,IT,Server,DNS,808,0.31,8,NO,KUMASI
2175,2176,2026-01-11 21:41:00,VLan10,HR,Server,SMTP,547,4.0,4,NO,ACCRA
2176,2177,2026-03-30 21:36:00,VLan10,HR,Desktop,SMTP,611,1.64,6,NO,KUMASI
2177,2178,2026-01-03 07:03:00,VLan10,HR,Mobile,HTTPS,471,3.23,6,NO,ACCRA
2178,2179,2026-03-05 14:39:00,VLan40,Sales,Laptop,SMTP,280,1.03,15,NO,TAKORADI
2179,2180,2026-03-13 18:52:00,VLan30,IT,Laptop,SSH,1174,0.55,2,YES,TEMA
2180,2181,2026-01-02 02:04:00,VLan20,Finance,Laptop,SMTP,461,2.03,14,NO,Tamale
2181,2182,2026-01-25 18:56:00,VLan30,IT,Desktop,DNS,551,0.68,7,NO,TAKORADI
2182,2183,2026-02-07 15:55:00,VLan30,IT,Mobile,FTP,983,0.43,9,YES,TAKORADI
2183,2184,2026-01-04 12:57:00,VLan20,Finance,Server,FTP,570,0.41,15,NO,KUMASI
2184,2185,2026-03-21 16:04:00,VLan40,Sales,Server,DNS,298,4.62,8,NO,TAKORADI
2185,2186,2026-02-10 07:19:00,VLan20,Finance,Router,FTP,694,2.55,10,NO,TAKORADI
2186,2187,2026-04-03 08:26:00,VLan40,Sales,Server,HTTP,685,0.15,3,NO,TAKORADI
2187,2188,2026-04-25 04:31:00,VLan30,IT,Mobile,HTTPS,1176,2.66,4,NO,KUMASI
2188,2189,2026-03-16 10:03:00,VLan40,Sales,Server,HTTP,513,4.56,7,NO,ACCRA
2189,2190,2026-03-28 15:42:00,VLan40,Sales,Desktop,HTTPS,276,0.71,2,NO,TAKORADI
2190,2191,2026-03-29 12:53:00,VLan10,HR,Mobile,HTTPS,573,0.37,2,NO,Tamale
2191,2192,2026-02-10 06:21:00,VLan20,Finance,Server,HTTPS,582,2.35,8,NO,ACCRA
2192,2193,2026-03-19 10:39:00,VLan20,Finance,Desktop,FTP,596,2.84,6,NO,Tamale
2193,2194,2026-02-08 08:45:00,VLan10,HR,Mobile,SMTP,113,1.36,12,NO,ACCRA
2194,2195,2026-03-27 01:39:00,VLan20,Finance,Desktop,SSH,141,0.84,4,NO,Tamale
2195,2196,2026-04-14 22:40:00,VLan40,Sales,Laptop,FTP,223,1.69,3,NO,TEMA
2196,2197,2026-03-31 17:57:00,VLan30,IT,Router,HTTP,703,3.71,11,NO,KUMASI
2197,2198,2026-03-11 01:44:00,VLan20,Finance,Router,SSH,585,4.68,8,NO,ACCRA
2198,2199,2026-02-16 18:41:00,VLan20,Finance,Desktop,SSH,620,1.63,13,NO,TEMA
2199,2200,2026-04-23 05:18:00,VLan20,Finance,Router,HTTP,298,1.78,12,NO,TEMA
2200,2201,2026-02-04 17:24:00,VLan10,HR,Mobile,FTP,363,2.8,7,NO,Tamale
2201,2202,2026-04-06 16:40:00,VLan30,IT,Mobile,SMTP,1120,2.55,4,NO,TAKORADI
2202,2203,2026-04-25 23:50:00,VLan30,IT,Laptop,HTTPS,775,1.56,13,NO,TEMA
2203,2204,2026-04-02 01:26:00,VLan20,Finance,Server,FTP,601,2.73,6,NO,KUMASI
2204,2205,2026-04-24 09:32:00,VLan40,Sales,Router,SSH,158,3.52,13,NO,ACCRA
2205,2206,2026-03-24 05:21:00,VLan10,HR,Router,SMTP,547,2.13,6,NO,TEMA
2206,2207,2026-01-10 11:29:00,VLan30,IT,Router,FTP,998,1.1,6,YES,Tamale
2207,2208,2026-04-17 22:08:00,VLan20,Finance,Desktop,DNS,384,3.47,1,NO,TEMA
2208,2209,2026-02-06 09:41:00,VLan30,IT,Router,HTTPS,833,1.36,0,NO,TAKORADI
2209,2210,2026-04-04 09:53:00,VLan10,HR,Mobile,SSH,610,1.62,1,NO,KUMASI
2210,2211,2026-01-23 02:05:00,VLan30,IT,Mobile,SSH,502,3.98,1,NO,KUMASI
2211,2212,2026-04-30 09:42:00,VLan10,HR,Router,HTTPS,161,4.08,12,NO,TEMA
2212,2213,2026-04-23 12:43:00,VLan40,Sales,Server,SSH,186,1.28,8,NO,Tamale
2213,2214,2026-03-12 23:44:00,VLan40,Sales,Router,SSH,672,4.4,2,NO,TEMA
2214,2215,2026-04-15 19:14:00,VLan40,Sales,Server,FTP,471,0.99,8,NO,ACCRA
2215,2216,2026-04-06 21:57:00,VLan20,Finance,Laptop,HTTPS,540,1.75,5,NO,KUMASI
2216,2217,2026-04-08 12:21:00,VLan20,Finance,Desktop,SSH,542,1.01,1,NO,TAKORADI
2217,2218,2026-03-13 11:55:00,VLan30,IT,Laptop,DNS,1054,4.73,7,NO,Tamale
2218,2219,2026-01-14 09:56:00,VLan30,IT,Server,HTTPS,1111,1.59,0,NO,TAKORADI
2219,2220,2026-02-16 15:00:00,VLan20,Finance,Mobile,DNS,142,1.24,7,NO,Tamale
2220,2221,2026-02-18 10:10:00,VLan30,IT,Laptop,SSH,804,2.04,10,NO,TEMA
2221,2222,2026-04-16 07:29:00,VLan40,Sales,Laptop,HTTP,267,0.76,14,NO,Tamale
2222,2223,2026-04-15 10:38:00,VLan10,HR,Server,SSH,414,1.71,14,NO,KUMASI
2223,2224,2026-03-22 13:52:00,VLan30,IT,Router,DNS,1175,2.48,9,NO,KUMASI
2224,2225,2026-02-19 18:53:00,VLan20,Finance,Desktop,HTTP,486,1.28,9,NO,Tamale
2225,2226,2026-01-02 19:53:00,VLan40,Sales,Server,SSH,178,0.16,9,NO,KUMASI
2226,2227,2026-03-09 22:28:00,VLan30,IT,Server,FTP,523,2.6,5,NO,Tamale
2227,2228,2026-04-23 05:59:00,VLan20,Finance,Mobile,DNS,424,3.4,3,NO,TEMA
2228,2229,2026-02-06 08:07:00,VLan20,Finance,Router,SSH,387,3.77,3,NO,KUMASI
2229,2230,2026-03-24 23:52:00,VLan20,Finance,Laptop,HTTPS,220,1.43,11,NO,TAKORADI
2230,2231,2026-04-06 22:52:00,VLan20,Finance,Mobile,SSH,324,4.51,13,NO,ACCRA
2231,2232,2026-04-25 09:03:00,VLan30,IT,Mobile,SSH,744,4.58,5,NO,Tamale
2232,2233,2026-04-15 00:59:00,VLan40,Sales,Desktop,DNS,332,0.5,7,NO,ACCRA
2233,2234,2026-03-19 08:32:00,VLan30,IT,Router,HTTP,506,3.52,5,NO,Tamale
2234,2235,2026-04-20 03:21:00,VLan40,Sales,Desktop,SMTP,258,1.95,0,NO,KUMASI
2235,2236,2026-01-11 22:08:00,VLan30,IT,Router,HTTP,647,1.11,15,NO,TAKORADI
2236,2237,2026-03-19 03:05:00,VLan30,IT,Server,HTTP,1123,2.32,15,NO,TEMA
2237,2238,2026-02-04 05:23:00,VLan10,HR,Server,HTTPS,641,3.02,8,NO,TAKORADI
2238,2239,2026-03-12 01:50:00,VLan30,IT,Mobile,HTTP,787,3.93,2,NO,TAKORADI
2239,2240,2026-01-10 23:16:00,VLan20,Finance,Server,DNS,393,2.42,8,NO,TEMA
2240,2241,2026-03-29 06:59:00,VLan20,Finance,Laptop,SSH,552,1.13,2,NO,Tamale
2241,2242,2026-02-05 02:08:00,VLan30,IT,Laptop,SSH,761,4.63,14,NO,TAKORADI
2242,2243,2026-03-01 20:43:00,VLan30,IT,Desktop,HTTPS,599,0.03,12,NO,Tamale
2243,2244,2026-04-14 08:36:00,VLan40,Sales,Router,HTTPS,246,1.93,1,NO,KUMASI
2244,2245,2026-01-23 16:07:00,VLan20,Finance,Mobile,SMTP,503,3.02,0,NO,KUMASI
2245,2246,2026-03-16 20:54:00,VLan20,Finance,Router,SSH,195,3.69,2,NO,ACCRA
2246,2247,2026-01-23 14:04:00,VLan40,Sales,Desktop,DNS,584,1.67,5,NO,ACCRA
2247,2248,2026-01-12 13:22:00,VLan20,Finance,Mobile,HTTP,123,1.33,8,NO,TEMA
2248,2249,2026-01-26 21:37:00,VLan10,HR,Mobile,FTP,436,4.34,3,NO,Tamale
2249,2250,2026-03-03 04:52:00,VLan30,IT,Router,FTP,1007,4.46,12,YES,KUMASI
2250,2251,2026-03-27 00:46:00,VLan40,Sales,Router,DNS,207,3.02,6,NO,Tamale
2251,2252,2026-02-02 02:28:00,VLan40,Sales,Laptop,DNS,488,2.08,10,NO,TEMA
2252,2253,2026-03-15 23:21:00,VLan10,HR,Laptop,SMTP,648,1.19,4,NO,KUMASI
2253,2254,2026-04-08 13:10:00,VLan30,IT,Server,HTTPS,575,0.2,1,NO,KUMASI
2254,2255,2026-01-07 10:56:00,VLan30,IT,Server,DNS,1064,4.86,0,NO,TAKORADI
2255,2256,2026-01-04 05:16:00,VLan20,Finance,Server,DNS,642,3.51,11,NO,TEMA
2256,2257,2026-03-12 17:03:00,VLan30,IT,Server,HTTP,876,0.35,15,NO,TEMA
2257,2258,2026-03-11 01:57:00,VLan30,IT,Mobile,FTP,699,3.83,8,NO,TAKORADI
2258,2259,2026-01-20 19:43:00,VLan30,IT,Mobile,HTTPS,987,1.18,7,NO,ACCRA
2259,2260,2026-02-09 16:38:00,VLan20,Finance,Desktop,SSH,553,4.4,12,NO,KUMASI
2260,2261,2026-01-25 21:52:00,VLan20,Finance,Server,DNS,500,2.9,8,NO,ACCRA
2261,2262,2026-02-23 19:52:00,VLan40,Sales,Router,HTTPS,524,0.49,14,NO,KUMASI
2262,2263,2026-01-04 16:56:00,VLan10,HR,Server,SMTP,588,1.4,0,NO,TAKORADI
2263,2264,2026-04-06 07:41:00,VLan30,IT,Laptop,DNS,915,3.95,13,NO,KUMASI
2264,2265,2026-01-12 23:52:00,VLan30,IT,Router,DNS,1179,0.37,8,NO,KUMASI
2265,2266,2026-04-10 16:36:00,VLan10,HR,Router,FTP,302,2.11,4,NO,Tamale
2266,2267,2026-04-22 19:38:00,VLan20,Finance,Router,HTTP,332,3.8,0,NO,TAKORADI
2267,2268,2026-02-09 04:22:00,VLan10,HR,Desktop,SSH,246,2.61,13,NO,Tamale
2268,2269,2026-03-18 13:38:00,VLan20,Finance,Server,HTTP,365,3.98,8,NO,Tamale
2269,2270,2026-03-10 15:20:00,VLan10,HR,Laptop,SSH,313,4.85,5,NO,TEMA
2270,2271,2026-01-22 08:29:00,VLan20,Finance,Desktop,DNS,163,2.16,12,NO,ACCRA
2271,2272,2026-02-21 21:15:00,VLan40,Sales,Router,HTTP,115,0.22,9,NO,KUMASI
2272,2273,2026-03-09 16:22:00,VLan40,Sales,Desktop,FTP,441,2.18,15,NO,TEMA
2273,2274,2026-01-16 11:49:00,VLan40,Sales,Server,HTTPS,359,2.82,9,NO,TAKORADI
2274,2275,2026-02-25 15:19:00,VLan40,Sales,Mobile,DNS,422,2.18,4,NO,TAKORADI
2275,2276,2026-02-25 12:47:00,VLan30,IT,Mobile,DNS,755,0.4,9,NO,KUMASI
2276,2277,2026-02-16 03:24:00,VLan40,Sales,Desktop,SSH,676,4.29,11,NO,TAKORADI
2277,2278,2026-02-08 07:41:00,VLan30,IT,Server,HTTP,619,4.86,15,NO,TEMA
2278,2279,2026-02-14 00:02:00,VLan20,Finance,Mobile,FTP,318,3.6,9,NO,KUMASI
2279,2280,2026-04-26 12:55:00,VLan30,IT,Mobile,DNS,822,2.66,4,NO,ACCRA
2280,2281,2026-01-28 22:38:00,VLan30,IT,Desktop,FTP,984,4.87,5,YES,TEMA
2281,2282,2026-04-08 18:34:00,VLan10,HR,Mobile,FTP,662,1.45,10,NO,KUMASI
2282,2283,2026-03-07 06:39:00,VLan10,HR,Laptop,SMTP,238,1.04,8,NO,TAKORADI
2283,2284,2026-01-20 03:46:00,VLan20,Finance,Server,DNS,146,1.03,12,NO,ACCRA
2284,2285,2026-03-15 16:30:00,VLan20,Finance,Router,FTP,691,3.36,10,NO,TEMA
2285,2286,2026-04-22 17:53:00,VLan10,HR,Router,DNS,392,1.49,12,NO,ACCRA
2286,2287,2026-02-12 11:10:00,VLan20,Finance,Server,SMTP,641,0.79,7,NO,Tamale
2287,2288,2026-03-11 20:43:00,VLan20,Finance,Mobile,SSH,613,2.1,14,NO,TEMA
2288,2289,2026-04-30 17:35:00,VLan10,HR,Router,FTP,542,3.91,10,NO,TEMA
2289,2290,2026-01-11 17:35:00,VLan40,Sales,Router,SMTP,266,0.38,7,NO,TEMA
2290,2291,2026-04-27 09:56:00,VLan40,Sales,Server,FTP,603,1.48,1,NO,TAKORADI
2291,2292,2026-04-10 03:08:00,VLan30,IT,Router,DNS,1167,4.8,11,NO,Tamale
2292,2293,2026-03-15 12:21:00,VLan10,HR,Router,HTTP,361,4.83,9,NO,Tamale
2293,2294,2026-03-23 01:47:00,VLan20,Finance,Server,DNS,544,3.65,8,NO,TEMA
2294,2295,2026-01-22 09:01:00,VLan30,IT,Desktop,SSH,603,1.22,9,NO,TAKORADI
2295,2296,2026-01-29 04:17:00,VLan10,HR,Server,HTTP,134,1.66,7,NO,TEMA
2296,2297,2026-03-05 05:33:00,VLan10,HR,Desktop,SSH,404,1.5,14,NO,KUMASI
2297,2298,2026-04-18 09:31:00,VLan20,Finance,Server,SMTP,400,3.73,6,NO,Tamale
2298,2299,2026-02-23 04:46:00,VLan30,IT,Router,SSH,968,3.56,8,YES,TAKORADI
2299,2300,2026-04-26 00:56:00,VLan30,IT,Router,SSH,713,4.35,12,NO,ACCRA
2300,2301,2026-03-29 00:11:00,VLan30,IT,Laptop,SMTP,559,2.0,0,NO,Tamale
2301,2302,2026-04-22 11:57:00,VLan20,Finance,Server,HTTP,357,0.78,0,NO,TEMA
2302,2303,2026-01-24 19:42:00,VLan40,Sales,Desktop,DNS,220,2.38,2,NO,TAKORADI
2303,2304,2026-04-17 03:40:00,VLan20,Finance,Laptop,SSH,235,2.59,14,NO,TEMA
2304,2305,2026-01-02 10:11:00,VLan30,IT,Mobile,SSH,1135,0.28,7,YES,KUMASI
2305,2306,2026-02-17 21:24:00,VLan10,HR,Desktop,SSH,606,0.19,1,NO,TEMA
2306,2307,2026-02-02 16:31:00,VLan30,IT,Router,HTTP,790,2.85,15,NO,Tamale
2307,2308,2026-02-25 13:06:00,VLan40,Sales,Router,SSH,175,4.86,3,NO,TEMA
2308,2309,2026-01-08 04:55:00,VLan30,IT,Router,DNS,740,3.38,15,NO,TAKORADI
2309,2310,2026-04-23 01:24:00,VLan10,HR,Server,HTTP,402,2.26,5,NO,ACCRA
2310,2311,2026-03-22 03:33:00,VLan10,HR,Server,SMTP,433,2.29,10,NO,Tamale
2311,2312,2026-04-19 15:02:00,VLan20,Finance,Mobile,FTP,610,1.19,14,NO,KUMASI
2312,2313,2026-01-04 17:19:00,VLan30,IT,Mobile,SMTP,768,3.78,2,NO,Tamale
2313,2314,2026-01-09 13:17:00,VLan20,Finance,Desktop,HTTPS,435,1.46,7,NO,KUMASI
2314,2315,2026-04-30 23:31:00,VLan10,HR,Laptop,HTTPS,448,2.9,13,NO,Tamale
2315,2316,2026-01-18 20:58:00,VLan20,Finance,Desktop,SMTP,548,4.4,15,NO,ACCRA
2316,2317,2026-03-27 01:44:00,VLan40,Sales,Server,SMTP,364,2.18,12,NO,TEMA
2317,2318,2026-02-17 07:51:00,VLan20,Finance,Mobile,HTTP,668,0.04,10,NO,TEMA
2318,2319,2026-01-29 18:14:00,VLan30,IT,Laptop,HTTPS,537,1.91,7,NO,ACCRA
2319,2320,2026-04-19 21:42:00,VLan20,Finance,Mobile,SMTP,606,4.47,0,NO,TEMA
2320,2321,2026-01-24 00:52:00,VLan40,Sales,Mobile,HTTPS,350,1.24,15,NO,KUMASI
2321,2322,2026-04-28 12:21:00,VLan30,IT,Router,HTTPS,1197,0.0,5,NO,TAKORADI
2322,2323,2026-01-29 07:37:00,VLan30,IT,Desktop,SMTP,1037,4.45,9,NO,Tamale
2323,2324,2026-02-09 16:17:00,VLan10,HR,Server,SMTP,641,3.79,7,NO,KUMASI
2324,2325,2026-01-18 23:35:00,VLan10,HR,Router,HTTPS,641,2.24,4,NO,TEMA
2325,2326,2026-03-27 20:00:00,VLan20,Finance,Server,SSH,324,4.68,10,NO,KUMASI
2326,2327,2026-04-01 08:45:00,VLan30,IT,Laptop,SSH,776,0.98,7,NO,TEMA
2327,2328,2026-03-22 23:06:00,VLan20,Finance,Server,FTP,223,3.96,13,NO,TEMA
2328,2329,2026-04-22 12:48:00,VLan40,Sales,Router,SMTP,210,4.18,1,NO,KUMASI
2329,2330,2026-02-11 06:40:00,VLan10,HR,Server,FTP,151,4.54,13,NO,TAKORADI
2330,2331,2026-02-01 19:13:00,VLan10,HR,Mobile,SMTP,164,1.94,3,NO,TAKORADI
2331,2332,2026-01-03 00:35:00,VLan20,Finance,Desktop,HTTP,436,1.26,3,NO,TEMA
2332,2333,2026-01-07 13:20:00,VLan40,Sales,Router,HTTP,244,0.06,2,NO,ACCRA
2333,2334,2026-01-08 07:31:00,VLan30,IT,Laptop,HTTPS,1067,0.89,14,NO,Tamale
2334,2335,2026-03-13 06:48:00,VLan10,HR,Router,HTTPS,500,3.92,1,NO,ACCRA
2335,2336,2026-04-11 22:08:00,VLan30,IT,Server,SSH,986,0.18,13,YES,ACCRA
2336,2337,2026-01-09 00:08:00,VLan40,Sales,Server,HTTP,186,2.63,4,NO,TEMA
2337,2338,2026-02-20 06:56:00,VLan30,IT,Router,HTTPS,970,1.71,2,NO,Tamale
2338,2339,2026-04-20 01:18:00,VLan40,Sales,Mobile,DNS,471,4.05,7,NO,TAKORADI
2339,2340,2026-04-04 06:51:00,VLan10,HR,Router,DNS,642,3.36,9,NO,TEMA
2340,2341,2026-01-16 21:34:00,VLan20,Finance,Server,FTP,198,4.91,15,NO,TEMA
2341,2342,2026-03-11 22:55:00,VLan30,IT,Laptop,DNS,740,2.92,5,NO,KUMASI
2342,2343,2026-04-12 01:11:00,VLan40,Sales,Laptop,FTP,360,4.65,12,NO,TEMA
2343,2344,2026-04-09 03:29:00,VLan30,IT,Server,SMTP,1184,0.51,5,NO,KUMASI
2344,2345,2026-02-21 04:31:00,VLan40,Sales,Mobile,DNS,564,0.76,0,NO,KUMASI
2345,2346,2026-04-23 11:53:00,VLan30,IT,Router,SMTP,878,3.49,13,NO,KUMASI
2346,2347,2026-03-05 19:11:00,VLan20,Finance,Router,HTTPS,154,0.01,13,NO,ACCRA
2347,2348,2026-04-18 15:06:00,VLan40,Sales,Router,SSH,271,0.32,6,NO,ACCRA
2348,2349,2026-03-03 19:09:00,VLan10,HR,Laptop,HTTPS,121,0.32,13,NO,Tamale
2349,2350,2026-02-18 19:14:00,VLan20,Finance,Router,FTP,248,0.33,10,NO,ACCRA
2350,2351,2026-03-17 07:39:00,VLan30,IT,Router,HTTPS,1076,4.48,8,NO,Tamale
2351,2352,2026-03-25 12:29:00,VLan40,Sales,Laptop,HTTPS,397,0.59,11,NO,ACCRA
2352,2353,2026-02-04 09:21:00,VLan20,Finance,Mobile,HTTP,393,2.79,11,NO,ACCRA
2353,2354,2026-04-21 04:01:00,VLan30,IT,Mobile,SSH,976,2.08,9,YES,Tamale
2354,2355,2026-03-14 22:17:00,VLan10,HR,Desktop,DNS,679,0.16,1,NO,Tamale
2355,2356,2026-04-21 17:49:00,VLan40,Sales,Mobile,FTP,208,2.11,7,NO,KUMASI
2356,2357,2026-02-17 23:55:00,VLan30,IT,Server,HTTPS,920,4.97,11,NO,KUMASI
2357,2358,2026-04-15 12:03:00,VLan20,Finance,Server,DNS,686,3.86,2,NO,Tamale
2358,2359,2026-04-09 02:35:00,VLan10,HR,Server,HTTP,341,1.21,12,NO,TAKORADI
2359,2360,2026-04-11 19:50:00,VLan20,Finance,Mobile,SSH,135,1.97,14,NO,Tamale
2360,2361,2026-03-30 22:42:00,VLan40,Sales,Mobile,HTTP,176,2.17,10,NO,TEMA
2361,2362,2026-04-28 18:43:00,VLan40,Sales,Mobile,HTTP,622,4.3,8,NO,TEMA
2362,2363,2026-02-17 07:16:00,VLan30,IT,Laptop,DNS,903,3.1,0,NO,TAKORADI
2363,2364,2026-03-08 05:19:00,VLan20,Finance,Desktop,HTTPS,616,2.66,15,NO,TEMA
2364,2365,2026-04-18 17:24:00,VLan30,IT,Laptop,DNS,639,3.56,1,NO,Tamale
2365,2366,2026-01-16 20:30:00,VLan20,Finance,Laptop,DNS,686,0.19,7,NO,TAKORADI
2366,2367,2026-02-17 20:22:00,VLan30,IT,Server,DNS,599,3.19,3,NO,TAKORADI
2367,2368,2026-02-27 05:30:00,VLan20,Finance,Router,SSH,130,0.01,11,NO,TEMA
2368,2369,2026-03-31 20:45:00,VLan30,IT,Server,HTTP,1013,1.79,0,NO,TEMA
2369,2370,2026-02-15 16:31:00,VLan40,Sales,Mobile,SMTP,300,3.53,7,NO,TAKORADI
2370,2371,2026-02-28 22:00:00,VLan30,IT,Mobile,DNS,711,0.67,9,NO,ACCRA
2371,2372,2026-03-31 21:13:00,VLan10,HR,Server,DNS,697,0.84,7,NO,ACCRA
2372,2373,2026-01-06 05:41:00,VLan20,Finance,Laptop,HTTP,276,4.98,0,NO,TEMA
2373,2374,2026-01-14 12:50:00,VLan10,HR,Mobile,FTP,170,4.05,10,NO,Tamale
2374,2375,2026-03-30 15:14:00,VLan20,Finance,Laptop,FTP,474,2.47,3,NO,TEMA
2375,2376,2026-02-23 13:46:00,VLan10,HR,Mobile,SSH,336,4.49,13,NO,KUMASI
2376,2377,2026-04-24 07:40:00,VLan30,IT,Desktop,SMTP,811,2.57,11,NO,ACCRA
2377,2378,2026-01-08 23:54:00,VLan10,HR,Laptop,SMTP,354,4.06,10,NO,KUMASI
2378,2379,2026-01-27 19:10:00,VLan10,HR,Laptop,FTP,292,1.76,4,NO,TEMA
2379,2380,2026-02-10 20:13:00,VLan40,Sales,Laptop,SSH,623,2.05,7,NO,TAKORADI
2380,2381,2026-03-22 05:31:00,VLan30,IT,Laptop,SSH,1084,4.46,11,YES,ACCRA
2381,2382,2026-03-31 10:21:00,VLan40,Sales,Desktop,SMTP,213,1.15,6,NO,TAKORADI
2382,2383,2026-02-23 08:46:00,VLan30,IT,Mobile,HTTPS,754,4.05,8,NO,TAKORADI
2383,2384,2026-01-16 16:43:00,VLan40,Sales,Server,HTTP,214,4.75,8,NO,TEMA
2384,2385,2026-04-02 14:09:00,VLan30,IT,Mobile,HTTPS,725,0.51,10,NO,ACCRA
2385,2386,2026-02-24 19:48:00,VLan20,Finance,Mobile,FTP,368,4.14,1,NO,KUMASI
2386,2387,2026-04-30 15:19:00,VLan10,HR,Server,DNS,188,4.62,2,NO,KUMASI
2387,2388,2026-01-23 13:20:00,VLan10,HR,Desktop,DNS,621,4.31,14,NO,KUMASI
2388,2389,2026-03-30 16:07:00,VLan30,IT,Desktop,HTTPS,704,0.76,8,NO,Tamale
2389,2390,2026-03-24 07:33:00,VLan10,HR,Server,SMTP,369,2.99,14,NO,TEMA
2390,2391,2026-03-14 15:44:00,VLan10,HR,Desktop,FTP,688,3.34,1,NO,Tamale
2391,2392,2026-04-08 15:11:00,VLan40,Sales,Router,SSH,618,3.37,12,NO,KUMASI
2392,2393,2026-01-19 15:26:00,VLan30,IT,Laptop,SMTP,828,4.33,6,NO,KUMASI
2393,2394,2026-02-01 11:05:00,VLan10,HR,Server,SSH,616,0.65,8,NO,ACCRA
2394,2395,2026-01-24 22:48:00,VLan40,Sales,Laptop,DNS,396,2.97,8,NO,KUMASI
2395,2396,2026-04-10 11:35:00,VLan30,IT,Router,HTTP,728,2.75,7,NO,TAKORADI
2396,2397,2026-01-22 10:33:00,VLan40,Sales,Desktop,SSH,398,2.33,11,NO,TAKORADI
2397,2398,2026-03-15 10:01:00,VLan40,Sales,Router,HTTP,141,4.48,7,NO,Tamale
2398,2399,2026-02-09 21:46:00,VLan40,Sales,Laptop,SSH,434,0.69,1,NO,ACCRA
2399,2400,2026-04-29 10:04:00,VLan10,HR,Mobile,FTP,661,0.14,5,NO,ACCRA
2400,2401,2026-01-03 02:11:00,VLan20,Finance,Mobile,FTP,446,4.28,11,NO,Tamale
2401,2402,2026-01-17 09:19:00,VLan40,Sales,Server,SMTP,509,3.11,7,NO,KUMASI
2402,2403,2026-02-19 16:29:00,VLan30,IT,Server,SMTP,843,1.54,4,NO,KUMASI
2403,2404,2026-01-16 14:40:00,VLan20,Finance,Server,SSH,251,2.19,15,NO,Tamale
2404,2405,2026-03-12 06:53:00,VLan20,Finance,Desktop,DNS,485,2.3,11,NO,TEMA
2405,2406,2026-02-11 22:36:00,VLan20,Finance,Router,SMTP,629,1.09,13,NO,ACCRA
2406,2407,2026-01-30 14:02:00,VLan30,IT,Router,DNS,846,0.68,10,NO,ACCRA
2407,2408,2026-03-23 17:58:00,VLan10,HR,Mobile,FTP,491,1.98,9,NO,TAKORADI
2408,2409,2026-04-18 06:47:00,VLan10,HR,Router,HTTPS,153,3.09,3,NO,KUMASI
2409,2410,2026-02-09 21:48:00,VLan30,IT,Mobile,HTTPS,670,2.13,13,NO,TEMA
2410,2411,2026-04-28 19:37:00,VLan10,HR,Server,HTTPS,499,2.52,14,NO,TAKORADI
2411,2412,2026-01-23 16:32:00,VLan30,IT,Laptop,SMTP,1046,2.65,0,NO,TEMA
2412,2413,2026-03-11 21:28:00,VLan10,HR,Mobile,HTTPS,338,4.35,2,NO,ACCRA
2413,2414,2026-03-30 07:01:00,VLan10,HR,Server,SSH,365,2.34,4,NO,Tamale
2414,2415,2026-02-26 22:13:00,VLan20,Finance,Laptop,SMTP,439,1.18,7,NO,TEMA
2415,2416,2026-02-24 04:49:00,VLan30,IT,Server,HTTPS,1128,4.34,8,NO,ACCRA
2416,2417,2026-04-14 11:22:00,VLan10,HR,Server,HTTPS,101,2.14,8,NO,ACCRA
2417,2418,2026-01-31 15:15:00,VLan40,Sales,Laptop,DNS,670,1.47,9,NO,ACCRA
2418,2419,2026-03-16 11:48:00,VLan10,HR,Router,HTTPS,491,2.93,7,NO,Tamale
2419,2420,2026-04-19 07:21:00,VLan20,Finance,Desktop,SMTP,393,0.86,11,NO,Tamale
2420,2421,2026-01-21 07:05:00,VLan30,IT,Router,HTTP,858,0.36,13,NO,ACCRA
2421,2422,2026-04-13 03:35:00,VLan10,HR,Laptop,FTP,611,0.47,8,NO,TAKORADI
2422,2423,2026-02-06 01:59:00,VLan40,Sales,Laptop,HTTPS,346,1.84,8,NO,ACCRA
2423,2424,2026-04-06 08:13:00,VLan20,Finance,Desktop,DNS,254,2.01,3,NO,TAKORADI
2424,2425,2026-01-30 04:51:00,VLan20,Finance,Mobile,HTTPS,109,4.07,12,NO,TEMA
2425,2426,2026-04-04 16:05:00,VLan10,HR,Mobile,DNS,137,2.9,4,NO,KUMASI
2426,2427,2026-02-01 23:43:00,VLan40,Sales,Router,HTTP,321,1.17,6,NO,KUMASI
2427,2428,2026-02-26 16:29:00,VLan30,IT,Laptop,HTTP,989,3.05,3,NO,KUMASI
2428,2429,2026-01-16 11:25:00,VLan10,HR,Mobile,SSH,295,2.53,11,NO,TAKORADI
2429,2430,2026-01-16 04:35:00,VLan20,Finance,Server,HTTP,653,0.38,1,NO,KUMASI
2430,2431,2026-03-08 12:47:00,VLan30,IT,Desktop,SSH,737,4.54,13,NO,Tamale
2431,2432,2026-02-28 13:24:00,VLan10,HR,Mobile,FTP,319,1.22,13,NO,ACCRA
2432,2433,2026-03-03 09:19:00,VLan20,Finance,Desktop,HTTPS,251,2.08,13,NO,ACCRA
2433,2434,2026-04-15 01:06:00,VLan40,Sales,Laptop,SSH,541,3.92,6,NO,Tamale
2434,2435,2026-04-30 09:47:00,VLan40,Sales,Desktop,SSH,558,4.99,1,NO,ACCRA
2435,2436,2026-04-01 21:43:00,VLan40,Sales,Laptop,HTTP,251,4.69,9,NO,TAKORADI
2436,2437,2026-01-27 04:09:00,VLan30,IT,Mobile,SMTP,819,0.15,12,NO,TAKORADI
2437,2438,2026-03-03 22:19:00,VLan10,HR,Desktop,HTTPS,608,2.61,6,NO,KUMASI
2438,2439,2026-04-20 15:51:00,VLan40,Sales,Mobile,HTTPS,229,0.3,11,NO,TEMA
2439,2440,2026-01-19 19:31:00,VLan10,HR,Desktop,HTTP,361,4.36,1,NO,KUMASI
2440,2441,2026-04-19 18:26:00,VLan20,Finance,Server,DNS,349,2.98,10,NO,Tamale
2441,2442,2026-01-09 15:07:00,VLan20,Finance,Server,HTTP,313,1.05,6,NO,ACCRA
2442,2443,2026-01-12 01:25:00,VLan40,Sales,Desktop,HTTP,266,3.78,12,NO,KUMASI
2443,2444,2026-03-23 21:20:00,VLan10,HR,Desktop,SMTP,683,2.09,12,NO,TAKORADI
2444,2445,2026-02-09 01:14:00,VLan30,IT,Desktop,DNS,953,2.04,12,NO,TEMA
2445,2446,2026-01-08 22:34:00,VLan40,Sales,Router,HTTPS,522,4.91,6,NO,TAKORADI
2446,2447,2026-01-06 18:12:00,VLan20,Finance,Mobile,HTTP,683,0.4,8,NO,Tamale
2447,2448,2026-02-11 20:54:00,VLan40,Sales,Desktop,HTTPS,308,0.34,4,NO,TAKORADI
2448,2449,2026-01-05 19:05:00,VLan10,HR,Server,SSH,386,0.49,5,NO,ACCRA
2449,2450,2026-02-28 02:42:00,VLan20,Finance,Server,DNS,551,0.02,0,NO,Tamale
2450,2451,2026-04-18 18:27:00,VLan10,HR,Laptop,HTTPS,331,4.01,9,NO,TEMA
2451,2452,2026-04-12 08:46:00,VLan10,HR,Router,SMTP,188,2.91,11,NO,TAKORADI
2452,2453,2026-02-21 07:08:00,VLan20,Finance,Desktop,FTP,571,4.38,5,NO,TAKORADI
2453,2454,2026-03-23 02:17:00,VLan30,IT,Server,SMTP,531,1.19,14,NO,Tamale
2454,2455,2026-04-23 02:13:00,VLan20,Finance,Laptop,SMTP,568,4.5,2,NO,Tamale
2455,2456,2026-01-26 21:25:00,VLan40,Sales,Desktop,FTP,486,2.51,3,NO,TEMA
2456,2457,2026-03-13 22:15:00,VLan10,HR,Laptop,HTTPS,225,2.69,9,NO,KUMASI
2457,2458,2026-03-04 23:34:00,VLan30,IT,Server,HTTP,809,3.31,10,NO,KUMASI
2458,2459,2026-01-25 13:14:00,VLan40,Sales,Laptop,HTTP,394,1.22,9,NO,TAKORADI
2459,2460,2026-01-28 00:27:00,VLan10,HR,Server,FTP,443,1.78,13,NO,ACCRA
2460,2461,2026-04-19 06:14:00,VLan10,HR,Router,HTTPS,222,0.85,4,NO,ACCRA
2461,2462,2026-03-21 20:22:00,VLan30,IT,Mobile,DNS,601,0.67,11,NO,Tamale
2462,2463,2026-02-13 05:49:00,VLan20,Finance,Mobile,DNS,394,2.52,5,NO,TAKORADI
2463,2464,2026-04-11 13:36:00,VLan30,IT,Laptop,SSH,737,4.15,5,NO,KUMASI
2464,2465,2026-03-14 19:32:00,VLan40,Sales,Desktop,HTTP,357,3.86,14,NO,KUMASI
2465,2466,2026-01-23 06:51:00,VLan30,IT,Mobile,DNS,558,1.47,14,NO,TEMA
2466,2467,2026-03-07 19:57:00,VLan30,IT,Laptop,SMTP,1192,1.74,4,NO,TEMA
2467,2468,2026-01-21 06:59:00,VLan20,Finance,Mobile,DNS,325,1.73,12,NO,TAKORADI
2468,2469,2026-04-22 14:17:00,VLan40,Sales,Mobile,HTTP,558,2.31,4,NO,ACCRA
2469,2470,2026-04-11 22:39:00,VLan10,HR,Desktop,HTTPS,175,2.31,1,NO,Tamale
2470,2471,2026-02-24 05:47:00,VLan40,Sales,Laptop,HTTP,693,0.61,11,NO,KUMASI
2471,2472,2026-01-06 11:26:00,VLan30,IT,Desktop,DNS,1150,0.44,12,NO,TAKORADI
2472,2473,2026-01-15 07:13:00,VLan20,Finance,Laptop,SMTP,610,1.91,11,NO,KUMASI
2473,2474,2026-01-24 10:33:00,VLan20,Finance,Desktop,DNS,351,4.18,11,NO,TEMA
2474,2475,2026-04-25 13:11:00,VLan30,IT,Mobile,SMTP,578,4.87,1,NO,KUMASI
2475,2476,2026-03-04 11:27:00,VLan10,HR,Laptop,FTP,586,3.23,13,NO,KUMASI
2476,2477,2026-02-09 22:14:00,VLan30,IT,Server,SMTP,827,1.57,15,NO,ACCRA
2477,2478,2026-01-24 05:55:00,VLan40,Sales,Desktop,HTTP,583,2.87,1,NO,Tamale
2478,2479,2026-04-20 04:59:00,VLan30,IT,Server,HTTPS,1141,3.72,10,NO,TAKORADI
2479,2480,2026-03-02 20:34:00,VLan40,Sales,Router,HTTP,556,1.11,2,NO,Tamale
2480,2481,2026-04-15 07:13:00,VLan10,HR,Router,DNS,121,4.88,8,NO,TEMA
2481,2482,2026-01-28 09:01:00,VLan30,IT,Router,DNS,722,3.85,10,NO,TEMA
2482,2483,2026-04-08 05:17:00,VLan20,Finance,Mobile,DNS,330,4.22,10,NO,KUMASI
2483,2484,2026-01-20 23:41:00,VLan10,HR,Laptop,HTTP,296,0.99,11,NO,ACCRA
2484,2485,2026-01-10 14:38:00,VLan20,Finance,Server,HTTPS,694,4.51,14,NO,TEMA
2485,2486,2026-02-23 05:10:00,VLan20,Finance,Router,FTP,202,2.99,5,NO,TAKORADI
2486,2487,2026-04-15 15:05:00,VLan10,HR,Desktop,HTTP,530,1.45,4,NO,TAKORADI
2487,2488,2026-01-03 21:47:00,VLan20,Finance,Server,HTTP,678,3.97,7,NO,Tamale
2488,2489,2026-03-20 00:32:00,VLan40,Sales,Laptop,DNS,421,0.34,6,NO,TEMA
2489,2490,2026-01-31 21:00:00,VLan40,Sales,Server,SSH,663,0.68,0,NO,TEMA
2490,2491,2026-04-10 16:57:00,VLan30,IT,Router,DNS,642,1.5,14,NO,KUMASI
2491,2492,2026-02-03 21:55:00,VLan20,Finance,Server,SMTP,363,3.58,7,NO,KUMASI
2492,2493,2026-04-07 15:23:00,VLan10,HR,Mobile,DNS,611,2.08,14,NO,TEMA
2493,2494,2026-01-13 20:26:00,VLan40,Sales,Laptop,DNS,380,1.76,8,NO,TEMA
2494,2495,2026-04-06 05:20:00,VLan20,Finance,Laptop,SMTP,367,4.32,9,NO,Tamale
2495,2496,2026-02-13 19:57:00,VLan40,Sales,Mobile,DNS,620,3.09,1,NO,TAKORADI
2496,2497,2026-01-27 08:50:00,VLan10,HR,Server,FTP,340,3.12,11,NO,TAKORADI
2497,2498,2026-03-06 02:52:00,VLan40,Sales,Server,SSH,345,2.78,0,NO,ACCRA
2498,2499,2026-03-27 17:08:00,VLan30,IT,Desktop,SMTP,1090,1.17,8,NO,Tamale
2499,2500,2026-01-10 11:15:00,VLan30,IT,Mobile,FTP,572,2.11,2,NO,KUMASI
2500,2501,2026-02-28 06:32:00,VLan10,HR,Server,SMTP,437,0.3,0,NO,KUMASI
2501,2502,2026-03-25 21:42:00,VLan10,HR,Desktop,HTTP,545,0.21,4,NO,TAKORADI
2502,2503,2026-03-27 03:09:00,VLan20,Finance,Laptop,SMTP,575,3.62,13,NO,TAKORADI
2503,2504,2026-01-11 12:10:00,VLan20,Finance,Router,SSH,123,3.01,8,NO,ACCRA
2504,2505,2026-01-14 17:17:00,VLan20,Finance,Laptop,DNS,595,1.74,12,NO,Tamale
2505,2506,2026-03-12 21:53:00,VLan10,HR,Router,SSH,379,0.38,8,NO,TEMA
2506,2507,2026-04-17 06:03:00,VLan40,Sales,Server,HTTP,397,4.43,11,NO,TAKORADI
2507,2508,2026-01-12 10:26:00,VLan40,Sales,Router,HTTP,618,3.36,0,NO,KUMASI
2508,2509,2026-02-20 13:59:00,VLan30,IT,Laptop,SSH,749,0.21,11,NO,TAKORADI
2509,2510,2026-03-30 08:51:00,VLan10,HR,Desktop,DNS,137,0.61,4,NO,ACCRA
2510,2511,2026-03-09 00:27:00,VLan20,Finance,Desktop,SMTP,546,4.56,14,NO,TEMA
2511,2512,2026-04-22 11:47:00,VLan40,Sales,Router,SSH,446,4.59,15,NO,KUMASI
2512,2513,2026-03-03 11:43:00,VLan10,HR,Mobile,HTTP,588,3.47,7,NO,KUMASI
2513,2514,2026-02-22 18:06:00,VLan20,Finance,Mobile,SMTP,336,4.2,8,NO,Tamale
2514,2515,2026-03-06 18:13:00,VLan20,Finance,Router,HTTPS,642,3.18,2,NO,Tamale
2515,2516,2026-03-12 12:13:00,VLan40,Sales,Desktop,SSH,468,0.82,8,NO,TAKORADI
2516,2517,2026-03-03 02:52:00,VLan10,HR,Server,FTP,335,4.95,13,NO,TEMA
2517,2518,2026-02-21 02:50:00,VLan20,Finance,Laptop,HTTP,606,4.87,0,NO,KUMASI
2518,2519,2026-02-27 22:27:00,VLan40,Sales,Server,HTTPS,292,2.84,5,NO,Tamale
2519,2520,2026-02-17 06:58:00,VLan40,Sales,Desktop,DNS,637,4.91,7,NO,TEMA
2520,2521,2026-03-30 18:09:00,VLan20,Finance,Laptop,DNS,146,3.67,2,NO,ACCRA
2521,2522,2026-04-22 07:28:00,VLan20,Finance,Desktop,HTTP,371,3.48,2,NO,Tamale
2522,2523,2026-03-15 03:45:00,VLan20,Finance,Router,FTP,454,1.17,12,NO,Tamale
2523,2524,2026-04-16 06:36:00,VLan40,Sales,Router,DNS,658,4.99,14,NO,TAKORADI
2524,2525,2026-01-11 04:40:00,VLan20,Finance,Desktop,HTTP,352,3.0,13,NO,Tamale
2525,2526,2026-03-14 19:22:00,VLan20,Finance,Router,HTTPS,387,2.14,1,NO,KUMASI
2526,2527,2026-01-22 11:48:00,VLan30,IT,Laptop,HTTP,604,3.52,3,NO,KUMASI
2527,2528,2026-02-28 08:10:00,VLan10,HR,Router,HTTPS,536,4.84,8,NO,TEMA
2528,2529,2026-01-01 16:17:00,VLan30,IT,Router,SSH,1083,1.69,1,YES,Tamale
2529,2530,2026-02-10 11:45:00,VLan20,Finance,Server,HTTPS,571,2.73,12,NO,KUMASI
2530,2531,2026-03-13 23:09:00,VLan30,IT,Desktop,SSH,912,0.57,9,YES,TAKORADI
2531,2532,2026-04-21 15:07:00,VLan20,Finance,Router,FTP,484,2.88,0,NO,KUMASI
2532,2533,2026-02-18 17:28:00,VLan30,IT,Mobile,HTTPS,502,1.71,13,NO,TEMA
2533,2534,2026-03-16 12:48:00,VLan30,IT,Server,HTTP,502,4.9,14,NO,TAKORADI
2534,2535,2026-04-03 11:33:00,VLan40,Sales,Desktop,HTTP,299,1.28,11,NO,TAKORADI
2535,2536,2026-04-18 21:19:00,VLan20,Finance,Desktop,SSH,574,0.64,1,NO,TEMA
2536,2537,2026-04-09 19:45:00,VLan20,Finance,Router,DNS,279,0.06,14,NO,TEMA
2537,2538,2026-02-03 05:53:00,VLan10,HR,Mobile,HTTP,211,1.91,5,NO,TAKORADI
2538,2539,2026-01-04 14:02:00,VLan10,HR,Laptop,FTP,518,2.84,4,NO,Tamale
2539,2540,2026-01-31 11:19:00,VLan10,HR,Desktop,HTTP,301,2.3,14,NO,ACCRA
2540,2541,2026-01-28 01:02:00,VLan10,HR,Mobile,HTTP,518,0.12,2,NO,TEMA
2541,2542,2026-01-29 20:53:00,VLan20,Finance,Router,SMTP,435,4.8,7,NO,Tamale
2542,2543,2026-01-16 16:08:00,VLan30,IT,Router,SMTP,1178,4.79,11,NO,KUMASI
2543,2544,2026-04-30 21:30:00,VLan10,HR,Server,SMTP,500,3.06,9,NO,ACCRA
2544,2545,2026-03-15 07:42:00,VLan30,IT,Mobile,SSH,707,0.72,11,NO,KUMASI
2545,2546,2026-04-18 02:39:00,VLan30,IT,Laptop,SSH,564,0.04,5,NO,ACCRA
2546,2547,2026-04-21 12:05:00,VLan40,Sales,Router,HTTPS,600,0.31,9,NO,KUMASI
2547,2548,2026-03-05 13:40:00,VLan40,Sales,Router,SSH,224,2.15,10,NO,ACCRA
2548,2549,2026-02-07 14:42:00,VLan40,Sales,Router,HTTP,197,1.91,4,NO,TAKORADI
2549,2550,2026-02-24 21:59:00,VLan40,Sales,Server,DNS,628,0.61,7,NO,TEMA
2550,2551,2026-04-21 14:22:00,VLan30,IT,Router,FTP,1093,0.53,0,YES,TAKORADI
2551,2552,2026-01-29 08:38:00,VLan40,Sales,Mobile,HTTP,557,3.0,0,NO,ACCRA
2552,2553,2026-02-04 07:37:00,VLan30,IT,Laptop,FTP,1198,0.84,14,YES,TEMA
2553,2554,2026-04-01 18:09:00,VLan40,Sales,Mobile,HTTP,556,4.59,11,NO,ACCRA
2554,2555,2026-04-18 00:21:00,VLan30,IT,Desktop,SSH,1196,0.97,6,YES,TEMA
2555,2556,2026-01-18 03:26:00,VLan30,IT,Desktop,FTP,515,2.79,2,NO,TEMA
2556,2557,2026-03-31 06:13:00,VLan10,HR,Desktop,SSH,455,3.02,15,NO,TAKORADI
2557,2558,2026-02-13 05:23:00,VLan40,Sales,Router,FTP,299,3.72,0,NO,TEMA
2558,2559,2026-01-18 06:47:00,VLan30,IT,Router,FTP,659,2.03,14,NO,TAKORADI
2559,2560,2026-02-26 20:46:00,VLan10,HR,Server,DNS,648,3.64,1,NO,KUMASI
2560,2561,2026-02-04 03:54:00,VLan10,HR,Server,SMTP,247,4.2,4,NO,TEMA
2561,2562,2026-03-20 17:54:00,VLan40,Sales,Laptop,SSH,347,0.59,6,NO,Tamale
2562,2563,2026-02-10 16:12:00,VLan20,Finance,Mobile,SSH,292,3.23,14,NO,TEMA
2563,2564,2026-01-01 01:49:00,VLan10,HR,Server,DNS,378,0.98,14,NO,ACCRA
2564,2565,2026-04-09 06:08:00,VLan20,Finance,Desktop,DNS,567,2.68,14,NO,KUMASI
2565,2566,2026-01-09 17:39:00,VLan30,IT,Mobile,HTTP,849,1.77,14,NO,TEMA
2566,2567,2026-02-04 03:27:00,VLan30,IT,Desktop,SSH,1021,2.2,2,YES,ACCRA
2567,2568,2026-04-18 16:09:00,VLan40,Sales,Router,HTTPS,646,3.5,15,NO,TAKORADI
2568,2569,2026-03-05 00:14:00,VLan20,Finance,Laptop,HTTPS,370,4.37,10,NO,TEMA
2569,2570,2026-02-16 10:02:00,VLan40,Sales,Laptop,FTP,500,0.89,8,NO,ACCRA
2570,2571,2026-02-03 07:43:00,VLan10,HR,Mobile,FTP,101,0.66,7,NO,KUMASI
2571,2572,2026-03-02 06:48:00,VLan40,Sales,Router,SSH,493,1.88,13,NO,Tamale
2572,2573,2026-01-08 00:11:00,VLan10,HR,Desktop,SSH,339,3.64,15,NO,TEMA
2573,2574,2026-03-19 08:29:00,VLan40,Sales,Mobile,SSH,588,1.48,13,NO,TEMA
2574,2575,2026-04-14 06:39:00,VLan30,IT,Laptop,SMTP,1013,2.27,12,NO,TEMA
2575,2576,2026-02-02 23:16:00,VLan40,Sales,Server,SSH,468,4.44,4,NO,TEMA
2576,2577,2026-04-22 05:39:00,VLan10,HR,Router,SMTP,190,4.19,6,NO,TEMA
2577,2578,2026-02-21 01:31:00,VLan10,HR,Desktop,SSH,688,0.43,6,NO,ACCRA
2578,2579,2026-02-04 07:25:00,VLan20,Finance,Desktop,HTTPS,594,1.79,9,NO,KUMASI
2579,2580,2026-02-27 13:00:00,VLan40,Sales,Router,SSH,222,1.17,1,NO,TEMA
2580,2581,2026-03-30 00:30:00,VLan30,IT,Desktop,HTTPS,1130,3.15,4,NO,KUMASI
2581,2582,2026-02-28 21:16:00,VLan40,Sales,Mobile,HTTPS,585,3.44,2,NO,Tamale
2582,2583,2026-04-07 01:27:00,VLan10,HR,Laptop,HTTPS,188,4.0,8,NO,TAKORADI
2583,2584,2026-02-05 06:21:00,VLan30,IT,Laptop,HTTPS,502,1.31,5,NO,TEMA
2584,2585,2026-03-24 17:49:00,VLan10,HR,Router,HTTPS,378,1.72,4,NO,Tamale
2585,2586,2026-02-08 00:31:00,VLan40,Sales,Router,FTP,149,4.68,7,NO,Tamale
2586,2587,2026-03-03 22:36:00,VLan10,HR,Mobile,HTTPS,306,1.51,7,NO,KUMASI
2587,2588,2026-03-22 01:13:00,VLan30,IT,Mobile,SSH,885,0.23,2,NO,Tamale
2588,2589,2026-02-05 15:33:00,VLan40,Sales,Laptop,DNS,362,1.21,0,NO,Tamale
2589,2590,2026-02-26 02:49:00,VLan10,HR,Mobile,FTP,459,0.4,12,NO,TAKORADI
2590,2591,2026-03-26 12:23:00,VLan30,IT,Laptop,FTP,1125,1.88,2,YES,TAKORADI
2591,2592,2026-01-12 14:38:00,VLan20,Finance,Server,FTP,161,2.81,8,NO,ACCRA
2592,2593,2026-02-24 00:16:00,VLan40,Sales,Server,FTP,382,4.9,8,NO,TAKORADI
2593,2594,2026-03-05 10:45:00,VLan10,HR,Desktop,HTTPS,250,0.08,12,NO,ACCRA
2594,2595,2026-01-14 01:03:00,VLan20,Finance,Server,HTTP,190,4.53,1,NO,TAKORADI
2595,2596,2026-04-10 19:46:00,VLan20,Finance,Router,HTTP,533,4.08,7,NO,TAKORADI
2596,2597,2026-03-04 21:33:00,VLan10,HR,Desktop,FTP,258,0.81,6,NO,ACCRA
2597,2598,2026-03-13 00:44:00,VLan30,IT,Router,FTP,1008,1.77,14,YES,ACCRA
2598,2599,2026-02-17 19:03:00,VLan30,IT,Router,HTTPS,968,0.87,4,NO,TEMA
2599,2600,2026-02-15 02:53:00,VLan40,Sales,Desktop,DNS,397,4.0,5,NO,TEMA
2600,2601,2026-04-19 16:03:00,VLan20,Finance,Desktop,HTTPS,345,4.39,4,NO,KUMASI
2601,2602,2026-04-09 13:37:00,VLan10,HR,Laptop,HTTP,394,2.19,0,NO,TAKORADI
2602,2603,2026-01-09 06:35:00,VLan10,HR,Mobile,HTTPS,158,1.41,11,NO,ACCRA
2603,2604,2026-03-03 01:00:00,VLan20,Finance,Server,HTTP,287,4.94,15,NO,ACCRA
2604,2605,2026-01-26 20:41:00,VLan20,Finance,Server,HTTPS,177,3.03,5,NO,ACCRA
2605,2606,2026-04-14 03:05:00,VLan10,HR,Router,FTP,101,0.16,7,NO,TAKORADI
2606,2607,2026-02-12 22:13:00,VLan20,Finance,Mobile,SSH,258,1.11,4,NO,KUMASI
2607,2608,2026-01-16 10:36:00,VLan20,Finance,Mobile,FTP,641,4.42,4,NO,KUMASI
2608,2609,2026-04-18 01:44:00,VLan30,IT,Desktop,HTTPS,612,4.29,9,NO,Tamale
2609,2610,2026-04-21 00:59:00,VLan10,HR,Desktop,HTTP,582,0.87,8,NO,KUMASI
2610,2611,2026-04-10 15:42:00,VLan40,Sales,Mobile,FTP,674,0.06,9,NO,ACCRA
2611,2612,2026-03-16 20:47:00,VLan10,HR,Laptop,HTTPS,634,1.14,10,NO,ACCRA
2612,2613,2026-01-01 06:41:00,VLan10,HR,Mobile,DNS,440,4.99,11,NO,TAKORADI
2613,2614,2026-01-13 18:22:00,VLan40,Sales,Mobile,HTTPS,586,4.53,7,NO,TAKORADI
2614,2615,2026-01-29 18:24:00,VLan10,HR,Laptop,FTP,508,4.14,14,NO,Tamale
2615,2616,2026-02-24 02:03:00,VLan10,HR,Mobile,SSH,153,4.15,15,NO,ACCRA
2616,2617,2026-04-12 05:55:00,VLan30,IT,Server,SSH,1179,3.86,13,YES,ACCRA
2617,2618,2026-02-28 18:46:00,VLan30,IT,Server,DNS,711,3.1,12,NO,KUMASI
2618,2619,2026-04-08 10:34:00,VLan30,IT,Laptop,FTP,608,0.98,1,NO,TAKORADI
2619,2620,2026-01-08 18:16:00,VLan30,IT,Router,HTTPS,961,0.42,15,NO,ACCRA
2620,2621,2026-03-27 08:53:00,VLan20,Finance,Router,SSH,525,3.09,8,NO,ACCRA
2621,2622,2026-03-17 05:24:00,VLan40,Sales,Server,SSH,374,4.82,15,NO,ACCRA
2622,2623,2026-01-22 10:09:00,VLan20,Finance,Desktop,DNS,253,2.78,9,NO,ACCRA
2623,2624,2026-01-14 10:22:00,VLan40,Sales,Mobile,FTP,232,2.45,12,NO,Tamale
2624,2625,2026-02-13 10:59:00,VLan30,IT,Router,DNS,819,1.02,1,NO,TEMA
2625,2626,2026-01-06 08:32:00,VLan10,HR,Desktop,HTTP,291,4.66,3,NO,TEMA
2626,2627,2026-04-10 02:38:00,VLan10,HR,Server,DNS,617,4.33,11,NO,KUMASI
2627,2628,2026-04-21 04:21:00,VLan10,HR,Server,DNS,512,1.33,2,NO,Tamale
2628,2629,2026-03-23 09:16:00,VLan40,Sales,Server,SSH,640,3.95,8,NO,Tamale
2629,2630,2026-03-07 03:17:00,VLan10,HR,Router,SSH,661,0.27,9,NO,TAKORADI
2630,2631,2026-03-28 04:45:00,VLan40,Sales,Laptop,SSH,203,0.83,11,NO,Tamale
2631,2632,2026-04-10 18:16:00,VLan20,Finance,Server,DNS,590,1.52,13,NO,Tamale
2632,2633,2026-01-20 11:47:00,VLan20,Finance,Mobile,HTTP,590,0.51,8,NO,TEMA
2633,2634,2026-02-24 21:11:00,VLan20,Finance,Desktop,DNS,665,0.4,5,NO,ACCRA
2634,2635,2026-02-05 15:03:00,VLan30,IT,Mobile,SMTP,637,4.78,5,NO,TAKORADI
2635,2636,2026-04-16 09:11:00,VLan40,Sales,Laptop,DNS,412,1.47,6,NO,KUMASI
2636,2637,2026-04-18 03:32:00,VLan30,IT,Laptop,SMTP,623,3.21,2,NO,KUMASI
2637,2638,2026-04-08 21:33:00,VLan20,Finance,Mobile,FTP,335,4.94,12,NO,Tamale
2638,2639,2026-03-24 20:28:00,VLan10,HR,Desktop,SSH,677,1.12,11,NO,TEMA
2639,2640,2026-03-07 21:22:00,VLan10,HR,Laptop,SSH,297,4.95,8,NO,TEMA
2640,2641,2026-03-31 09:51:00,VLan10,HR,Mobile,FTP,382,0.68,10,NO,ACCRA
2641,2642,2026-03-09 17:53:00,VLan30,IT,Server,DNS,1029,4.87,12,NO,TAKORADI
2642,2643,2026-03-29 04:14:00,VLan40,Sales,Desktop,DNS,439,2.25,9,NO,TAKORADI
2643,2644,2026-01-05 20:35:00,VLan30,IT,Laptop,HTTP,715,3.92,5,NO,TEMA
2644,2645,2026-01-17 04:32:00,VLan20,Finance,Laptop,HTTP,336,2.95,5,NO,TEMA
2645,2646,2026-03-08 20:26:00,VLan10,HR,Mobile,SSH,615,1.71,1,NO,ACCRA
2646,2647,2026-01-29 04:59:00,VLan40,Sales,Server,FTP,207,3.5,7,NO,Tamale
2647,2648,2026-02-22 10:25:00,VLan10,HR,Server,SMTP,169,0.62,15,NO,TEMA
2648,2649,2026-04-12 00:13:00,VLan40,Sales,Mobile,HTTPS,303,1.03,11,NO,ACCRA
2649,2650,2026-02-12 14:41:00,VLan40,Sales,Router,SMTP,675,2.15,0,NO,ACCRA
2650,2651,2026-03-15 08:00:00,VLan40,Sales,Desktop,FTP,238,3.68,14,NO,ACCRA
2651,2652,2026-01-18 10:53:00,VLan20,Finance,Laptop,FTP,418,1.1,8,NO,TEMA
2652,2653,2026-03-12 21:28:00,VLan40,Sales,Server,HTTP,421,0.52,4,NO,TAKORADI
2653,2654,2026-01-04 09:06:00,VLan30,IT,Router,SMTP,737,3.85,11,NO,TEMA
2654,2655,2026-03-24 06:28:00,VLan30,IT,Desktop,HTTP,641,4.94,0,NO,TAKORADI
2655,2656,2026-01-27 08:32:00,VLan20,Finance,Laptop,DNS,421,1.97,3,NO,Tamale
2656,2657,2026-02-08 20:05:00,VLan10,HR,Server,SSH,513,2.68,11,NO,ACCRA
2657,2658,2026-02-06 17:58:00,VLan20,Finance,Laptop,DNS,600,4.29,2,NO,ACCRA
2658,2659,2026-03-16 15:16:00,VLan40,Sales,Desktop,FTP,386,0.2,4,NO,ACCRA
2659,2660,2026-01-23 13:41:00,VLan30,IT,Mobile,FTP,1067,4.68,13,YES,ACCRA
2660,2661,2026-02-02 16:39:00,VLan30,IT,Desktop,SSH,1047,0.95,7,YES,ACCRA
2661,2662,2026-02-18 08:56:00,VLan40,Sales,Desktop,SMTP,573,2.71,15,NO,KUMASI
2662,2663,2026-01-15 21:41:00,VLan10,HR,Laptop,HTTPS,355,2.52,11,NO,TEMA
2663,2664,2026-02-17 16:08:00,VLan10,HR,Mobile,FTP,399,3.49,7,NO,TEMA
2664,2665,2026-04-08 22:29:00,VLan10,HR,Laptop,DNS,136,4.05,5,NO,TAKORADI
2665,2666,2026-01-30 13:10:00,VLan20,Finance,Server,FTP,303,0.25,6,NO,TEMA
2666,2667,2026-04-11 23:16:00,VLan40,Sales,Desktop,DNS,121,3.89,14,NO,TAKORADI
2667,2668,2026-04-21 04:04:00,VLan20,Finance,Mobile,DNS,170,3.24,13,NO,TAKORADI
2668,2669,2026-04-29 01:14:00,VLan40,Sales,Desktop,SMTP,451,4.74,7,NO,KUMASI
2669,2670,2026-03-18 06:01:00,VLan20,Finance,Desktop,SMTP,380,2.71,11,NO,KUMASI
2670,2671,2026-04-03 14:28:00,VLan40,Sales,Mobile,DNS,629,2.65,0,NO,Tamale
2671,2672,2026-02-04 03:19:00,VLan10,HR,Server,HTTP,643,1.95,2,NO,ACCRA
2672,2673,2026-02-07 23:58:00,VLan10,HR,Desktop,HTTPS,340,0.1,13,NO,TEMA
2673,2674,2026-04-21 21:15:00,VLan30,IT,Mobile,SMTP,797,1.55,5,NO,TAKORADI
2674,2675,2026-01-09 19:03:00,VLan10,HR,Mobile,HTTPS,634,3.03,2,NO,ACCRA
2675,2676,2026-02-08 01:54:00,VLan30,IT,Router,SMTP,965,4.4,8,NO,TEMA
2676,2677,2026-02-21 06:04:00,VLan30,IT,Server,FTP,631,2.81,14,NO,KUMASI
2677,2678,2026-04-17 06:17:00,VLan10,HR,Desktop,HTTPS,144,1.12,3,NO,TAKORADI
2678,2679,2026-02-19 00:04:00,VLan30,IT,Desktop,DNS,867,2.03,12,NO,ACCRA
2679,2680,2026-03-19 03:06:00,VLan10,HR,Desktop,FTP,172,1.98,4,NO,KUMASI
2680,2681,2026-04-11 05:34:00,VLan30,IT,Desktop,HTTPS,884,0.66,3,NO,Tamale
2681,2682,2026-04-08 00:04:00,VLan10,HR,Laptop,DNS,467,1.13,2,NO,Tamale
2682,2683,2026-01-17 20:26:00,VLan20,Finance,Laptop,DNS,123,1.92,1,NO,KUMASI
2683,2684,2026-03-16 06:58:00,VLan30,IT,Laptop,FTP,685,3.41,2,NO,ACCRA
2684,2685,2026-04-03 17:17:00,VLan40,Sales,Desktop,DNS,140,1.63,0,NO,TAKORADI
2685,2686,2026-02-06 11:26:00,VLan10,HR,Desktop,DNS,330,4.6,1,NO,Tamale
2686,2687,2026-02-15 17:29:00,VLan10,HR,Router,SSH,466,4.8,11,NO,TEMA
2687,2688,2026-01-28 19:28:00,VLan20,Finance,Laptop,SMTP,391,3.44,13,NO,ACCRA
2688,2689,2026-04-27 01:27:00,VLan20,Finance,Laptop,SSH,610,1.03,5,NO,ACCRA
2689,2690,2026-01-15 09:05:00,VLan20,Finance,Router,SSH,517,3.96,2,NO,KUMASI
2690,2691,2026-01-19 13:39:00,VLan10,HR,Router,DNS,103,2.54,13,NO,Tamale
2691,2692,2026-02-06 10:27:00,VLan20,Finance,Router,HTTP,312,2.19,8,NO,ACCRA
2692,2693,2026-04-08 06:56:00,VLan30,IT,Router,HTTPS,663,3.25,10,NO,KUMASI
2693,2694,2026-01-20 11:21:00,VLan40,Sales,Server,FTP,514,1.24,13,NO,TEMA
2694,2695,2026-02-28 22:56:00,VLan30,IT,Router,HTTP,1031,0.53,6,NO,KUMASI
2695,2696,2026-01-15 14:04:00,VLan30,IT,Laptop,HTTPS,552,1.17,15,NO,Tamale
2696,2697,2026-04-02 04:20:00,VLan40,Sales,Server,SSH,337,2.64,13,NO,TAKORADI
2697,2698,2026-03-05 15:30:00,VLan30,IT,Desktop,SSH,1029,1.73,12,YES,ACCRA
2698,2699,2026-01-30 06:14:00,VLan40,Sales,Desktop,DNS,140,1.2,12,NO,Tamale
2699,2700,2026-04-14 11:27:00,VLan30,IT,Laptop,SMTP,687,2.04,9,NO,TAKORADI
2700,2701,2026-02-17 12:26:00,VLan10,HR,Laptop,HTTPS,529,4.39,7,NO,ACCRA
2701,2702,2026-03-29 20:39:00,VLan10,HR,Router,HTTPS,556,4.03,14,NO,KUMASI
2702,2703,2026-03-08 19:50:00,VLan10,HR,Mobile,DNS,462,2.54,6,NO,TAKORADI
2703,2704,2026-02-11 03:48:00,VLan40,Sales,Mobile,DNS,219,4.27,12,NO,TEMA
2704,2705,2026-03-07 07:57:00,VLan10,HR,Desktop,HTTP,634,0.01,12,NO,KUMASI
2705,2706,2026-01-14 08:19:00,VLan10,HR,Desktop,FTP,437,1.61,5,NO,TAKORADI
2706,2707,2026-02-12 00:50:00,VLan20,Finance,Desktop,HTTPS,272,0.47,6,NO,KUMASI
2707,2708,2026-01-18 09:48:00,VLan20,Finance,Desktop,FTP,638,2.0,11,NO,TAKORADI
2708,2709,2026-04-27 22:08:00,VLan40,Sales,Mobile,FTP,345,4.15,15,NO,KUMASI
2709,2710,2026-04-27 19:33:00,VLan40,Sales,Router,FTP,237,4.24,2,NO,TAKORADI
2710,2711,2026-01-23 19:48:00,VLan20,Finance,Desktop,HTTPS,604,1.25,2,NO,Tamale
2711,2712,2026-02-16 09:06:00,VLan30,IT,Desktop,FTP,637,1.2,11,NO,TEMA
2712,2713,2026-02-16 22:33:00,VLan10,HR,Mobile,HTTPS,415,0.43,2,NO,TEMA
2713,2714,2026-03-21 01:58:00,VLan40,Sales,Laptop,HTTP,329,2.54,1,NO,TAKORADI
2714,2715,2026-04-11 20:48:00,VLan30,IT,Desktop,FTP,547,4.81,4,NO,KUMASI
2715,2716,2026-03-14 14:53:00,VLan30,IT,Desktop,DNS,526,3.79,1,NO,TAKORADI
2716,2717,2026-01-14 18:31:00,VLan20,Finance,Router,HTTPS,613,2.95,10,NO,KUMASI
2717,2718,2026-04-07 11:28:00,VLan30,IT,Server,SSH,577,2.68,1,NO,Tamale
2718,2719,2026-01-08 08:18:00,VLan10,HR,Laptop,SMTP,356,1.19,2,NO,TAKORADI
2719,2720,2026-01-28 06:39:00,VLan10,HR,Server,SSH,487,1.37,2,NO,KUMASI
2720,2721,2026-02-25 23:27:00,VLan10,HR,Server,SMTP,567,4.93,13,NO,TEMA
2721,2722,2026-03-04 17:23:00,VLan20,Finance,Laptop,HTTP,683,1.9,0,NO,ACCRA
2722,2723,2026-04-26 09:11:00,VLan20,Finance,Server,DNS,538,4.84,1,NO,TAKORADI
2723,2724,2026-04-28 13:38:00,VLan30,IT,Router,HTTPS,669,3.46,9,NO,KUMASI
2724,2725,2026-02-02 00:56:00,VLan20,Finance,Desktop,SMTP,165,1.69,8,NO,KUMASI
2725,2726,2026-01-17 22:12:00,VLan20,Finance,Mobile,SSH,449,1.72,11,NO,ACCRA
2726,2727,2026-04-10 11:20:00,VLan40,Sales,Desktop,SSH,129,0.15,9,NO,Tamale
2727,2728,2026-01-28 05:27:00,VLan20,Finance,Router,SSH,268,2.72,9,NO,ACCRA
2728,2729,2026-03-24 23:40:00,VLan40,Sales,Desktop,SMTP,495,4.32,13,NO,TAKORADI
2729,2730,2026-04-07 08:03:00,VLan10,HR,Laptop,SMTP,685,2.71,5,NO,ACCRA
2730,2731,2026-02-18 12:54:00,VLan20,Finance,Server,HTTPS,629,0.81,1,NO,KUMASI
2731,2732,2026-04-07 16:39:00,VLan30,IT,Mobile,HTTPS,1161,2.37,6,NO,ACCRA
2732,2733,2026-01-09 18:54:00,VLan20,Finance,Router,DNS,110,3.97,7,NO,KUMASI
2733,2734,2026-04-08 05:37:00,VLan20,Finance,Desktop,SSH,430,0.65,4,NO,TEMA
2734,2735,2026-02-20 07:55:00,VLan20,Finance,Server,HTTPS,262,0.46,4,NO,Tamale
2735,2736,2026-03-18 10:25:00,VLan30,IT,Server,SSH,1142,4.05,6,YES,TAKORADI
2736,2737,2026-02-24 09:59:00,VLan40,Sales,Desktop,DNS,238,4.41,2,NO,KUMASI
2737,2738,2026-03-17 13:22:00,VLan40,Sales,Mobile,SMTP,312,2.36,10,NO,TAKORADI
2738,2739,2026-03-28 12:13:00,VLan40,Sales,Desktop,FTP,451,1.07,10,NO,Tamale
2739,2740,2026-01-31 01:47:00,VLan10,HR,Router,SMTP,271,4.96,0,NO,Tamale
2740,2741,2026-04-02 05:02:00,VLan40,Sales,Mobile,HTTPS,342,2.72,3,NO,ACCRA
2741,2742,2026-04-24 18:36:00,VLan40,Sales,Server,DNS,540,2.49,15,NO,ACCRA
2742,2743,2026-03-25 14:06:00,VLan40,Sales,Server,DNS,274,1.23,12,NO,TEMA
2743,2744,2026-01-01 10:42:00,VLan20,Finance,Router,DNS,577,3.22,11,NO,KUMASI
2744,2745,2026-01-05 05:51:00,VLan40,Sales,Router,DNS,227,0.53,2,NO,ACCRA
2745,2746,2026-03-04 21:54:00,VLan30,IT,Server,DNS,1115,1.96,15,NO,Tamale
2746,2747,2026-02-26 10:56:00,VLan10,HR,Laptop,HTTP,200,0.21,15,NO,TEMA
2747,2748,2026-02-06 10:06:00,VLan30,IT,Laptop,SMTP,573,2.34,7,NO,ACCRA
2748,2749,2026-02-12 03:51:00,VLan10,HR,Laptop,SMTP,659,3.53,5,NO,KUMASI
2749,2750,2026-04-23 01:00:00,VLan30,IT,Mobile,FTP,503,3.29,12,NO,TEMA
2750,2751,2026-04-23 13:30:00,VLan20,Finance,Router,HTTP,200,2.39,9,NO,KUMASI
2751,2752,2026-04-08 20:46:00,VLan20,Finance,Router,SMTP,279,0.19,3,NO,TEMA
2752,2753,2026-03-20 19:08:00,VLan40,Sales,Mobile,HTTP,639,3.48,0,NO,TEMA
2753,2754,2026-03-26 03:50:00,VLan40,Sales,Mobile,SMTP,201,3.43,4,NO,TAKORADI
2754,2755,2026-02-18 21:34:00,VLan40,Sales,Laptop,SMTP,447,2.48,2,NO,TEMA
2755,2756,2026-03-01 19:38:00,VLan20,Finance,Desktop,SMTP,691,2.17,1,NO,Tamale
2756,2757,2026-02-03 00:37:00,VLan20,Finance,Server,FTP,124,1.19,9,NO,Tamale
2757,2758,2026-04-03 17:04:00,VLan40,Sales,Laptop,SSH,542,1.77,9,NO,Tamale
2758,2759,2026-01-11 17:36:00,VLan40,Sales,Desktop,HTTPS,492,3.94,2,NO,TAKORADI
2759,2760,2026-04-22 11:59:00,VLan30,IT,Laptop,SSH,564,0.93,12,NO,TEMA
2760,2761,2026-01-17 12:17:00,VLan30,IT,Desktop,DNS,594,1.56,6,NO,KUMASI
2761,2762,2026-01-05 01:37:00,VLan10,HR,Laptop,FTP,138,4.38,12,NO,ACCRA
2762,2763,2026-03-07 04:02:00,VLan30,IT,Desktop,DNS,679,4.0,0,NO,TAKORADI
2763,2764,2026-03-22 21:33:00,VLan40,Sales,Server,SSH,342,3.74,8,NO,KUMASI
2764,2765,2026-03-26 09:49:00,VLan20,Finance,Laptop,HTTP,218,3.08,12,NO,TAKORADI
2765,2766,2026-02-19 20:13:00,VLan20,Finance,Router,FTP,575,3.51,8,NO,Tamale
2766,2767,2026-01-13 03:03:00,VLan20,Finance,Laptop,SMTP,263,3.36,10,NO,ACCRA
2767,2768,2026-01-31 12:35:00,VLan30,IT,Laptop,FTP,1044,2.51,5,YES,TAKORADI
2768,2769,2026-01-17 04:07:00,VLan10,HR,Laptop,DNS,529,3.98,11,NO,TEMA
2769,2770,2026-03-30 23:37:00,VLan10,HR,Server,SMTP,557,4.76,4,NO,TEMA
2770,2771,2026-03-12 01:18:00,VLan10,HR,Laptop,FTP,460,4.58,2,NO,KUMASI
2771,2772,2026-02-18 16:24:00,VLan20,Finance,Laptop,DNS,663,0.25,0,NO,Tamale
2772,2773,2026-03-06 02:59:00,VLan30,IT,Desktop,HTTPS,799,0.79,15,NO,KUMASI
2773,2774,2026-03-16 14:21:00,VLan10,HR,Laptop,FTP,116,4.28,6,NO,KUMASI
2774,2775,2026-03-08 01:08:00,VLan30,IT,Mobile,SSH,1167,0.01,8,YES,TEMA
2775,2776,2026-01-27 07:20:00,VLan20,Finance,Router,SMTP,697,4.87,15,NO,TEMA
2776,2777,2026-04-09 15:49:00,VLan20,Finance,Desktop,DNS,494,4.51,9,NO,TEMA
2777,2778,2026-01-25 04:57:00,VLan20,Finance,Server,SSH,507,3.1,0,NO,TAKORADI
2778,2779,2026-01-31 18:06:00,VLan30,IT,Mobile,HTTP,1045,4.24,2,NO,TAKORADI
2779,2780,2026-01-18 05:44:00,VLan30,IT,Mobile,HTTP,503,2.67,8,NO,TAKORADI
2780,2781,2026-01-03 14:58:00,VLan30,IT,Router,HTTP,959,2.71,3,NO,TAKORADI
2781,2782,2026-01-07 04:22:00,VLan10,HR,Laptop,DNS,624,3.23,2,NO,TAKORADI
2782,2783,2026-03-06 09:19:00,VLan20,Finance,Server,HTTPS,326,1.86,1,NO,ACCRA
2783,2784,2026-03-10 09:57:00,VLan20,Finance,Laptop,SSH,540,3.61,14,NO,KUMASI
2784,2785,2026-01-31 11:09:00,VLan10,HR,Laptop,HTTPS,177,2.23,3,NO,KUMASI
2785,2786,2026-04-21 20:27:00,VLan40,Sales,Server,HTTPS,551,4.62,12,NO,KUMASI
2786,2787,2026-03-15 17:07:00,VLan30,IT,Laptop,HTTP,699,0.94,3,NO,TEMA
2787,2788,2026-04-22 21:02:00,VLan20,Finance,Desktop,HTTP,533,1.66,3,NO,ACCRA
2788,2789,2026-01-26 22:13:00,VLan20,Finance,Mobile,SMTP,397,4.63,14,NO,TEMA
2789,2790,2026-01-04 05:06:00,VLan30,IT,Router,HTTP,808,2.76,9,NO,ACCRA
2790,2791,2026-04-19 19:51:00,VLan40,Sales,Mobile,FTP,651,3.22,13,NO,Tamale
2791,2792,2026-03-10 10:31:00,VLan20,Finance,Desktop,SSH,138,0.34,12,NO,KUMASI
2792,2793,2026-03-27 03:58:00,VLan10,HR,Router,HTTPS,627,2.48,1,NO,Tamale
2793,2794,2026-03-13 04:28:00,VLan10,HR,Server,HTTPS,221,2.32,12,NO,KUMASI
2794,2795,2026-02-22 22:01:00,VLan30,IT,Desktop,FTP,1003,3.65,10,YES,KUMASI
2795,2796,2026-04-28 08:32:00,VLan10,HR,Laptop,DNS,445,1.56,4,NO,TEMA
2796,2797,2026-04-05 02:44:00,VLan30,IT,Router,DNS,865,3.93,15,NO,TEMA
2797,2798,2026-04-07 03:02:00,VLan10,HR,Router,HTTPS,610,3.22,11,NO,Tamale
2798,2799,2026-04-26 17:30:00,VLan20,Finance,Laptop,FTP,260,2.32,4,NO,ACCRA
2799,2800,2026-01-13 23:45:00,VLan30,IT,Laptop,DNS,502,3.5,12,NO,TAKORADI
2800,2801,2026-02-02 19:00:00,VLan40,Sales,Router,HTTPS,679,0.26,7,NO,TAKORADI
2801,2802,2026-04-02 11:58:00,VLan10,HR,Laptop,DNS,441,0.83,1,NO,TEMA
2802,2803,2026-02-12 18:54:00,VLan20,Finance,Server,HTTP,465,4.98,8,NO,ACCRA
2803,2804,2026-01-31 10:30:00,VLan20,Finance,Mobile,DNS,577,2.58,1,NO,ACCRA
2804,2805,2026-04-30 19:21:00,VLan20,Finance,Laptop,SMTP,473,1.65,15,NO,TAKORADI
2805,2806,2026-03-24 08:46:00,VLan40,Sales,Mobile,SSH,472,3.77,7,NO,TAKORADI
2806,2807,2026-04-08 21:07:00,VLan10,HR,Server,HTTPS,160,0.54,9,NO,Tamale
2807,2808,2026-01-14 13:13:00,VLan30,IT,Mobile,HTTPS,907,2.37,11,NO,TEMA
2808,2809,2026-03-07 12:48:00,VLan20,Finance,Server,HTTPS,189,0.53,8,NO,KUMASI
2809,2810,2026-01-17 08:51:00,VLan20,Finance,Desktop,HTTP,386,0.91,4,NO,TEMA
2810,2811,2026-04-14 14:30:00,VLan20,Finance,Laptop,HTTPS,591,3.33,9,NO,KUMASI
2811,2812,2026-02-17 11:22:00,VLan40,Sales,Server,HTTPS,236,1.51,13,NO,TEMA
2812,2813,2026-01-21 09:29:00,VLan20,Finance,Mobile,HTTP,549,2.43,7,NO,TAKORADI
2813,2814,2026-04-21 05:16:00,VLan30,IT,Router,HTTP,1094,4.99,8,NO,ACCRA
2814,2815,2026-02-27 07:02:00,VLan20,Finance,Desktop,HTTPS,556,2.47,6,NO,TAKORADI
2815,2816,2026-03-11 04:41:00,VLan10,HR,Mobile,SSH,442,4.13,12,NO,TEMA
2816,2817,2026-01-06 17:12:00,VLan30,IT,Laptop,FTP,743,2.74,5,NO,Tamale
2817,2818,2026-01-13 18:00:00,VLan10,HR,Server,SSH,554,4.1,13,NO,ACCRA
2818,2819,2026-04-21 22:30:00,VLan10,HR,Router,SMTP,190,0.72,13,NO,ACCRA
2819,2820,2026-03-19 22:50:00,VLan40,Sales,Laptop,SSH,583,4.63,1,NO,KUMASI
2820,2821,2026-03-03 09:22:00,VLan20,Finance,Mobile,SSH,191,1.15,15,NO,Tamale
2821,2822,2026-02-05 22:48:00,VLan10,HR,Desktop,HTTP,448,3.69,3,NO,ACCRA
2822,2823,2026-03-02 14:58:00,VLan40,Sales,Mobile,DNS,147,2.6,9,NO,ACCRA
2823,2824,2026-01-11 19:47:00,VLan10,HR,Server,HTTPS,652,4.68,14,NO,KUMASI
2824,2825,2026-02-05 17:17:00,VLan40,Sales,Laptop,SSH,606,4.91,9,NO,ACCRA
2825,2826,2026-04-18 09:44:00,VLan10,HR,Server,DNS,181,2.62,5,NO,TAKORADI
2826,2827,2026-04-30 11:42:00,VLan40,Sales,Mobile,SSH,633,4.03,3,NO,TEMA
2827,2828,2026-01-02 14:01:00,VLan30,IT,Router,SSH,601,4.67,10,NO,ACCRA
2828,2829,2026-02-25 06:00:00,VLan40,Sales,Desktop,DNS,661,2.36,13,NO,Tamale
2829,2830,2026-03-11 22:57:00,VLan10,HR,Server,SSH,627,3.51,3,NO,TAKORADI
2830,2831,2026-03-19 20:32:00,VLan40,Sales,Desktop,SSH,269,1.82,10,NO,ACCRA
2831,2832,2026-01-01 00:17:00,VLan10,HR,Laptop,SMTP,327,2.03,15,NO,ACCRA
2832,2833,2026-03-31 01:04:00,VLan10,HR,Server,SSH,111,2.35,14,NO,ACCRA
2833,2834,2026-03-13 23:12:00,VLan20,Finance,Mobile,HTTPS,643,4.58,7,NO,Tamale
2834,2835,2026-04-24 07:36:00,VLan40,Sales,Desktop,HTTP,647,4.11,3,NO,TAKORADI
2835,2836,2026-01-27 17:01:00,VLan40,Sales,Mobile,HTTPS,584,3.45,12,NO,TEMA
2836,2837,2026-01-28 02:43:00,VLan30,IT,Server,SSH,1097,0.64,8,YES,KUMASI
2837,2838,2026-01-12 08:26:00,VLan20,Finance,Laptop,HTTP,199,3.59,9,NO,TAKORADI
2838,2839,2026-02-27 18:37:00,VLan20,Finance,Router,SSH,173,0.07,11,NO,TEMA
2839,2840,2026-04-10 03:32:00,VLan30,IT,Laptop,HTTP,800,3.11,10,NO,KUMASI
2840,2841,2026-02-18 10:46:00,VLan30,IT,Server,SMTP,719,0.41,14,NO,TEMA
2841,2842,2026-03-27 17:31:00,VLan30,IT,Router,HTTPS,749,0.3,0,NO,KUMASI
2842,2843,2026-03-07 21:36:00,VLan20,Finance,Laptop,FTP,142,3.55,3,NO,TAKORADI
2843,2844,2026-01-09 07:19:00,VLan10,HR,Server,SMTP,389,2.81,15,NO,ACCRA
2844,2845,2026-01-02 13:50:00,VLan10,HR,Mobile,FTP,545,4.94,1,NO,KUMASI
2845,2846,2026-02-07 10:06:00,VLan10,HR,Server,FTP,493,3.21,5,NO,Tamale
2846,2847,2026-02-05 06:46:00,VLan30,IT,Server,DNS,922,1.51,11,NO,ACCRA
2847,2848,2026-01-24 20:41:00,VLan20,Finance,Server,SMTP,589,1.87,12,NO,Tamale
2848,2849,2026-02-09 12:05:00,VLan20,Finance,Mobile,HTTPS,306,3.94,8,NO,ACCRA
2849,2850,2026-02-20 19:48:00,VLan30,IT,Desktop,FTP,801,2.79,10,NO,ACCRA
2850,2851,2026-03-05 02:16:00,VLan40,Sales,Desktop,HTTP,678,3.65,6,NO,KUMASI
2851,2852,2026-02-08 16:40:00,VLan30,IT,Laptop,SSH,939,3.87,3,YES,TAKORADI
2852,2853,2026-04-25 19:10:00,VLan30,IT,Laptop,HTTPS,844,1.62,13,NO,Tamale
2853,2854,2026-01-03 14:07:00,VLan30,IT,Laptop,FTP,731,1.51,3,NO,TAKORADI
2854,2855,2026-01-14 19:42:00,VLan10,HR,Laptop,HTTPS,675,3.97,14,NO,Tamale
2855,2856,2026-01-01 13:10:00,VLan20,Finance,Mobile,DNS,638,3.74,10,NO,ACCRA
2856,2857,2026-02-08 02:14:00,VLan20,Finance,Mobile,HTTPS,209,0.49,4,NO,ACCRA
2857,2858,2026-03-29 00:31:00,VLan20,Finance,Laptop,DNS,222,3.35,15,NO,TEMA
2858,2859,2026-04-13 02:42:00,VLan40,Sales,Server,HTTPS,503,1.18,4,NO,Tamale
2859,2860,2026-02-06 13:04:00,VLan40,Sales,Server,SMTP,585,3.5,5,NO,TEMA
2860,2861,2026-04-23 07:32:00,VLan30,IT,Laptop,SSH,1077,2.94,12,YES,TAKORADI
2861,2862,2026-04-26 22:52:00,VLan30,IT,Mobile,SSH,726,0.21,1,NO,Tamale
2862,2863,2026-01-24 04:08:00,VLan20,Finance,Mobile,SSH,685,4.82,0,NO,KUMASI
2863,2864,2026-02-21 23:45:00,VLan10,HR,Server,HTTPS,348,0.26,0,NO,TAKORADI
2864,2865,2026-01-16 15:43:00,VLan10,HR,Laptop,HTTPS,288,3.93,8,NO,TEMA
2865,2866,2026-02-17 14:10:00,VLan20,Finance,Router,SSH,557,0.69,14,NO,ACCRA
2866,2867,2026-02-22 08:25:00,VLan40,Sales,Router,SMTP,397,4.3,0,NO,TEMA
2867,2868,2026-01-22 02:48:00,VLan10,HR,Server,DNS,249,2.97,11,NO,TEMA
2868,2869,2026-03-25 22:18:00,VLan20,Finance,Mobile,DNS,568,1.4,14,NO,ACCRA
2869,2870,2026-02-15 03:09:00,VLan20,Finance,Desktop,DNS,533,0.49,0,NO,Tamale
2870,2871,2026-01-02 08:35:00,VLan20,Finance,Laptop,SMTP,414,4.57,2,NO,TAKORADI
2871,2872,2026-02-10 21:51:00,VLan30,IT,Laptop,DNS,1142,0.14,5,NO,TAKORADI
2872,2873,2026-03-06 11:56:00,VLan30,IT,Mobile,SSH,652,2.32,10,NO,TEMA
2873,2874,2026-04-30 22:58:00,VLan20,Finance,Router,SSH,365,3.91,4,NO,TAKORADI
2874,2875,2026-03-09 22:36:00,VLan20,Finance,Desktop,DNS,160,4.27,8,NO,ACCRA
2875,2876,2026-03-16 07:22:00,VLan10,HR,Router,SMTP,430,2.51,5,NO,Tamale
2876,2877,2026-04-17 04:53:00,VLan30,IT,Mobile,SMTP,528,1.21,4,NO,KUMASI
2877,2878,2026-01-03 12:40:00,VLan10,HR,Mobile,HTTP,529,0.72,6,NO,ACCRA
2878,2879,2026-03-05 22:23:00,VLan10,HR,Desktop,SMTP,438,4.13,14,NO,KUMASI
2879,2880,2026-04-26 09:56:00,VLan40,Sales,Router,SMTP,233,1.15,9,NO,ACCRA
2880,2881,2026-03-20 19:29:00,VLan40,Sales,Desktop,SSH,195,0.69,8,NO,KUMASI
2881,2882,2026-01-15 07:31:00,VLan10,HR,Router,SMTP,199,0.16,11,NO,Tamale
2882,2883,2026-02-25 04:19:00,VLan20,Finance,Server,DNS,595,4.35,4,NO,TAKORADI
2883,2884,2026-04-26 05:58:00,VLan20,Finance,Mobile,FTP,619,2.5,8,NO,ACCRA
2884,2885,2026-04-12 00:21:00,VLan10,HR,Router,SMTP,138,1.63,7,NO,Tamale
2885,2886,2026-01-23 09:39:00,VLan10,HR,Router,DNS,128,1.83,7,NO,KUMASI
2886,2887,2026-01-30 00:17:00,VLan10,HR,Laptop,FTP,609,4.01,0,NO,Tamale
2887,2888,2026-04-24 00:28:00,VLan30,IT,Server,SMTP,895,2.53,10,NO,TAKORADI
2888,2889,2026-03-24 08:20:00,VLan10,HR,Router,DNS,430,1.53,3,NO,ACCRA
2889,2890,2026-01-02 18:06:00,VLan40,Sales,Server,HTTPS,533,4.55,14,NO,KUMASI
2890,2891,2026-03-09 05:44:00,VLan20,Finance,Server,HTTPS,210,2.86,15,NO,TEMA
2891,2892,2026-03-14 07:00:00,VLan30,IT,Desktop,DNS,761,4.84,3,NO,Tamale
2892,2893,2026-01-08 01:36:00,VLan40,Sales,Desktop,DNS,200,3.53,15,NO,KUMASI
2893,2894,2026-01-11 12:36:00,VLan20,Finance,Server,HTTP,340,1.43,3,NO,KUMASI
2894,2895,2026-04-01 04:16:00,VLan20,Finance,Desktop,SSH,444,2.94,3,NO,Tamale
2895,2896,2026-02-04 07:34:00,VLan30,IT,Desktop,DNS,996,3.52,6,NO,KUMASI
2896,2897,2026-01-20 17:19:00,VLan20,Finance,Mobile,FTP,518,1.65,4,NO,TAKORADI
2897,2898,2026-02-14 15:02:00,VLan30,IT,Laptop,HTTP,512,2.42,13,NO,TAKORADI
2898,2899,2026-04-27 13:21:00,VLan30,IT,Desktop,SMTP,565,1.29,8,NO,TEMA
2899,2900,2026-03-21 07:49:00,VLan10,HR,Mobile,FTP,383,3.87,2,NO,TAKORADI
2900,2901,2026-02-13 18:37:00,VLan30,IT,Server,HTTPS,742,4.35,13,NO,Tamale
2901,2902,2026-03-29 08:41:00,VLan40,Sales,Desktop,HTTP,405,2.41,10,NO,TAKORADI
2902,2903,2026-01-29 19:54:00,VLan40,Sales,Router,HTTPS,330,1.04,5,NO,KUMASI
2903,2904,2026-02-02 20:30:00,VLan10,HR,Laptop,SMTP,194,4.84,6,NO,ACCRA
2904,2905,2026-04-20 06:10:00,VLan10,HR,Server,SMTP,142,0.28,10,NO,ACCRA
2905,2906,2026-02-21 22:59:00,VLan10,HR,Router,FTP,356,2.74,6,NO,TAKORADI
2906,2907,2026-03-18 09:54:00,VLan20,Finance,Mobile,FTP,501,0.26,15,NO,ACCRA
2907,2908,2026-04-01 07:41:00,VLan30,IT,Laptop,HTTPS,781,3.74,9,NO,TEMA
2908,2909,2026-03-25 17:19:00,VLan20,Finance,Router,SMTP,647,4.41,10,NO,Tamale
2909,2910,2026-04-17 10:28:00,VLan10,HR,Laptop,HTTPS,174,2.4,5,NO,TAKORADI
2910,2911,2026-03-22 14:11:00,VLan30,IT,Server,FTP,826,1.83,8,NO,TAKORADI
2911,2912,2026-04-10 18:10:00,VLan20,Finance,Mobile,DNS,434,2.22,9,NO,TAKORADI
2912,2913,2026-03-11 10:50:00,VLan30,IT,Desktop,HTTPS,612,1.34,8,NO,TAKORADI
2913,2914,2026-01-08 15:57:00,VLan20,Finance,Laptop,FTP,542,0.18,8,NO,TEMA
2914,2915,2026-02-16 12:25:00,VLan20,Finance,Server,HTTPS,197,0.98,12,NO,KUMASI
2915,2916,2026-02-27 19:15:00,VLan10,HR,Laptop,SSH,400,2.59,1,NO,ACCRA
2916,2917,2026-03-21 18:02:00,VLan40,Sales,Mobile,SMTP,236,4.79,3,NO,Tamale
2917,2918,2026-03-11 14:20:00,VLan20,Finance,Server,HTTPS,214,2.14,1,NO,ACCRA
2918,2919,2026-03-25 18:09:00,VLan30,IT,Desktop,SSH,797,4.19,6,NO,KUMASI
2919,2920,2026-01-20 22:13:00,VLan20,Finance,Mobile,DNS,338,0.16,14,NO,TAKORADI
2920,2921,2026-02-17 04:28:00,VLan40,Sales,Router,SSH,604,0.06,5,NO,ACCRA
2921,2922,2026-04-06 19:33:00,VLan20,Finance,Laptop,SMTP,105,4.44,15,NO,TAKORADI
2922,2923,2026-04-03 06:17:00,VLan30,IT,Desktop,SSH,1047,2.52,1,YES,Tamale
2923,2924,2026-01-31 00:54:00,VLan30,IT,Desktop,HTTP,747,1.36,4,NO,KUMASI
2924,2925,2026-04-23 21:24:00,VLan40,Sales,Laptop,HTTP,414,3.73,8,NO,TEMA
2925,2926,2026-03-17 19:05:00,VLan10,HR,Laptop,HTTPS,313,1.96,7,NO,KUMASI
2926,2927,2026-01-15 00:54:00,VLan30,IT,Server,HTTP,1079,0.64,11,NO,TEMA
2927,2928,2026-04-23 02:42:00,VLan30,IT,Router,FTP,953,4.57,9,YES,TAKORADI
2928,2929,2026-03-06 19:44:00,VLan20,Finance,Desktop,HTTPS,433,1.25,10,NO,TEMA
2929,2930,2026-03-23 08:17:00,VLan30,IT,Laptop,SMTP,880,3.99,11,NO,KUMASI
2930,2931,2026-02-03 09:17:00,VLan20,Finance,Mobile,DNS,285,1.12,4,NO,Tamale
2931,2932,2026-02-12 14:19:00,VLan10,HR,Desktop,FTP,408,4.78,5,NO,TAKORADI
2932,2933,2026-04-11 05:31:00,VLan40,Sales,Desktop,SSH,103,4.48,1,NO,KUMASI
2933,2934,2026-01-30 12:27:00,VLan40,Sales,Server,HTTPS,578,2.28,1,NO,KUMASI
2934,2935,2026-01-24 08:17:00,VLan40,Sales,Router,DNS,660,2.62,14,NO,KUMASI
2935,2936,2026-03-12 02:29:00,VLan20,Finance,Laptop,SSH,144,3.85,2,NO,TAKORADI
2936,2937,2026-01-31 04:07:00,VLan40,Sales,Server,SMTP,439,4.57,1,NO,Tamale
2937,2938,2026-01-28 07:27:00,VLan10,HR,Laptop,DNS,618,1.38,4,NO,KUMASI
2938,2939,2026-01-15 00:20:00,VLan20,Finance,Router,DNS,154,1.12,11,NO,ACCRA
2939,2940,2026-01-21 22:28:00,VLan30,IT,Laptop,FTP,736,1.5,0,NO,ACCRA
2940,2941,2026-03-16 13:11:00,VLan20,Finance,Mobile,FTP,131,0.59,9,NO,TEMA
2941,2942,2026-04-15 16:47:00,VLan20,Finance,Mobile,SSH,101,2.81,10,NO,ACCRA
2942,2943,2026-04-28 02:02:00,VLan10,HR,Server,HTTPS,312,0.42,11,NO,TAKORADI
2943,2944,2026-01-07 04:08:00,VLan10,HR,Server,HTTP,382,4.5,13,NO,ACCRA
2944,2945,2026-03-11 14:27:00,VLan40,Sales,Server,HTTPS,493,2.31,2,NO,ACCRA
2945,2946,2026-04-04 02:53:00,VLan30,IT,Server,SMTP,1000,2.22,7,NO,KUMASI
2946,2947,2026-01-18 09:35:00,VLan10,HR,Desktop,SSH,224,2.19,9,NO,TEMA
2947,2948,2026-01-05 07:38:00,VLan30,IT,Router,SSH,897,3.39,14,NO,Tamale
2948,2949,2026-02-19 05:29:00,VLan20,Finance,Router,HTTPS,217,3.56,10,NO,ACCRA
2949,2950,2026-02-15 10:52:00,VLan30,IT,Router,SMTP,600,0.65,15,NO,TEMA
2950,2951,2026-02-13 06:46:00,VLan40,Sales,Router,HTTPS,531,2.7,6,NO,TAKORADI
2951,2952,2026-03-01 15:39:00,VLan40,Sales,Router,HTTP,277,0.81,3,NO,TEMA
2952,2953,2026-02-12 16:32:00,VLan40,Sales,Desktop,HTTP,457,3.98,2,NO,TEMA
2953,2954,2026-01-21 10:51:00,VLan30,IT,Server,SMTP,581,4.33,15,NO,ACCRA
2954,2955,2026-02-17 00:49:00,VLan10,HR,Server,HTTPS,113,4.38,1,NO,KUMASI
2955,2956,2026-04-12 07:03:00,VLan20,Finance,Server,SMTP,493,3.89,8,NO,KUMASI
2956,2957,2026-03-02 06:44:00,VLan30,IT,Desktop,SMTP,979,1.83,11,NO,Tamale
2957,2958,2026-04-20 05:31:00,VLan40,Sales,Desktop,SMTP,470,3.68,1,NO,TEMA
2958,2959,2026-01-29 17:04:00,VLan40,Sales,Router,DNS,195,2.34,7,NO,TAKORADI
2959,2960,2026-03-16 06:06:00,VLan40,Sales,Server,HTTPS,466,0.67,0,NO,TAKORADI
2960,2961,2026-04-09 14:19:00,VLan30,IT,Desktop,DNS,1141,0.26,4,NO,Tamale
2961,2962,2026-03-08 03:32:00,VLan40,Sales,Server,HTTPS,296,2.5,15,NO,TAKORADI
2962,2963,2026-01-28 18:11:00,VLan20,Finance,Laptop,HTTP,466,3.55,8,NO,TAKORADI
2963,2964,2026-03-29 13:12:00,VLan20,Finance,Router,SMTP,657,0.49,7,NO,KUMASI
2964,2965,2026-04-15 06:51:00,VLan10,HR,Desktop,FTP,554,1.83,10,NO,Tamale
2965,2966,2026-02-26 16:26:00,VLan20,Finance,Laptop,HTTPS,455,5.0,13,NO,KUMASI
2966,2967,2026-04-08 06:08:00,VLan10,HR,Mobile,SMTP,528,2.56,1,NO,TAKORADI
2967,2968,2026-03-31 20:20:00,VLan20,Finance,Desktop,SSH,660,0.67,13,NO,Tamale
2968,2969,2026-02-05 06:02:00,VLan30,IT,Router,HTTPS,994,2.76,11,NO,TAKORADI
2969,2970,2026-02-14 14:52:00,VLan30,IT,Mobile,HTTP,770,3.87,14,NO,Tamale
2970,2971,2026-02-27 20:42:00,VLan10,HR,Desktop,DNS,534,4.44,8,NO,TAKORADI
2971,2972,2026-02-18 09:59:00,VLan30,IT,Server,DNS,687,1.7,9,NO,Tamale
2972,2973,2026-04-12 10:29:00,VLan20,Finance,Desktop,DNS,218,2.57,7,NO,ACCRA
2973,2974,2026-03-28 02:56:00,VLan20,Finance,Laptop,HTTPS,634,0.95,5,NO,TEMA
2974,2975,2026-04-06 01:05:00,VLan10,HR,Mobile,SSH,631,3.48,0,NO,TEMA
2975,2976,2026-03-05 02:21:00,VLan30,IT,Desktop,HTTP,1077,0.18,4,NO,ACCRA
2976,2977,2026-03-20 16:03:00,VLan30,IT,Mobile,SMTP,1074,2.23,3,NO,TEMA
2977,2978,2026-03-09 12:30:00,VLan10,HR,Router,SSH,316,0.56,4,NO,ACCRA
2978,2979,2026-04-20 13:28:00,VLan20,Finance,Desktop,HTTP,637,0.23,0,NO,Tamale
2979,2980,2026-03-02 08:19:00,VLan40,Sales,Server,HTTPS,547,2.38,4,NO,TEMA
2980,2981,2026-03-24 15:28:00,VLan20,Finance,Router,SMTP,509,1.64,12,NO,ACCRA
2981,2982,2026-04-17 00:06:00,VLan10,HR,Laptop,SSH,338,4.65,10,NO,ACCRA
2982,2983,2026-01-12 18:48:00,VLan10,HR,Router,DNS,615,2.62,6,NO,KUMASI
2983,2984,2026-04-13 23:15:00,VLan10,HR,Server,SSH,690,1.76,14,NO,ACCRA
2984,2985,2026-04-29 10:50:00,VLan20,Finance,Router,HTTP,399,3.53,2,NO,Tamale
2985,2986,2026-01-04 18:08:00,VLan40,Sales,Router,HTTPS,317,4.11,5,NO,TEMA
2986,2987,2026-02-06 19:13:00,VLan20,Finance,Mobile,FTP,569,0.67,4,NO,TAKORADI
2987,2988,2026-02-27 02:54:00,VLan30,IT,Mobile,FTP,1145,2.33,1,YES,TEMA
2988,2989,2026-02-14 11:49:00,VLan20,Finance,Server,DNS,287,0.76,2,NO,TEMA
2989,2990,2026-02-10 06:04:00,VLan40,Sales,Desktop,SMTP,587,1.78,0,NO,ACCRA
2990,2991,2026-03-08 02:35:00,VLan40,Sales,Server,HTTP,466,4.52,9,NO,KUMASI
2991,2992,2026-03-19 11:59:00,VLan20,Finance,Laptop,FTP,244,0.47,4,NO,TAKORADI
2992,2993,2026-03-06 22:35:00,VLan30,IT,Mobile,SSH,1071,4.05,2,YES,TAKORADI
2993,2994,2026-02-19 11:21:00,VLan30,IT,Mobile,DNS,829,3.97,4,NO,Tamale
2994,2995,2026-03-31 07:45:00,VLan30,IT,Mobile,DNS,659,1.95,4,NO,TAKORADI
2995,2996,2026-01-13 19:27:00,VLan10,HR,Router,SMTP,210,4.46,9,NO,TEMA
2996,2997,2026-02-01 23:16:00,VLan40,Sales,Server,DNS,221,1.5,3,NO,TEMA
2997,2998,2026-03-22 21:50:00,VLan40,Sales,Mobile,DNS,153,3.76,7,NO,Tamale
2998,2999,2026-01-03 17:36:00,VLan40,Sales,Server,SMTP,166,1.55,1,NO,ACCRA
2999,3000,2026-03-09 07:35:00,VLan40,Sales,Router,HTTP,700,1.45,7,NO,Tamale
3000,3001,2026-02-17 22:18:00,VLan30,IT,Router,HTTPS,707,0.9,14,NO,TAKORADI
3001,3002,2026-04-29 17:58:00,VLan30,IT,Laptop,HTTP,781,0.92,5,NO,KUMASI
3002,3003,2026-01-29 22:52:00,VLan10,HR,Desktop,FTP,549,2.5,6,NO,KUMASI
3003,3004,2026-02-05 02:15:00,VLan10,HR,Server,HTTP,606,0.38,3,NO,TAKORADI
3004,3005,2026-01-01 23:41:00,VLan30,IT,Router,DNS,707,0.19,3,NO,KUMASI
3005,3006,2026-01-21 03:45:00,VLan20,Finance,Router,SMTP,344,2.15,1,NO,KUMASI
3006,3007,2026-03-29 12:49:00,VLan10,HR,Mobile,HTTP,120,2.76,8,NO,KUMASI
3007,3008,2026-03-04 22:35:00,VLan10,HR,Mobile,SSH,543,3.9,5,NO,Tamale
3008,3009,2026-03-13 19:24:00,VLan40,Sales,Router,FTP,402,1.66,3,NO,KUMASI
3009,3010,2026-03-23 04:09:00,VLan20,Finance,Mobile,SSH,297,4.15,1,NO,KUMASI
3010,3011,2026-03-16 16:12:00,VLan30,IT,Laptop,FTP,1196,4.19,7,YES,TEMA
3011,3012,2026-01-30 00:32:00,VLan20,Finance,Laptop,DNS,196,2.51,5,NO,Tamale
3012,3013,2026-02-19 21:49:00,VLan30,IT,Mobile,FTP,987,3.0,8,YES,KUMASI
3013,3014,2026-03-27 15:05:00,VLan10,HR,Router,DNS,653,2.87,7,NO,Tamale
3014,3015,2026-04-30 20:37:00,VLan10,HR,Laptop,SMTP,401,0.71,9,NO,TAKORADI
3015,3016,2026-02-16 18:46:00,VLan10,HR,Server,FTP,628,4.2,9,NO,Tamale
3016,3017,2026-03-13 16:36:00,VLan20,Finance,Laptop,HTTP,481,4.37,4,NO,TAKORADI
3017,3018,2026-04-09 05:38:00,VLan20,Finance,Laptop,HTTPS,666,3.71,3,NO,ACCRA
3018,3019,2026-03-19 00:40:00,VLan40,Sales,Server,HTTPS,336,0.61,9,NO,ACCRA
3019,3020,2026-02-25 17:13:00,VLan20,Finance,Router,SSH,470,2.45,2,NO,TAKORADI
3020,3021,2026-04-26 00:41:00,VLan30,IT,Desktop,DNS,595,0.1,13,NO,TEMA
3021,3022,2026-02-22 03:55:00,VLan20,Finance,Server,SSH,532,2.82,9,NO,Tamale
3022,3023,2026-03-29 09:54:00,VLan30,IT,Server,FTP,922,1.16,4,YES,Tamale
3023,3024,2026-01-19 13:02:00,VLan20,Finance,Server,HTTPS,122,1.3,12,NO,Tamale
3024,3025,2026-03-19 08:32:00,VLan30,IT,Router,SSH,862,2.66,2,NO,ACCRA
3025,3026,2026-04-13 22:59:00,VLan10,HR,Router,HTTP,534,4.03,11,NO,KUMASI
3026,3027,2026-04-17 16:12:00,VLan10,HR,Mobile,SSH,406,2.77,15,NO,Tamale
3027,3028,2026-03-20 22:42:00,VLan40,Sales,Server,SMTP,485,1.92,13,NO,TEMA
3028,3029,2026-01-16 01:05:00,VLan30,IT,Server,HTTP,1132,1.33,1,NO,ACCRA
3029,3030,2026-02-21 16:27:00,VLan20,Finance,Server,FTP,540,2.91,6,NO,TEMA
3030,3031,2026-03-24 12:36:00,VLan20,Finance,Laptop,SMTP,587,2.82,5,NO,Tamale
3031,3032,2026-02-19 02:55:00,VLan30,IT,Server,HTTPS,873,1.1,3,NO,ACCRA
3032,3033,2026-04-13 12:49:00,VLan30,IT,Mobile,SMTP,927,0.78,1,NO,KUMASI
3033,3034,2026-01-05 01:54:00,VLan10,HR,Mobile,SSH,227,0.52,8,NO,Tamale
3034,3035,2026-04-16 15:57:00,VLan10,HR,Laptop,SSH,567,1.83,2,NO,ACCRA
3035,3036,2026-03-31 22:47:00,VLan30,IT,Router,HTTP,588,3.83,14,NO,KUMASI
3036,3037,2026-04-17 05:34:00,VLan10,HR,Mobile,HTTPS,434,0.87,2,NO,TAKORADI
3037,3038,2026-03-20 06:09:00,VLan20,Finance,Desktop,HTTP,579,2.34,14,NO,TEMA
3038,3039,2026-04-29 08:48:00,VLan10,HR,Desktop,FTP,629,1.53,0,NO,TEMA
3039,3040,2026-02-22 04:37:00,VLan30,IT,Mobile,HTTPS,1200,3.29,13,NO,TEMA
3040,3041,2026-04-22 07:24:00,VLan30,IT,Server,SSH,957,1.72,3,YES,Tamale
3041,3042,2026-03-01 18:28:00,VLan30,IT,Server,HTTP,540,0.97,8,NO,TAKORADI
3042,3043,2026-03-24 21:37:00,VLan20,Finance,Desktop,FTP,268,3.2,3,NO,KUMASI
3043,3044,2026-02-12 01:02:00,VLan30,IT,Desktop,DNS,636,1.9,14,NO,KUMASI
3044,3045,2026-02-02 10:26:00,VLan10,HR,Mobile,HTTPS,634,4.63,4,NO,TAKORADI
3045,3046,2026-02-17 10:13:00,VLan40,Sales,Router,SMTP,633,4.78,14,NO,KUMASI
3046,3047,2026-04-24 09:44:00,VLan20,Finance,Mobile,DNS,362,2.42,12,NO,KUMASI
3047,3048,2026-01-13 22:25:00,VLan10,HR,Laptop,SSH,501,1.74,15,NO,TAKORADI
3048,3049,2026-03-19 02:33:00,VLan40,Sales,Desktop,DNS,279,2.48,1,NO,KUMASI
3049,3050,2026-03-18 19:23:00,VLan30,IT,Router,HTTPS,543,2.5,3,NO,KUMASI
3050,3051,2026-03-21 17:42:00,VLan30,IT,Desktop,DNS,1068,0.28,5,NO,Tamale
3051,3052,2026-02-20 23:10:00,VLan20,Finance,Mobile,HTTPS,356,4.49,10,NO,ACCRA
3052,3053,2026-03-23 01:15:00,VLan40,Sales,Laptop,SSH,420,0.81,0,NO,KUMASI
3053,3054,2026-03-22 14:33:00,VLan20,Finance,Desktop,SSH,340,0.51,11,NO,TAKORADI
3054,3055,2026-04-08 22:07:00,VLan20,Finance,Server,DNS,310,3.07,7,NO,TAKORADI
3055,3056,2026-03-24 01:54:00,VLan10,HR,Desktop,DNS,354,2.6,10,NO,TAKORADI
3056,3057,2026-04-30 08:32:00,VLan30,IT,Router,SMTP,799,0.84,13,NO,TAKORADI
3057,3058,2026-02-23 08:41:00,VLan10,HR,Server,DNS,157,1.61,3,NO,ACCRA
3058,3059,2026-02-06 10:35:00,VLan20,Finance,Laptop,FTP,596,0.95,11,NO,ACCRA
3059,3060,2026-04-16 06:51:00,VLan10,HR,Laptop,HTTPS,494,3.76,10,NO,TEMA
3060,3061,2026-01-30 22:23:00,VLan30,IT,Router,HTTP,584,2.61,12,NO,ACCRA
3061,3062,2026-03-22 20:02:00,VLan30,IT,Mobile,HTTPS,530,3.41,4,NO,KUMASI
3062,3063,2026-01-05 08:37:00,VLan40,Sales,Laptop,FTP,382,4.55,2,NO,Tamale
3063,3064,2026-04-02 00:43:00,VLan40,Sales,Server,HTTP,343,4.88,14,NO,ACCRA
3064,3065,2026-02-17 08:49:00,VLan20,Finance,Server,HTTPS,141,0.54,14,NO,Tamale
3065,3066,2026-04-12 08:00:00,VLan10,HR,Mobile,SMTP,217,2.7,8,NO,ACCRA
3066,3067,2026-03-09 21:32:00,VLan20,Finance,Router,HTTP,571,2.21,10,NO,KUMASI
3067,3068,2026-04-04 09:33:00,VLan30,IT,Router,HTTPS,770,3.42,4,NO,TEMA
3068,3069,2026-02-19 11:50:00,VLan30,IT,Mobile,DNS,653,4.06,0,NO,TAKORADI
3069,3070,2026-04-08 08:25:00,VLan10,HR,Mobile,FTP,349,0.46,14,NO,ACCRA
3070,3071,2026-01-09 09:09:00,VLan30,IT,Mobile,SMTP,619,1.38,13,NO,Tamale
3071,3072,2026-02-24 03:22:00,VLan30,IT,Desktop,FTP,620,4.35,15,NO,TAKORADI
3072,3073,2026-02-16 00:28:00,VLan10,HR,Mobile,SSH,646,4.63,9,NO,TEMA
3073,3074,2026-04-15 19:04:00,VLan30,IT,Router,FTP,1136,4.91,3,YES,TAKORADI
3074,3075,2026-03-19 12:07:00,VLan20,Finance,Laptop,DNS,679,1.62,12,NO,KUMASI
3075,3076,2026-01-25 21:13:00,VLan10,HR,Router,SSH,283,4.44,6,NO,Tamale
3076,3077,2026-02-28 03:37:00,VLan30,IT,Desktop,SMTP,604,3.55,7,NO,Tamale
3077,3078,2026-02-24 02:52:00,VLan40,Sales,Server,SMTP,338,0.65,9,NO,KUMASI
3078,3079,2026-01-23 19:38:00,VLan30,IT,Server,HTTPS,666,3.4,12,NO,TEMA
3079,3080,2026-04-08 16:01:00,VLan20,Finance,Mobile,DNS,605,4.9,12,NO,TAKORADI
3080,3081,2026-04-15 21:57:00,VLan20,Finance,Server,HTTP,542,4.01,14,NO,Tamale
3081,3082,2026-04-04 21:10:00,VLan20,Finance,Server,FTP,319,3.13,4,NO,Tamale
3082,3083,2026-04-23 20:44:00,VLan10,HR,Desktop,SMTP,381,0.57,14,NO,ACCRA
3083,3084,2026-02-08 02:26:00,VLan40,Sales,Server,HTTPS,532,2.84,15,NO,ACCRA
3084,3085,2026-01-01 10:14:00,VLan40,Sales,Server,SMTP,211,4.63,9,NO,KUMASI
3085,3086,2026-03-08 00:40:00,VLan40,Sales,Mobile,HTTPS,307,3.1,0,NO,ACCRA
3086,3087,2026-03-29 15:30:00,VLan30,IT,Mobile,DNS,575,0.11,2,NO,KUMASI
3087,3088,2026-01-22 11:12:00,VLan20,Finance,Router,SMTP,592,0.99,5,NO,Tamale
3088,3089,2026-02-07 04:30:00,VLan40,Sales,Mobile,HTTP,176,2.79,10,NO,Tamale
3089,3090,2026-03-10 14:57:00,VLan10,HR,Mobile,DNS,440,3.41,4,NO,TAKORADI
3090,3091,2026-04-15 14:45:00,VLan30,IT,Router,DNS,990,4.25,5,NO,TEMA
3091,3092,2026-02-21 19:07:00,VLan20,Finance,Server,SMTP,300,3.57,6,NO,ACCRA
3092,3093,2026-04-03 07:25:00,VLan20,Finance,Desktop,FTP,423,1.43,15,NO,Tamale
3093,3094,2026-04-17 17:40:00,VLan40,Sales,Desktop,HTTP,143,2.21,7,NO,ACCRA
3094,3095,2026-01-07 21:05:00,VLan40,Sales,Server,HTTP,386,4.26,3,NO,TEMA
3095,3096,2026-01-14 10:11:00,VLan30,IT,Mobile,DNS,762,1.11,15,NO,ACCRA
3096,3097,2026-03-18 17:28:00,VLan30,IT,Router,HTTP,770,4.52,11,NO,ACCRA
3097,3098,2026-03-08 10:27:00,VLan40,Sales,Desktop,HTTPS,316,1.94,6,NO,ACCRA
3098,3099,2026-04-28 18:26:00,VLan20,Finance,Server,FTP,373,0.47,14,NO,TEMA
3099,3100,2026-02-13 21:02:00,VLan20,Finance,Laptop,HTTP,103,3.49,6,NO,KUMASI
3100,3101,2026-03-02 20:08:00,VLan20,Finance,Laptop,SSH,327,3.9,9,NO,TEMA
3101,3102,2026-03-29 00:26:00,VLan10,HR,Laptop,FTP,422,0.94,10,NO,ACCRA
3102,3103,2026-01-16 04:25:00,VLan10,HR,Server,HTTPS,416,2.88,8,NO,TAKORADI
3103,3104,2026-04-23 07:08:00,VLan10,HR,Laptop,HTTPS,565,1.24,5,NO,Tamale
3104,3105,2026-03-24 21:47:00,VLan40,Sales,Laptop,DNS,502,2.04,9,NO,Tamale
3105,3106,2026-01-20 04:58:00,VLan30,IT,Laptop,HTTP,648,2.39,1,NO,KUMASI
3106,3107,2026-01-20 21:08:00,VLan10,HR,Desktop,DNS,401,2.27,3,NO,TAKORADI
3107,3108,2026-01-15 17:42:00,VLan20,Finance,Mobile,SMTP,330,1.23,0,NO,ACCRA
3108,3109,2026-04-05 08:50:00,VLan30,IT,Router,DNS,788,4.5,13,NO,TEMA
3109,3110,2026-01-31 10:57:00,VLan20,Finance,Router,DNS,445,4.31,12,NO,Tamale
3110,3111,2026-04-08 04:07:00,VLan30,IT,Desktop,SSH,618,3.82,1,NO,TEMA
3111,3112,2026-04-27 18:57:00,VLan10,HR,Router,HTTPS,553,4.5,8,NO,Tamale
3112,3113,2026-03-14 06:57:00,VLan20,Finance,Mobile,SSH,676,1.73,11,NO,Tamale
3113,3114,2026-02-12 01:27:00,VLan30,IT,Router,SMTP,771,1.72,8,NO,TAKORADI
3114,3115,2026-01-12 05:00:00,VLan10,HR,Desktop,HTTPS,555,0.13,13,NO,TAKORADI
3115,3116,2026-04-17 22:48:00,VLan40,Sales,Desktop,DNS,486,2.57,4,NO,Tamale
3116,3117,2026-03-13 08:02:00,VLan30,IT,Server,DNS,519,4.64,15,NO,Tamale
3117,3118,2026-01-27 11:49:00,VLan30,IT,Laptop,SMTP,662,3.02,12,NO,Tamale
3118,3119,2026-04-02 04:29:00,VLan30,IT,Router,SMTP,909,3.85,7,NO,TEMA
3119,3120,2026-04-05 15:53:00,VLan10,HR,Laptop,SMTP,393,3.88,10,NO,TEMA
3120,3121,2026-04-26 03:38:00,VLan10,HR,Desktop,FTP,694,2.65,10,NO,TEMA
3121,3122,2026-03-13 15:04:00,VLan20,Finance,Desktop,DNS,398,3.04,5,NO,TAKORADI
3122,3123,2026-04-09 12:17:00,VLan30,IT,Mobile,SSH,570,1.01,3,NO,Tamale
3123,3124,2026-01-03 20:39:00,VLan20,Finance,Laptop,SSH,526,2.34,5,NO,TAKORADI
3124,3125,2026-01-10 22:28:00,VLan10,HR,Router,FTP,136,1.46,4,NO,Tamale
3125,3126,2026-02-20 05:43:00,VLan40,Sales,Server,DNS,243,0.37,9,NO,KUMASI
3126,3127,2026-04-23 20:06:00,VLan10,HR,Desktop,SSH,605,3.21,0,NO,TEMA
3127,3128,2026-03-08 04:46:00,VLan10,HR,Desktop,SSH,238,4.9,0,NO,TAKORADI
3128,3129,2026-04-09 18:14:00,VLan30,IT,Laptop,HTTP,829,3.19,7,NO,TAKORADI
3129,3130,2026-02-02 17:28:00,VLan10,HR,Server,HTTPS,597,3.89,15,NO,KUMASI
3130,3131,2026-01-26 18:32:00,VLan40,Sales,Router,DNS,674,4.68,7,NO,KUMASI
3131,3132,2026-02-18 00:14:00,VLan30,IT,Desktop,SMTP,1132,0.64,2,NO,ACCRA
3132,3133,2026-01-06 03:17:00,VLan20,Finance,Server,DNS,269,4.89,3,NO,KUMASI
3133,3134,2026-02-01 12:01:00,VLan30,IT,Desktop,SSH,528,2.22,5,NO,TAKORADI
3134,3135,2026-02-05 15:02:00,VLan30,IT,Desktop,SMTP,1024,2.29,7,NO,ACCRA
3135,3136,2026-03-13 17:56:00,VLan40,Sales,Router,SSH,292,1.84,0,NO,Tamale
3136,3137,2026-01-13 11:37:00,VLan30,IT,Mobile,DNS,972,5.0,15,NO,TAKORADI
3137,3138,2026-03-19 18:35:00,VLan10,HR,Router,HTTPS,643,0.44,15,NO,ACCRA
3138,3139,2026-04-11 23:43:00,VLan20,Finance,Router,HTTP,503,2.19,10,NO,Tamale
3139,3140,2026-02-17 03:24:00,VLan30,IT,Router,FTP,1104,0.94,1,YES,TEMA
3140,3141,2026-02-13 20:40:00,VLan10,HR,Server,SMTP,158,1.96,13,NO,ACCRA
3141,3142,2026-02-12 15:07:00,VLan10,HR,Server,DNS,211,0.54,3,NO,ACCRA
3142,3143,2026-01-08 12:29:00,VLan10,HR,Desktop,HTTPS,569,2.31,9,NO,TEMA
3143,3144,2026-03-21 06:41:00,VLan20,Finance,Server,HTTP,507,3.82,10,NO,Tamale
3144,3145,2026-04-02 10:10:00,VLan20,Finance,Desktop,HTTPS,175,0.13,8,NO,KUMASI
3145,3146,2026-03-16 02:57:00,VLan10,HR,Server,SMTP,635,4.33,13,NO,Tamale
3146,3147,2026-04-17 20:48:00,VLan10,HR,Mobile,SSH,598,2.6,15,NO,Tamale
3147,3148,2026-04-07 04:55:00,VLan20,Finance,Router,HTTP,691,0.56,7,NO,TEMA
3148,3149,2026-03-22 12:56:00,VLan40,Sales,Router,SSH,534,2.92,1,NO,ACCRA
3149,3150,2026-02-26 09:16:00,VLan40,Sales,Desktop,DNS,167,0.81,3,NO,ACCRA
3150,3151,2026-04-30 07:32:00,VLan30,IT,Desktop,HTTP,727,3.88,4,NO,TAKORADI
3151,3152,2026-04-09 16:55:00,VLan30,IT,Server,SMTP,1121,0.02,8,NO,ACCRA
3152,3153,2026-03-06 05:51:00,VLan40,Sales,Mobile,FTP,508,4.9,15,NO,Tamale
3153,3154,2026-04-12 06:43:00,VLan30,IT,Laptop,SSH,710,0.85,13,NO,Tamale
3154,3155,2026-01-18 13:55:00,VLan10,HR,Desktop,SMTP,654,1.1,9,NO,KUMASI
3155,3156,2026-02-05 03:16:00,VLan40,Sales,Server,HTTP,647,1.81,12,NO,KUMASI
3156,3157,2026-03-17 03:43:00,VLan20,Finance,Desktop,HTTP,616,0.79,10,NO,Tamale
3157,3158,2026-02-22 07:54:00,VLan40,Sales,Router,SMTP,345,0.02,14,NO,KUMASI
3158,3159,2026-04-19 07:29:00,VLan40,Sales,Mobile,HTTP,349,0.22,7,NO,TAKORADI
3159,3160,2026-04-13 10:27:00,VLan30,IT,Laptop,SSH,1121,1.68,11,YES,ACCRA
3160,3161,2026-01-08 00:40:00,VLan30,IT,Server,DNS,1035,3.76,12,NO,TAKORADI
3161,3162,2026-02-27 14:37:00,VLan40,Sales,Server,SMTP,653,0.82,12,NO,TAKORADI
3162,3163,2026-02-13 08:58:00,VLan30,IT,Router,SMTP,1153,1.8,14,NO,Tamale
3163,3164,2026-02-18 17:39:00,VLan10,HR,Desktop,SSH,512,1.06,1,NO,Tamale
3164,3165,2026-03-28 19:41:00,VLan30,IT,Server,HTTPS,1108,1.28,15,NO,KUMASI
3165,3166,2026-03-07 06:41:00,VLan10,HR,Laptop,DNS,544,4.05,12,NO,Tamale
3166,3167,2026-01-02 21:37:00,VLan20,Finance,Laptop,HTTPS,406,4.97,7,NO,ACCRA
3167,3168,2026-01-28 03:27:00,VLan20,Finance,Laptop,SSH,601,2.99,1,NO,Tamale
3168,3169,2026-01-15 18:05:00,VLan20,Finance,Router,SMTP,147,3.1,11,NO,Tamale
3169,3170,2026-03-24 02:12:00,VLan30,IT,Laptop,SSH,573,4.03,10,NO,Tamale
3170,3171,2026-03-20 18:22:00,VLan20,Finance,Mobile,FTP,502,1.39,5,NO,Tamale
3171,3172,2026-04-24 03:39:00,VLan20,Finance,Mobile,SSH,108,2.19,2,NO,ACCRA
3172,3173,2026-03-01 00:49:00,VLan20,Finance,Desktop,HTTPS,624,4.15,8,NO,TEMA
3173,3174,2026-02-25 15:09:00,VLan40,Sales,Laptop,DNS,357,4.25,11,NO,TAKORADI
3174,3175,2026-03-14 03:38:00,VLan10,HR,Laptop,DNS,156,2.51,12,NO,TAKORADI
3175,3176,2026-01-08 01:26:00,VLan20,Finance,Server,SMTP,196,3.02,3,NO,TEMA
3176,3177,2026-01-04 23:47:00,VLan40,Sales,Mobile,SMTP,336,0.08,1,NO,KUMASI
3177,3178,2026-01-16 06:08:00,VLan10,HR,Mobile,HTTPS,485,1.55,3,NO,TAKORADI
3178,3179,2026-04-14 15:21:00,VLan20,Finance,Laptop,HTTP,665,4.23,15,NO,TEMA
3179,3180,2026-02-13 13:17:00,VLan20,Finance,Router,HTTPS,462,4.87,12,NO,KUMASI
3180,3181,2026-03-20 18:12:00,VLan20,Finance,Laptop,SSH,142,0.45,9,NO,Tamale
3181,3182,2026-03-01 06:39:00,VLan30,IT,Desktop,DNS,1005,3.27,11,NO,ACCRA
3182,3183,2026-03-11 01:45:00,VLan40,Sales,Desktop,SMTP,395,4.33,5,NO,Tamale
3183,3184,2026-03-29 03:37:00,VLan10,HR,Mobile,SMTP,677,1.75,12,NO,TAKORADI
3184,3185,2026-02-02 14:23:00,VLan40,Sales,Laptop,DNS,289,2.37,9,NO,ACCRA
3185,3186,2026-01-10 07:23:00,VLan20,Finance,Laptop,HTTPS,130,3.42,2,NO,TAKORADI
3186,3187,2026-01-24 13:16:00,VLan40,Sales,Mobile,HTTPS,417,2.09,10,NO,TEMA
3187,3188,2026-04-15 00:19:00,VLan30,IT,Desktop,DNS,891,2.96,2,NO,ACCRA
3188,3189,2026-02-02 07:39:00,VLan20,Finance,Mobile,HTTPS,132,1.01,5,NO,KUMASI
3189,3190,2026-04-26 10:31:00,VLan30,IT,Desktop,SMTP,767,2.26,4,NO,TEMA
3190,3191,2026-01-10 10:15:00,VLan20,Finance,Router,SSH,387,3.15,7,NO,TEMA
3191,3192,2026-01-10 00:45:00,VLan30,IT,Router,HTTPS,578,1.38,12,NO,KUMASI
3192,3193,2026-02-15 08:19:00,VLan40,Sales,Server,SSH,258,2.67,9,NO,ACCRA
3193,3194,2026-01-21 02:55:00,VLan40,Sales,Server,HTTPS,521,1.54,4,NO,TAKORADI
3194,3195,2026-04-25 01:48:00,VLan30,IT,Router,HTTP,784,2.85,12,NO,Tamale
3195,3196,2026-02-04 20:55:00,VLan40,Sales,Laptop,HTTP,631,2.17,8,NO,TEMA
3196,3197,2026-03-06 11:49:00,VLan10,HR,Laptop,HTTP,264,4.54,0,NO,ACCRA
3197,3198,2026-01-31 15:41:00,VLan10,HR,Mobile,SSH,562,3.91,7,NO,Tamale
3198,3199,2026-01-25 04:32:00,VLan20,Finance,Desktop,HTTPS,336,4.11,10,NO,KUMASI
3199,3200,2026-04-02 15:26:00,VLan40,Sales,Router,DNS,473,1.43,14,NO,TEMA
3200,3201,2026-02-17 11:02:00,VLan30,IT,Router,SMTP,589,2.26,13,NO,TAKORADI
3201,3202,2026-01-29 16:06:00,VLan10,HR,Server,SSH,349,3.18,6,NO,Tamale
3202,3203,2026-03-08 03:42:00,VLan30,IT,Mobile,DNS,524,1.99,15,NO,ACCRA
3203,3204,2026-01-01 17:32:00,VLan40,Sales,Mobile,SSH,208,0.66,13,NO,Tamale
3204,3205,2026-03-21 13:26:00,VLan20,Finance,Desktop,DNS,237,4.81,13,NO,ACCRA
3205,3206,2026-01-25 18:02:00,VLan30,IT,Server,HTTPS,982,3.11,6,NO,TAKORADI
3206,3207,2026-01-30 02:12:00,VLan20,Finance,Router,HTTPS,684,3.29,5,NO,TAKORADI
3207,3208,2026-01-20 03:09:00,VLan40,Sales,Mobile,DNS,366,0.09,1,NO,ACCRA
3208,3209,2026-04-07 21:45:00,VLan30,IT,Router,HTTPS,657,0.32,12,NO,TEMA
3209,3210,2026-04-15 18:01:00,VLan10,HR,Laptop,HTTP,344,2.36,6,NO,TAKORADI
3210,3211,2026-01-09 05:04:00,VLan40,Sales,Laptop,SSH,505,4.2,1,NO,Tamale
3211,3212,2026-02-01 08:27:00,VLan20,Finance,Server,SMTP,539,3.1,0,NO,ACCRA
3212,3213,2026-01-06 14:32:00,VLan40,Sales,Laptop,FTP,311,3.78,3,NO,Tamale
3213,3214,2026-02-05 07:20:00,VLan10,HR,Desktop,FTP,437,2.75,5,NO,TAKORADI
3214,3215,2026-02-16 13:09:00,VLan30,IT,Mobile,SMTP,1075,4.98,11,NO,KUMASI
3215,3216,2026-03-21 06:24:00,VLan20,Finance,Desktop,HTTP,151,4.21,10,NO,KUMASI
3216,3217,2026-04-16 13:20:00,VLan40,Sales,Mobile,DNS,160,2.24,7,NO,TAKORADI
3217,3218,2026-03-14 20:09:00,VLan10,HR,Mobile,SMTP,174,4.86,6,NO,KUMASI
3218,3219,2026-03-01 09:57:00,VLan40,Sales,Laptop,SMTP,205,3.39,8,NO,Tamale
3219,3220,2026-01-30 10:41:00,VLan20,Finance,Router,SMTP,613,2.59,11,NO,Tamale
3220,3221,2026-03-25 11:03:00,VLan20,Finance,Desktop,HTTP,467,3.02,11,NO,KUMASI
3221,3222,2026-03-28 03:03:00,VLan20,Finance,Desktop,DNS,387,4.14,10,NO,ACCRA
3222,3223,2026-02-10 22:22:00,VLan30,IT,Router,FTP,1046,4.05,15,YES,ACCRA
3223,3224,2026-03-31 19:52:00,VLan10,HR,Mobile,HTTPS,105,4.55,2,NO,TEMA
3224,3225,2026-02-16 22:45:00,VLan20,Finance,Mobile,HTTP,598,1.56,9,NO,Tamale
3225,3226,2026-03-12 20:25:00,VLan30,IT,Router,SSH,1047,3.98,13,YES,TEMA
3226,3227,2026-02-21 05:29:00,VLan30,IT,Mobile,HTTP,731,0.97,14,NO,Tamale
3227,3228,2026-01-12 21:59:00,VLan40,Sales,Mobile,SSH,261,1.52,10,NO,TAKORADI
3228,3229,2026-01-20 00:27:00,VLan10,HR,Router,SSH,538,1.31,12,NO,TAKORADI
3229,3230,2026-03-26 06:44:00,VLan10,HR,Desktop,FTP,202,3.26,0,NO,TAKORADI
3230,3231,2026-03-17 06:16:00,VLan40,Sales,Server,HTTPS,257,3.51,14,NO,Tamale
3231,3232,2026-02-09 19:49:00,VLan30,IT,Mobile,SMTP,999,1.07,6,NO,TAKORADI
3232,3233,2026-02-07 04:29:00,VLan10,HR,Router,SSH,565,3.62,6,NO,ACCRA
3233,3234,2026-02-02 14:43:00,VLan10,HR,Laptop,FTP,332,2.55,0,NO,KUMASI
3234,3235,2026-01-28 21:44:00,VLan20,Finance,Router,DNS,119,3.47,14,NO,Tamale
3235,3236,2026-01-19 10:53:00,VLan30,IT,Desktop,DNS,1191,4.86,8,NO,TAKORADI
3236,3237,2026-01-18 03:11:00,VLan10,HR,Desktop,SMTP,471,0.83,8,NO,TAKORADI
3237,3238,2026-01-10 00:25:00,VLan30,IT,Desktop,SSH,579,2.85,3,NO,Tamale
3238,3239,2026-02-27 20:24:00,VLan40,Sales,Desktop,HTTPS,648,4.19,15,NO,ACCRA
3239,3240,2026-01-30 02:51:00,VLan40,Sales,Desktop,HTTPS,329,4.03,6,NO,ACCRA
3240,3241,2026-03-14 11:36:00,VLan30,IT,Router,SSH,626,1.28,9,NO,TEMA
3241,3242,2026-04-02 11:08:00,VLan10,HR,Desktop,SMTP,423,2.06,15,NO,KUMASI
3242,3243,2026-02-21 21:00:00,VLan30,IT,Server,SMTP,502,3.51,10,NO,TEMA
3243,3244,2026-04-03 05:57:00,VLan20,Finance,Mobile,DNS,581,3.37,0,NO,ACCRA
3244,3245,2026-04-30 16:07:00,VLan10,HR,Mobile,HTTPS,406,3.34,12,NO,ACCRA
3245,3246,2026-03-08 19:20:00,VLan30,IT,Laptop,SSH,569,1.87,12,NO,ACCRA
3246,3247,2026-04-21 14:56:00,VLan20,Finance,Laptop,SMTP,108,1.34,2,NO,ACCRA
3247,3248,2026-04-15 03:31:00,VLan20,Finance,Laptop,HTTPS,271,2.55,2,NO,ACCRA
3248,3249,2026-04-16 11:33:00,VLan40,Sales,Mobile,SSH,629,1.79,15,NO,TAKORADI
3249,3250,2026-03-31 16:26:00,VLan20,Finance,Server,FTP,638,3.94,9,NO,Tamale
3250,3251,2026-03-10 19:58:00,VLan40,Sales,Router,DNS,492,1.82,7,NO,KUMASI
3251,3252,2026-04-29 07:45:00,VLan40,Sales,Mobile,HTTP,165,3.42,10,NO,ACCRA
3252,3253,2026-03-24 23:54:00,VLan30,IT,Laptop,SSH,1014,4.67,7,YES,ACCRA
3253,3254,2026-01-08 20:05:00,VLan20,Finance,Mobile,HTTP,137,0.47,2,NO,Tamale
3254,3255,2026-04-23 22:12:00,VLan30,IT,Mobile,DNS,1165,3.14,15,NO,Tamale
3255,3256,2026-01-12 09:32:00,VLan10,HR,Mobile,FTP,658,4.31,4,NO,Tamale
3256,3257,2026-03-10 15:33:00,VLan20,Finance,Desktop,SMTP,271,1.22,10,NO,Tamale
3257,3258,2026-02-07 06:17:00,VLan10,HR,Mobile,DNS,246,0.09,10,NO,TAKORADI
3258,3259,2026-02-16 01:47:00,VLan20,Finance,Laptop,FTP,693,4.29,1,NO,TAKORADI
3259,3260,2026-02-13 16:03:00,VLan10,HR,Desktop,SSH,137,1.58,3,NO,ACCRA
3260,3261,2026-04-08 02:09:00,VLan20,Finance,Server,DNS,327,3.72,12,NO,TAKORADI
3261,3262,2026-02-13 14:07:00,VLan10,HR,Router,SSH,246,3.83,4,NO,TEMA
3262,3263,2026-04-06 00:37:00,VLan40,Sales,Router,FTP,241,0.73,6,NO,TAKORADI
3263,3264,2026-01-19 22:27:00,VLan40,Sales,Mobile,FTP,557,0.29,8,NO,Tamale
3264,3265,2026-02-05 00:50:00,VLan20,Finance,Router,SSH,664,2.45,13,NO,KUMASI
3265,3266,2026-01-24 02:55:00,VLan10,HR,Laptop,DNS,385,3.63,10,NO,TEMA
3266,3267,2026-01-08 00:08:00,VLan40,Sales,Router,DNS,268,2.11,14,NO,TEMA
3267,3268,2026-01-01 08:18:00,VLan30,IT,Router,SSH,749,3.37,11,NO,ACCRA
3268,3269,2026-04-13 13:23:00,VLan30,IT,Desktop,HTTPS,694,3.22,14,NO,ACCRA
3269,3270,2026-03-25 01:48:00,VLan10,HR,Desktop,SSH,104,3.93,15,NO,ACCRA
3270,3271,2026-03-20 06:48:00,VLan20,Finance,Router,SSH,374,0.39,13,NO,KUMASI
3271,3272,2026-02-24 20:16:00,VLan10,HR,Desktop,DNS,397,2.95,4,NO,TEMA
3272,3273,2026-03-13 05:15:00,VLan40,Sales,Server,FTP,238,0.92,11,NO,ACCRA
3273,3274,2026-03-25 00:09:00,VLan30,IT,Laptop,FTP,1061,3.78,12,YES,TAKORADI
3274,3275,2026-04-03 04:01:00,VLan40,Sales,Router,HTTP,296,4.06,4,NO,KUMASI
3275,3276,2026-02-03 23:49:00,VLan10,HR,Laptop,HTTP,466,3.05,3,NO,Tamale
3276,3277,2026-03-01 04:19:00,VLan20,Finance,Laptop,HTTPS,658,3.38,11,NO,KUMASI
3277,3278,2026-01-02 06:25:00,VLan10,HR,Server,HTTPS,657,4.5,3,NO,ACCRA
3278,3279,2026-02-10 08:04:00,VLan20,Finance,Desktop,HTTPS,699,3.45,6,NO,TAKORADI
3279,3280,2026-01-15 04:48:00,VLan20,Finance,Router,FTP,102,1.75,14,NO,KUMASI
3280,3281,2026-04-10 04:05:00,VLan30,IT,Server,HTTPS,901,4.95,9,NO,Tamale
3281,3282,2026-04-15 09:10:00,VLan40,Sales,Mobile,DNS,157,1.33,2,NO,Tamale
3282,3283,2026-02-05 18:14:00,VLan40,Sales,Router,DNS,371,3.26,6,NO,TAKORADI
3283,3284,2026-01-13 16:18:00,VLan10,HR,Desktop,HTTPS,159,4.24,14,NO,TEMA
3284,3285,2026-03-27 04:39:00,VLan10,HR,Desktop,SSH,476,3.74,14,NO,TEMA
3285,3286,2026-01-30 10:54:00,VLan40,Sales,Laptop,HTTP,520,0.43,14,NO,KUMASI
3286,3287,2026-02-01 08:21:00,VLan10,HR,Mobile,FTP,307,1.14,0,NO,TEMA
3287,3288,2026-04-14 04:54:00,VLan20,Finance,Router,SMTP,554,1.23,1,NO,TEMA
3288,3289,2026-04-27 13:39:00,VLan40,Sales,Mobile,SMTP,337,4.98,11,NO,KUMASI
3289,3290,2026-03-09 00:32:00,VLan40,Sales,Mobile,HTTPS,386,0.39,8,NO,KUMASI
3290,3291,2026-02-13 04:35:00,VLan30,IT,Router,DNS,559,3.31,10,NO,ACCRA
3291,3292,2026-03-20 03:18:00,VLan40,Sales,Router,SSH,672,1.28,7,NO,ACCRA
3292,3293,2026-02-08 05:34:00,VLan10,HR,Router,HTTPS,549,4.15,9,NO,TAKORADI
3293,3294,2026-04-14 01:48:00,VLan10,HR,Mobile,HTTPS,411,1.17,6,NO,Tamale
3294,3295,2026-04-19 07:58:00,VLan40,Sales,Laptop,FTP,378,3.27,5,NO,TAKORADI
3295,3296,2026-03-06 05:14:00,VLan10,HR,Laptop,DNS,699,2.92,3,NO,KUMASI
3296,3297,2026-02-05 00:54:00,VLan20,Finance,Router,DNS,290,4.26,7,NO,ACCRA
3297,3298,2026-03-25 12:36:00,VLan30,IT,Mobile,FTP,710,1.19,5,NO,TAKORADI
3298,3299,2026-04-25 13:32:00,VLan20,Finance,Router,SMTP,434,3.63,0,NO,KUMASI
3299,3300,2026-04-14 22:04:00,VLan10,HR,Router,FTP,394,2.01,3,NO,ACCRA
3300,3301,2026-03-17 12:04:00,VLan20,Finance,Desktop,HTTPS,114,2.67,10,NO,TEMA
3301,3302,2026-04-13 15:25:00,VLan40,Sales,Laptop,FTP,389,0.44,12,NO,TEMA
3302,3303,2026-03-19 01:54:00,VLan20,Finance,Mobile,SMTP,160,3.31,8,NO,Tamale
3303,3304,2026-04-21 21:49:00,VLan40,Sales,Desktop,SSH,125,3.73,15,NO,ACCRA
3304,3305,2026-04-23 12:49:00,VLan20,Finance,Laptop,SSH,267,4.69,14,NO,KUMASI
3305,3306,2026-03-05 20:15:00,VLan30,IT,Mobile,HTTPS,517,2.54,13,NO,TEMA
3306,3307,2026-04-05 07:49:00,VLan30,IT,Router,SSH,790,3.84,2,NO,ACCRA
3307,3308,2026-02-01 03:56:00,VLan30,IT,Server,FTP,504,4.49,15,NO,ACCRA
3308,3309,2026-03-15 09:33:00,VLan20,Finance,Desktop,SSH,304,3.83,14,NO,ACCRA
3309,3310,2026-04-10 01:23:00,VLan10,HR,Laptop,SMTP,471,3.17,1,NO,ACCRA
3310,3311,2026-04-03 05:39:00,VLan30,IT,Laptop,HTTP,1005,4.58,13,NO,ACCRA
3311,3312,2026-01-01 17:27:00,VLan10,HR,Server,HTTPS,219,4.99,1,NO,ACCRA
3312,3313,2026-02-09 11:13:00,VLan10,HR,Server,HTTPS,614,2.7,4,NO,TAKORADI
3313,3314,2026-04-13 23:30:00,VLan10,HR,Desktop,HTTPS,355,3.84,15,NO,ACCRA
3314,3315,2026-01-24 08:12:00,VLan30,IT,Server,DNS,836,2.6,11,NO,ACCRA
3315,3316,2026-04-15 16:57:00,VLan10,HR,Router,FTP,439,2.96,6,NO,ACCRA
3316,3317,2026-02-08 10:01:00,VLan30,IT,Server,HTTPS,961,1.76,7,NO,TAKORADI
3317,3318,2026-03-03 22:07:00,VLan40,Sales,Server,HTTPS,601,2.12,9,NO,TEMA
3318,3319,2026-01-01 10:26:00,VLan40,Sales,Server,DNS,467,0.45,7,NO,KUMASI
3319,3320,2026-01-19 04:36:00,VLan40,Sales,Mobile,DNS,273,2.39,13,NO,TAKORADI
3320,3321,2026-04-14 12:01:00,VLan30,IT,Desktop,HTTPS,1166,3.57,0,NO,Tamale
3321,3322,2026-04-17 04:43:00,VLan20,Finance,Desktop,FTP,158,1.97,4,NO,TAKORADI
3322,3323,2026-01-23 02:24:00,VLan10,HR,Server,SSH,429,1.45,14,NO,TAKORADI
3323,3324,2026-01-12 16:38:00,VLan40,Sales,Mobile,SMTP,210,4.66,2,NO,Tamale
3324,3325,2026-03-14 21:51:00,VLan40,Sales,Mobile,FTP,571,0.56,2,NO,ACCRA
3325,3326,2026-04-06 21:51:00,VLan40,Sales,Laptop,HTTPS,176,0.19,11,NO,TAKORADI
3326,3327,2026-04-28 22:02:00,VLan20,Finance,Router,SMTP,487,4.25,14,NO,KUMASI
3327,3328,2026-04-21 01:33:00,VLan20,Finance,Desktop,SSH,224,1.5,5,NO,TEMA
3328,3329,2026-03-28 13:37:00,VLan40,Sales,Laptop,HTTPS,535,0.5,5,NO,TEMA
3329,3330,2026-02-21 18:13:00,VLan10,HR,Router,HTTP,625,1.14,3,NO,TAKORADI
3330,3331,2026-02-11 11:57:00,VLan10,HR,Laptop,HTTP,489,2.82,0,NO,ACCRA
3331,3332,2026-02-12 03:56:00,VLan40,Sales,Desktop,DNS,526,1.33,10,NO,ACCRA
3332,3333,2026-01-22 13:04:00,VLan40,Sales,Laptop,SMTP,612,0.99,11,NO,ACCRA
3333,3334,2026-03-22 07:53:00,VLan10,HR,Server,SSH,501,1.18,6,NO,TEMA
3334,3335,2026-04-03 08:06:00,VLan10,HR,Laptop,HTTPS,444,4.31,11,NO,Tamale
3335,3336,2026-01-18 19:16:00,VLan20,Finance,Desktop,SSH,294,2.33,9,NO,TEMA
3336,3337,2026-03-15 23:07:00,VLan30,IT,Laptop,HTTP,1182,2.04,0,NO,ACCRA
3337,3338,2026-01-13 11:39:00,VLan20,Finance,Server,SSH,566,0.15,12,NO,TEMA
3338,3339,2026-01-01 02:04:00,VLan40,Sales,Router,FTP,480,4.27,7,NO,KUMASI
3339,3340,2026-04-04 19:25:00,VLan20,Finance,Server,HTTP,545,0.34,5,NO,TEMA
3340,3341,2026-04-19 13:55:00,VLan30,IT,Laptop,SMTP,800,1.9,0,NO,Tamale
3341,3342,2026-01-07 16:50:00,VLan40,Sales,Mobile,HTTP,222,4.13,11,NO,KUMASI
3342,3343,2026-02-17 01:18:00,VLan40,Sales,Laptop,HTTP,567,2.31,11,NO,TEMA
3343,3344,2026-02-08 04:44:00,VLan20,Finance,Router,SSH,295,2.41,12,NO,TAKORADI
3344,3345,2026-03-16 03:58:00,VLan40,Sales,Server,SSH,578,2.66,7,NO,ACCRA
3345,3346,2026-04-19 08:42:00,VLan20,Finance,Server,FTP,291,0.02,12,NO,ACCRA
3346,3347,2026-04-18 13:17:00,VLan20,Finance,Router,SMTP,240,2.94,2,NO,KUMASI
3347,3348,2026-03-29 14:20:00,VLan40,Sales,Mobile,SSH,457,3.85,3,NO,Tamale
3348,3349,2026-04-13 10:42:00,VLan40,Sales,Server,DNS,567,1.99,14,NO,TAKORADI
3349,3350,2026-02-07 22:08:00,VLan10,HR,Mobile,HTTP,380,2.02,9,NO,KUMASI
3350,3351,2026-01-10 06:29:00,VLan30,IT,Router,SSH,808,4.07,7,NO,KUMASI
3351,3352,2026-02-23 23:52:00,VLan40,Sales,Laptop,DNS,254,4.86,3,NO,TEMA
3352,3353,2026-03-25 09:47:00,VLan40,Sales,Mobile,SSH,467,3.1,1,NO,TEMA
3353,3354,2026-04-27 11:16:00,VLan40,Sales,Router,SSH,156,2.09,8,NO,Tamale
3354,3355,2026-01-01 03:04:00,VLan30,IT,Mobile,HTTP,957,4.42,5,NO,Tamale
3355,3356,2026-04-07 12:34:00,VLan30,IT,Laptop,SMTP,780,2.9,1,NO,TAKORADI
3356,3357,2026-02-02 00:37:00,VLan40,Sales,Router,HTTPS,390,1.16,12,NO,ACCRA
3357,3358,2026-02-19 01:51:00,VLan30,IT,Laptop,HTTP,1001,4.12,0,NO,ACCRA
3358,3359,2026-03-12 04:06:00,VLan20,Finance,Laptop,HTTP,422,3.01,6,NO,TAKORADI
3359,3360,2026-04-08 00:38:00,VLan20,Finance,Mobile,SSH,171,2.2,1,NO,TEMA
3360,3361,2026-03-04 14:23:00,VLan10,HR,Router,FTP,475,2.47,10,NO,ACCRA
3361,3362,2026-04-14 17:51:00,VLan30,IT,Mobile,SMTP,1008,2.63,10,NO,TEMA
3362,3363,2026-04-22 13:20:00,VLan30,IT,Router,SMTP,768,2.49,2,NO,KUMASI
3363,3364,2026-03-17 06:03:00,VLan20,Finance,Laptop,DNS,626,4.08,6,NO,KUMASI
3364,3365,2026-01-07 10:47:00,VLan20,Finance,Server,SSH,195,0.17,11,NO,Tamale
3365,3366,2026-02-20 21:27:00,VLan30,IT,Desktop,HTTPS,1014,0.16,4,NO,TAKORADI
3366,3367,2026-01-19 18:51:00,VLan10,HR,Laptop,DNS,673,3.86,8,NO,TEMA
3367,3368,2026-02-16 23:46:00,VLan10,HR,Router,FTP,161,4.46,5,NO,TEMA
3368,3369,2026-03-25 18:45:00,VLan40,Sales,Router,HTTPS,384,3.96,12,NO,ACCRA
3369,3370,2026-04-11 07:05:00,VLan20,Finance,Server,FTP,630,4.8,7,NO,KUMASI
3370,3371,2026-01-06 03:03:00,VLan40,Sales,Mobile,SSH,594,4.21,7,NO,TEMA
3371,3372,2026-02-13 21:22:00,VLan30,IT,Mobile,SSH,651,3.47,6,NO,TEMA
3372,3373,2026-01-12 13:47:00,VLan30,IT,Server,SSH,776,1.37,0,NO,TEMA
3373,3374,2026-01-16 21:21:00,VLan20,Finance,Router,FTP,546,3.2,0,NO,ACCRA
3374,3375,2026-02-01 03:41:00,VLan10,HR,Desktop,SMTP,514,4.8,6,NO,TEMA
3375,3376,2026-03-25 15:13:00,VLan40,Sales,Desktop,HTTP,668,2.73,1,NO,TAKORADI
3376,3377,2026-02-05 19:35:00,VLan40,Sales,Router,SMTP,219,3.79,4,NO,TAKORADI
3377,3378,2026-04-10 06:30:00,VLan40,Sales,Server,HTTPS,342,3.57,8,NO,TAKORADI
3378,3379,2026-02-27 08:30:00,VLan40,Sales,Laptop,FTP,203,2.35,6,NO,TEMA
3379,3380,2026-04-26 13:46:00,VLan40,Sales,Mobile,DNS,588,3.51,2,NO,KUMASI
3380,3381,2026-02-22 15:01:00,VLan20,Finance,Laptop,HTTP,640,3.71,15,NO,Tamale
3381,3382,2026-03-30 19:28:00,VLan40,Sales,Router,FTP,346,4.75,10,NO,Tamale
3382,3383,2026-02-28 19:01:00,VLan30,IT,Desktop,HTTPS,1080,3.51,6,NO,Tamale
3383,3384,2026-03-05 17:23:00,VLan40,Sales,Router,HTTP,671,1.71,8,NO,TAKORADI
3384,3385,2026-04-05 00:04:00,VLan20,Finance,Server,DNS,357,1.5,12,NO,Tamale
3385,3386,2026-01-21 13:16:00,VLan10,HR,Desktop,HTTPS,597,2.59,4,NO,Tamale
3386,3387,2026-02-01 04:44:00,VLan20,Finance,Laptop,SMTP,476,3.97,14,NO,KUMASI
3387,3388,2026-01-15 02:05:00,VLan40,Sales,Server,SSH,406,4.0,13,NO,Tamale
3388,3389,2026-03-09 04:15:00,VLan40,Sales,Router,HTTPS,599,2.65,14,NO,Tamale
3389,3390,2026-03-19 06:12:00,VLan40,Sales,Desktop,SSH,314,3.34,3,NO,KUMASI
3390,3391,2026-01-12 15:16:00,VLan40,Sales,Desktop,SSH,592,1.03,3,NO,Tamale
3391,3392,2026-04-29 05:06:00,VLan40,Sales,Laptop,HTTP,481,1.76,8,NO,KUMASI
3392,3393,2026-04-22 12:21:00,VLan40,Sales,Mobile,SMTP,655,2.59,9,NO,TAKORADI
3393,3394,2026-02-27 02:01:00,VLan30,IT,Laptop,SSH,560,0.66,12,NO,TAKORADI
3394,3395,2026-03-20 16:55:00,VLan40,Sales,Laptop,HTTP,170,4.06,10,NO,KUMASI
3395,3396,2026-01-29 12:40:00,VLan10,HR,Router,HTTPS,283,4.21,5,NO,KUMASI
3396,3397,2026-03-07 09:14:00,VLan20,Finance,Router,HTTPS,541,4.71,5,NO,ACCRA
3397,3398,2026-02-24 04:54:00,VLan20,Finance,Router,HTTPS,518,3.69,1,NO,TEMA
3398,3399,2026-03-21 01:07:00,VLan20,Finance,Mobile,DNS,234,4.58,5,NO,Tamale
3399,3400,2026-04-18 13:25:00,VLan40,Sales,Mobile,SSH,134,4.49,12,NO,ACCRA
3400,3401,2026-01-05 23:01:00,VLan10,HR,Desktop,HTTP,442,0.82,4,NO,ACCRA
3401,3402,2026-02-11 16:57:00,VLan30,IT,Router,DNS,981,3.45,10,NO,KUMASI
3402,3403,2026-01-26 12:29:00,VLan20,Finance,Server,FTP,532,3.15,6,NO,KUMASI
3403,3404,2026-03-13 10:04:00,VLan10,HR,Server,HTTPS,358,2.62,3,NO,KUMASI
3404,3405,2026-04-27 15:01:00,VLan20,Finance,Mobile,SMTP,401,3.38,0,NO,Tamale
3405,3406,2026-04-14 16:20:00,VLan40,Sales,Mobile,SMTP,287,3.3,4,NO,KUMASI
3406,3407,2026-03-02 08:47:00,VLan30,IT,Server,SMTP,1171,1.84,4,NO,TEMA
3407,3408,2026-04-17 14:27:00,VLan30,IT,Server,FTP,948,1.84,5,YES,TAKORADI
3408,3409,2026-04-07 22:03:00,VLan20,Finance,Server,SMTP,116,4.87,1,NO,KUMASI
3409,3410,2026-02-01 22:40:00,VLan30,IT,Mobile,SMTP,669,0.02,4,NO,Tamale
3410,3411,2026-02-27 23:29:00,VLan40,Sales,Router,HTTPS,474,0.92,10,NO,Tamale
3411,3412,2026-01-16 01:24:00,VLan10,HR,Server,SSH,478,3.11,10,NO,TAKORADI
3412,3413,2026-02-07 15:43:00,VLan40,Sales,Mobile,DNS,312,3.14,15,NO,ACCRA
3413,3414,2026-03-20 11:04:00,VLan40,Sales,Server,HTTP,309,0.3,13,NO,TAKORADI
3414,3415,2026-03-04 18:36:00,VLan30,IT,Laptop,FTP,570,1.18,13,NO,ACCRA
3415,3416,2026-04-25 09:46:00,VLan40,Sales,Mobile,HTTPS,351,4.86,14,NO,Tamale
3416,3417,2026-01-09 08:59:00,VLan30,IT,Server,DNS,949,3.19,12,NO,ACCRA
3417,3418,2026-01-05 16:37:00,VLan10,HR,Laptop,HTTPS,471,2.05,3,NO,KUMASI
3418,3419,2026-03-13 23:00:00,VLan40,Sales,Laptop,SMTP,439,2.18,2,NO,TAKORADI
3419,3420,2026-02-19 17:10:00,VLan20,Finance,Mobile,HTTP,470,4.74,14,NO,KUMASI
3420,3421,2026-03-24 04:47:00,VLan30,IT,Server,SSH,975,4.96,11,YES,Tamale
3421,3422,2026-01-28 15:10:00,VLan30,IT,Server,HTTP,863,0.77,13,NO,Tamale
3422,3423,2026-03-10 03:03:00,VLan30,IT,Mobile,SSH,1156,0.8,4,YES,ACCRA
3423,3424,2026-04-03 00:28:00,VLan40,Sales,Mobile,HTTP,287,3.43,13,NO,ACCRA
3424,3425,2026-03-16 04:18:00,VLan20,Finance,Router,SMTP,468,0.78,7,NO,Tamale
3425,3426,2026-04-09 10:06:00,VLan40,Sales,Desktop,FTP,548,1.07,1,NO,TAKORADI
3426,3427,2026-04-03 11:36:00,VLan30,IT,Server,DNS,1139,3.65,12,NO,TEMA
3427,3428,2026-01-18 20:37:00,VLan10,HR,Desktop,SMTP,112,1.83,5,NO,Tamale
3428,3429,2026-01-16 12:51:00,VLan30,IT,Router,SMTP,901,1.25,11,NO,TEMA
3429,3430,2026-03-09 11:32:00,VLan10,HR,Desktop,DNS,640,1.87,10,NO,KUMASI
3430,3431,2026-03-17 11:39:00,VLan40,Sales,Mobile,HTTPS,649,3.49,4,NO,TEMA
3431,3432,2026-04-25 15:46:00,VLan30,IT,Server,HTTPS,1038,2.84,14,NO,KUMASI
3432,3433,2026-02-14 19:02:00,VLan30,IT,Router,SMTP,959,2.21,10,NO,KUMASI
3433,3434,2026-04-21 02:27:00,VLan40,Sales,Laptop,DNS,238,2.05,12,NO,TEMA
3434,3435,2026-03-24 15:32:00,VLan30,IT,Mobile,DNS,1030,3.02,4,NO,TAKORADI
3435,3436,2026-01-04 22:46:00,VLan20,Finance,Router,HTTPS,436,2.49,9,NO,KUMASI
3436,3437,2026-02-24 14:16:00,VLan30,IT,Desktop,SSH,880,4.75,2,NO,TEMA
3437,3438,2026-04-12 15:51:00,VLan20,Finance,Laptop,SMTP,437,4.71,9,NO,KUMASI
3438,3439,2026-01-10 17:39:00,VLan10,HR,Router,FTP,390,0.13,13,NO,KUMASI
3439,3440,2026-03-12 21:13:00,VLan40,Sales,Desktop,SMTP,357,2.86,5,NO,TEMA
3440,3441,2026-02-05 14:57:00,VLan20,Finance,Laptop,FTP,498,1.42,0,NO,TAKORADI
3441,3442,2026-01-27 09:57:00,VLan30,IT,Desktop,DNS,875,1.98,10,NO,TEMA
3442,3443,2026-02-03 11:33:00,VLan30,IT,Desktop,HTTPS,951,3.39,10,NO,KUMASI
3443,3444,2026-04-11 16:35:00,VLan10,HR,Router,DNS,686,2.37,7,NO,Tamale
3444,3445,2026-02-04 06:44:00,VLan40,Sales,Laptop,SSH,172,0.19,8,NO,TEMA
3445,3446,2026-01-21 20:54:00,VLan40,Sales,Router,HTTPS,127,1.96,0,NO,TEMA
3446,3447,2026-04-10 20:00:00,VLan10,HR,Router,DNS,383,0.44,5,NO,Tamale
3447,3448,2026-01-12 02:49:00,VLan20,Finance,Laptop,HTTPS,137,4.19,3,NO,Tamale
3448,3449,2026-01-18 21:20:00,VLan40,Sales,Mobile,SMTP,451,0.72,3,NO,KUMASI
3449,3450,2026-04-11 09:02:00,VLan10,HR,Server,SSH,303,0.41,8,NO,TAKORADI
3450,3451,2026-02-17 21:25:00,VLan30,IT,Server,FTP,680,2.1,1,NO,Tamale
3451,3452,2026-02-01 01:18:00,VLan20,Finance,Server,FTP,420,3.15,10,NO,TAKORADI
3452,3453,2026-04-29 04:25:00,VLan30,IT,Mobile,HTTPS,1158,2.52,4,NO,KUMASI
3453,3454,2026-04-03 17:15:00,VLan10,HR,Server,HTTP,589,1.83,0,NO,TAKORADI
3454,3455,2026-02-09 09:59:00,VLan40,Sales,Laptop,SMTP,629,3.82,4,NO,KUMASI
3455,3456,2026-02-01 11:50:00,VLan10,HR,Laptop,SMTP,528,0.18,6,NO,Tamale
3456,3457,2026-03-28 08:34:00,VLan30,IT,Mobile,DNS,1085,1.92,0,NO,Tamale
3457,3458,2026-04-05 09:45:00,VLan30,IT,Mobile,HTTP,569,2.31,8,NO,TEMA
3458,3459,2026-04-27 22:41:00,VLan30,IT,Server,SSH,923,3.69,2,YES,TAKORADI
3459,3460,2026-04-12 00:38:00,VLan30,IT,Router,HTTP,842,3.93,4,NO,KUMASI
3460,3461,2026-03-29 19:09:00,VLan40,Sales,Router,FTP,464,2.91,13,NO,KUMASI
3461,3462,2026-01-07 12:55:00,VLan10,HR,Laptop,DNS,162,4.15,3,NO,ACCRA
3462,3463,2026-02-16 20:07:00,VLan40,Sales,Server,HTTP,306,4.95,14,NO,Tamale
3463,3464,2026-03-29 00:13:00,VLan30,IT,Router,FTP,834,0.2,5,NO,Tamale
3464,3465,2026-03-15 20:40:00,VLan30,IT,Desktop,FTP,1191,4.6,8,YES,TEMA
3465,3466,2026-01-11 00:05:00,VLan10,HR,Laptop,SSH,224,4.65,7,NO,KUMASI
3466,3467,2026-04-18 18:42:00,VLan20,Finance,Desktop,SSH,431,0.09,12,NO,ACCRA
3467,3468,2026-03-25 21:17:00,VLan30,IT,Mobile,SSH,641,4.62,7,NO,TEMA
3468,3469,2026-02-24 11:43:00,VLan20,Finance,Mobile,SMTP,612,4.39,11,NO,TEMA
3469,3470,2026-04-05 21:09:00,VLan40,Sales,Mobile,SSH,247,3.58,6,NO,TAKORADI
3470,3471,2026-04-27 10:57:00,VLan10,HR,Server,HTTPS,375,1.35,10,NO,TEMA
3471,3472,2026-04-15 17:40:00,VLan30,IT,Desktop,SSH,526,1.67,2,NO,ACCRA
3472,3473,2026-03-22 19:18:00,VLan10,HR,Desktop,FTP,467,0.03,1,NO,TEMA
3473,3474,2026-03-30 20:21:00,VLan40,Sales,Desktop,HTTPS,146,3.43,9,NO,TAKORADI
3474,3475,2026-02-21 09:27:00,VLan20,Finance,Mobile,FTP,501,0.21,5,NO,Tamale
3475,3476,2026-03-04 03:35:00,VLan30,IT,Server,SSH,868,1.53,15,NO,ACCRA
3476,3477,2026-02-20 12:13:00,VLan20,Finance,Server,HTTP,161,4.11,11,NO,TAKORADI
3477,3478,2026-02-12 03:58:00,VLan30,IT,Server,HTTP,802,0.96,4,NO,Tamale
3478,3479,2026-04-19 00:43:00,VLan20,Finance,Mobile,SSH,202,2.27,7,NO,ACCRA
3479,3480,2026-01-22 20:25:00,VLan40,Sales,Server,HTTPS,671,2.41,14,NO,KUMASI
3480,3481,2026-03-15 01:50:00,VLan20,Finance,Mobile,SMTP,549,1.38,13,NO,Tamale
3481,3482,2026-02-06 14:42:00,VLan40,Sales,Server,SSH,140,1.97,0,NO,KUMASI
3482,3483,2026-01-31 08:28:00,VLan30,IT,Server,SSH,817,0.48,2,NO,ACCRA
3483,3484,2026-04-01 19:15:00,VLan40,Sales,Laptop,DNS,281,2.85,1,NO,Tamale
3484,3485,2026-04-20 00:42:00,VLan40,Sales,Desktop,HTTP,134,1.47,3,NO,KUMASI
3485,3486,2026-02-23 09:55:00,VLan30,IT,Desktop,HTTPS,506,0.66,14,NO,Tamale
3486,3487,2026-01-29 02:31:00,VLan30,IT,Router,HTTPS,1045,3.38,0,NO,TAKORADI
3487,3488,2026-01-19 00:51:00,VLan10,HR,Server,HTTPS,622,1.79,6,NO,TAKORADI
3488,3489,2026-03-07 18:52:00,VLan20,Finance,Laptop,SSH,523,3.85,13,NO,ACCRA
3489,3490,2026-03-01 17:12:00,VLan30,IT,Router,HTTP,818,3.82,8,NO,ACCRA
3490,3491,2026-02-28 19:40:00,VLan20,Finance,Desktop,FTP,421,4.91,5,NO,ACCRA
3491,3492,2026-01-01 14:25:00,VLan40,Sales,Server,DNS,382,0.1,0,NO,Tamale
3492,3493,2026-01-29 05:42:00,VLan30,IT,Server,FTP,708,1.53,15,NO,Tamale
3493,3494,2026-03-19 03:54:00,VLan20,Finance,Laptop,HTTPS,590,2.57,14,NO,ACCRA
3494,3495,2026-04-10 03:18:00,VLan20,Finance,Server,SMTP,190,4.74,9,NO,TAKORADI
3495,3496,2026-01-07 08:00:00,VLan20,Finance,Server,DNS,226,1.26,2,NO,Tamale
3496,3497,2026-04-24 22:19:00,VLan20,Finance,Mobile,SMTP,385,3.45,2,NO,TAKORADI
3497,3498,2026-04-12 07:53:00,VLan40,Sales,Router,HTTP,495,0.2,6,NO,KUMASI
3498,3499,2026-03-30 18:42:00,VLan20,Finance,Server,SMTP,583,0.7,10,NO,ACCRA
3499,3500,2026-02-20 05:56:00,VLan20,Finance,Mobile,DNS,268,4.52,10,NO,TEMA
3500,3501,2026-03-21 02:44:00,VLan10,HR,Server,FTP,166,0.91,0,NO,KUMASI
3501,3502,2026-01-12 15:15:00,VLan20,Finance,Mobile,FTP,408,3.6,5,NO,Tamale
3502,3503,2026-03-31 01:00:00,VLan20,Finance,Mobile,SSH,520,4.4,12,NO,TAKORADI
3503,3504,2026-03-05 10:38:00,VLan20,Finance,Desktop,HTTPS,128,3.84,6,NO,TAKORADI
3504,3505,2026-02-20 09:23:00,VLan30,IT,Desktop,HTTPS,665,1.31,14,NO,TAKORADI
3505,3506,2026-01-03 20:15:00,VLan10,HR,Mobile,DNS,204,3.63,6,NO,TEMA
3506,3507,2026-01-11 01:18:00,VLan20,Finance,Router,HTTP,254,3.2,12,NO,TEMA
3507,3508,2026-04-27 15:48:00,VLan10,HR,Server,HTTPS,259,0.08,13,NO,TEMA
3508,3509,2026-04-25 17:02:00,VLan10,HR,Router,FTP,510,3.48,14,NO,ACCRA
3509,3510,2026-04-12 04:25:00,VLan30,IT,Desktop,SMTP,1020,3.72,8,NO,TAKORADI
3510,3511,2026-03-07 09:23:00,VLan30,IT,Router,HTTP,873,0.52,13,NO,TEMA
3511,3512,2026-01-31 22:36:00,VLan30,IT,Router,SMTP,1042,3.78,0,NO,TAKORADI
3512,3513,2026-01-06 08:11:00,VLan20,Finance,Laptop,SMTP,140,0.77,1,NO,Tamale
3513,3514,2026-04-03 12:47:00,VLan10,HR,Desktop,DNS,572,0.79,11,NO,KUMASI
3514,3515,2026-01-02 13:06:00,VLan20,Finance,Router,HTTP,546,0.3,8,NO,TEMA
3515,3516,2026-03-05 05:15:00,VLan40,Sales,Server,HTTP,689,3.15,8,NO,Tamale
3516,3517,2026-03-21 05:16:00,VLan10,HR,Mobile,HTTPS,655,0.85,7,NO,Tamale
3517,3518,2026-03-12 03:48:00,VLan20,Finance,Laptop,HTTPS,310,1.57,8,NO,TAKORADI
3518,3519,2026-01-30 02:38:00,VLan40,Sales,Server,HTTP,411,2.71,1,NO,TEMA
3519,3520,2026-01-03 17:26:00,VLan30,IT,Server,DNS,501,4.4,6,NO,ACCRA
3520,3521,2026-04-02 23:07:00,VLan20,Finance,Desktop,DNS,607,4.08,14,NO,TEMA
3521,3522,2026-03-20 16:38:00,VLan20,Finance,Mobile,FTP,577,0.12,1,NO,Tamale
3522,3523,2026-01-14 13:36:00,VLan10,HR,Router,DNS,519,1.53,3,NO,TAKORADI
3523,3524,2026-01-13 21:18:00,VLan40,Sales,Desktop,FTP,359,2.74,10,NO,TEMA
3524,3525,2026-02-18 22:40:00,VLan20,Finance,Laptop,HTTP,352,0.78,10,NO,Tamale
3525,3526,2026-01-02 21:06:00,VLan40,Sales,Desktop,SSH,437,4.52,12,NO,Tamale
3526,3527,2026-01-26 17:42:00,VLan30,IT,Laptop,FTP,1182,3.2,12,YES,TEMA
3527,3528,2026-02-23 21:52:00,VLan20,Finance,Mobile,SMTP,402,0.17,11,NO,TEMA
3528,3529,2026-01-10 10:28:00,VLan40,Sales,Desktop,SSH,380,4.2,5,NO,KUMASI
3529,3530,2026-04-23 13:09:00,VLan40,Sales,Desktop,HTTPS,197,3.03,4,NO,ACCRA
3530,3531,2026-04-15 18:58:00,VLan20,Finance,Desktop,FTP,167,1.25,14,NO,KUMASI
3531,3532,2026-01-09 16:50:00,VLan30,IT,Router,SSH,1045,0.96,10,YES,KUMASI
3532,3533,2026-03-08 05:11:00,VLan30,IT,Desktop,SSH,1090,0.34,6,YES,TEMA
3533,3534,2026-01-02 01:13:00,VLan40,Sales,Laptop,DNS,313,3.0,13,NO,Tamale
3534,3535,2026-03-08 09:29:00,VLan10,HR,Mobile,SSH,461,1.41,12,NO,TEMA
3535,3536,2026-04-19 22:57:00,VLan10,HR,Desktop,HTTP,600,0.92,11,NO,KUMASI
3536,3537,2026-01-12 14:53:00,VLan10,HR,Laptop,DNS,156,2.47,13,NO,KUMASI
3537,3538,2026-04-27 15:38:00,VLan30,IT,Server,HTTPS,926,2.61,5,NO,TEMA
3538,3539,2026-02-14 01:40:00,VLan30,IT,Server,SSH,1055,0.46,3,YES,ACCRA
3539,3540,2026-01-26 09:46:00,VLan20,Finance,Desktop,SSH,250,1.88,7,NO,Tamale
3540,3541,2026-04-12 08:43:00,VLan30,IT,Desktop,HTTP,576,0.65,4,NO,TAKORADI
3541,3542,2026-04-20 02:23:00,VLan10,HR,Mobile,HTTP,423,3.95,11,NO,TEMA
3542,3543,2026-02-21 05:49:00,VLan40,Sales,Router,HTTPS,243,0.76,2,NO,TEMA
3543,3544,2026-04-26 02:52:00,VLan30,IT,Server,SSH,963,1.45,1,YES,TEMA
3544,3545,2026-02-18 04:18:00,VLan30,IT,Mobile,SMTP,1101,1.58,12,NO,ACCRA
3545,3546,2026-02-04 05:19:00,VLan20,Finance,Router,DNS,332,4.4,1,NO,TAKORADI
3546,3547,2026-01-28 10:36:00,VLan40,Sales,Desktop,DNS,448,0.63,14,NO,Tamale
3547,3548,2026-03-18 02:51:00,VLan10,HR,Mobile,SMTP,179,3.72,2,NO,KUMASI
3548,3549,2026-02-07 01:44:00,VLan40,Sales,Server,HTTP,555,4.5,9,NO,KUMASI
3549,3550,2026-03-24 16:18:00,VLan10,HR,Server,FTP,125,2.45,6,NO,TAKORADI
3550,3551,2026-01-05 23:32:00,VLan20,Finance,Mobile,FTP,515,3.2,7,NO,KUMASI
3551,3552,2026-04-07 17:13:00,VLan20,Finance,Router,SMTP,651,2.16,9,NO,TEMA
3552,3553,2026-04-19 19:35:00,VLan20,Finance,Server,SMTP,325,4.78,14,NO,Tamale
3553,3554,2026-03-07 17:09:00,VLan10,HR,Router,SSH,610,4.01,8,NO,Tamale
3554,3555,2026-03-22 14:30:00,VLan20,Finance,Laptop,DNS,114,2.03,5,NO,ACCRA
3555,3556,2026-03-08 11:38:00,VLan10,HR,Router,SSH,629,2.01,3,NO,TAKORADI
3556,3557,2026-04-19 20:30:00,VLan20,Finance,Desktop,SMTP,204,3.41,5,NO,KUMASI
3557,3558,2026-04-26 08:14:00,VLan20,Finance,Mobile,DNS,286,0.9,6,NO,KUMASI
3558,3559,2026-04-26 00:03:00,VLan30,IT,Router,HTTPS,1071,0.38,13,NO,Tamale
3559,3560,2026-01-09 08:59:00,VLan30,IT,Mobile,HTTP,1154,2.29,9,NO,KUMASI
3560,3561,2026-02-05 00:39:00,VLan20,Finance,Server,SMTP,555,3.1,1,NO,ACCRA
3561,3562,2026-02-28 23:24:00,VLan40,Sales,Server,SSH,318,3.06,0,NO,KUMASI
3562,3563,2026-04-23 12:39:00,VLan40,Sales,Desktop,HTTP,497,0.83,0,NO,KUMASI
3563,3564,2026-03-20 18:03:00,VLan40,Sales,Router,HTTP,490,4.32,15,NO,TAKORADI
3564,3565,2026-02-26 04:06:00,VLan20,Finance,Desktop,HTTP,654,0.29,1,NO,Tamale
3565,3566,2026-01-08 10:57:00,VLan30,IT,Router,FTP,518,3.49,10,NO,ACCRA
3566,3567,2026-04-15 20:03:00,VLan40,Sales,Server,HTTPS,124,0.98,15,NO,TEMA
3567,3568,2026-04-05 01:03:00,VLan30,IT,Server,HTTPS,876,3.63,14,NO,TAKORADI
3568,3569,2026-04-20 13:53:00,VLan20,Finance,Router,FTP,631,3.33,6,NO,TAKORADI
3569,3570,2026-01-09 12:16:00,VLan20,Finance,Mobile,SSH,120,3.35,12,NO,TAKORADI
3570,3571,2026-01-20 13:05:00,VLan10,HR,Laptop,SMTP,336,1.4,4,NO,KUMASI
3571,3572,2026-04-02 06:16:00,VLan30,IT,Laptop,FTP,667,2.52,11,NO,Tamale
3572,3573,2026-01-27 16:14:00,VLan40,Sales,Desktop,SSH,600,2.5,9,NO,TAKORADI
3573,3574,2026-02-19 20:47:00,VLan20,Finance,Server,SMTP,357,3.63,2,NO,TAKORADI
3574,3575,2026-01-11 11:58:00,VLan40,Sales,Server,SSH,517,4.67,7,NO,Tamale
3575,3576,2026-01-22 15:36:00,VLan30,IT,Desktop,HTTP,638,0.94,15,NO,ACCRA
3576,3577,2026-02-19 19:16:00,VLan40,Sales,Laptop,FTP,251,4.99,2,NO,Tamale
3577,3578,2026-03-24 08:19:00,VLan10,HR,Desktop,HTTP,177,3.51,1,NO,TAKORADI
3578,3579,2026-01-22 06:30:00,VLan20,Finance,Mobile,HTTPS,599,4.31,10,NO,Tamale
3579,3580,2026-03-09 19:26:00,VLan20,Finance,Laptop,SMTP,419,0.11,7,NO,KUMASI
3580,3581,2026-03-23 22:49:00,VLan10,HR,Server,SSH,360,3.9,0,NO,TEMA
3581,3582,2026-04-22 13:52:00,VLan20,Finance,Laptop,SMTP,103,2.3,9,NO,Tamale
3582,3583,2026-03-08 07:03:00,VLan40,Sales,Router,SSH,401,0.83,0,NO,TEMA
3583,3584,2026-02-17 05:36:00,VLan20,Finance,Desktop,HTTP,569,3.0,0,NO,ACCRA
3584,3585,2026-03-11 21:09:00,VLan30,IT,Mobile,DNS,770,2.31,6,NO,TEMA
3585,3586,2026-03-09 13:35:00,VLan20,Finance,Mobile,SSH,155,1.74,7,NO,TEMA
3586,3587,2026-01-31 03:20:00,VLan20,Finance,Router,FTP,199,0.05,10,NO,ACCRA
3587,3588,2026-02-24 03:09:00,VLan40,Sales,Router,HTTP,433,3.54,13,NO,KUMASI
3588,3589,2026-04-11 07:58:00,VLan10,HR,Server,HTTPS,516,1.35,2,NO,KUMASI
3589,3590,2026-03-31 15:40:00,VLan30,IT,Router,DNS,741,3.29,5,NO,Tamale
3590,3591,2026-03-19 17:56:00,VLan40,Sales,Desktop,DNS,667,4.55,2,NO,TAKORADI
3591,3592,2026-02-15 02:00:00,VLan40,Sales,Laptop,FTP,325,2.78,14,NO,Tamale
3592,3593,2026-02-07 09:12:00,VLan20,Finance,Laptop,HTTP,445,3.36,15,NO,TAKORADI
3593,3594,2026-04-15 07:12:00,VLan40,Sales,Desktop,SSH,332,3.51,14,NO,ACCRA
3594,3595,2026-03-15 23:51:00,VLan40,Sales,Laptop,SMTP,516,3.89,8,NO,TAKORADI
3595,3596,2026-04-29 10:49:00,VLan10,HR,Router,SSH,245,0.94,12,NO,TAKORADI
3596,3597,2026-01-03 08:52:00,VLan20,Finance,Laptop,SSH,659,3.88,2,NO,KUMASI
3597,3598,2026-02-28 09:52:00,VLan20,Finance,Server,SMTP,273,3.37,8,NO,TAKORADI
3598,3599,2026-03-05 02:50:00,VLan40,Sales,Desktop,DNS,328,4.3,0,NO,TAKORADI
3599,3600,2026-01-26 05:43:00,VLan40,Sales,Laptop,DNS,413,3.79,2,NO,Tamale
3600,3601,2026-03-20 09:47:00,VLan30,IT,Server,HTTP,515,2.89,1,NO,TEMA
3601,3602,2026-01-22 07:23:00,VLan20,Finance,Server,DNS,170,3.66,14,NO,ACCRA
3602,3603,2026-02-03 13:03:00,VLan30,IT,Mobile,DNS,1132,0.34,8,NO,KUMASI
3603,3604,2026-03-22 05:52:00,VLan20,Finance,Router,FTP,487,3.86,2,NO,ACCRA
3604,3605,2026-01-11 09:12:00,VLan10,HR,Desktop,HTTP,500,4.41,13,NO,TAKORADI
3605,3606,2026-04-07 02:38:00,VLan30,IT,Laptop,HTTP,787,1.8,14,NO,ACCRA
3606,3607,2026-01-14 16:21:00,VLan10,HR,Laptop,HTTPS,177,4.98,5,NO,Tamale
3607,3608,2026-02-22 22:02:00,VLan30,IT,Router,SSH,574,1.01,10,NO,Tamale
3608,3609,2026-01-12 01:30:00,VLan40,Sales,Mobile,DNS,280,0.24,14,NO,TAKORADI
3609,3610,2026-04-18 05:16:00,VLan10,HR,Router,HTTP,319,4.75,1,NO,Tamale
3610,3611,2026-04-08 22:15:00,VLan30,IT,Server,HTTPS,731,2.02,8,NO,Tamale
3611,3612,2026-04-16 11:41:00,VLan40,Sales,Router,SSH,246,3.55,4,NO,ACCRA
3612,3613,2026-04-28 05:03:00,VLan30,IT,Router,SMTP,992,4.85,15,NO,KUMASI
3613,3614,2026-02-11 22:39:00,VLan10,HR,Server,HTTPS,354,3.03,15,NO,TAKORADI
3614,3615,2026-04-18 22:25:00,VLan20,Finance,Router,DNS,413,2.34,14,NO,TAKORADI
3615,3616,2026-04-02 04:59:00,VLan30,IT,Desktop,SMTP,733,2.52,4,NO,ACCRA
3616,3617,2026-01-16 09:14:00,VLan20,Finance,Desktop,SSH,698,3.34,6,NO,KUMASI
3617,3618,2026-04-04 02:58:00,VLan40,Sales,Desktop,HTTPS,328,1.98,7,NO,Tamale
3618,3619,2026-02-17 11:00:00,VLan10,HR,Server,DNS,202,0.29,2,NO,ACCRA
3619,3620,2026-03-05 16:03:00,VLan30,IT,Router,FTP,735,2.4,5,NO,Tamale
3620,3621,2026-03-07 06:38:00,VLan10,HR,Laptop,HTTP,409,0.75,2,NO,ACCRA
3621,3622,2026-01-02 18:53:00,VLan40,Sales,Server,SMTP,576,0.4,8,NO,KUMASI
3622,3623,2026-02-19 15:36:00,VLan10,HR,Desktop,DNS,359,0.04,9,NO,TAKORADI
3623,3624,2026-01-29 01:26:00,VLan20,Finance,Server,SSH,593,0.85,11,NO,ACCRA
3624,3625,2026-04-19 09:51:00,VLan40,Sales,Desktop,DNS,226,0.63,6,NO,KUMASI
3625,3626,2026-03-08 00:07:00,VLan40,Sales,Server,SMTP,313,0.26,8,NO,ACCRA
3626,3627,2026-03-09 23:37:00,VLan40,Sales,Server,DNS,243,4.57,15,NO,KUMASI
3627,3628,2026-01-03 17:38:00,VLan40,Sales,Router,HTTP,122,3.03,15,NO,Tamale
3628,3629,2026-01-27 17:37:00,VLan10,HR,Server,HTTP,641,0.28,7,NO,Tamale
3629,3630,2026-03-19 22:21:00,VLan30,IT,Router,SMTP,579,1.58,9,NO,ACCRA
3630,3631,2026-04-17 20:59:00,VLan30,IT,Server,FTP,1017,4.53,8,YES,Tamale
3631,3632,2026-04-19 06:18:00,VLan40,Sales,Server,FTP,195,4.75,5,NO,ACCRA
3632,3633,2026-01-08 04:19:00,VLan10,HR,Mobile,FTP,302,0.82,4,NO,KUMASI
3633,3634,2026-01-10 23:18:00,VLan30,IT,Laptop,HTTPS,682,3.54,6,NO,Tamale
3634,3635,2026-01-30 14:19:00,VLan20,Finance,Laptop,DNS,356,4.72,11,NO,TAKORADI
3635,3636,2026-02-21 08:33:00,VLan10,HR,Mobile,FTP,499,3.16,12,NO,KUMASI
3636,3637,2026-03-26 08:31:00,VLan10,HR,Desktop,SMTP,489,4.98,8,NO,TEMA
3637,3638,2026-02-04 00:17:00,VLan40,Sales,Router,DNS,228,2.84,9,NO,Tamale
3638,3639,2026-04-21 14:34:00,VLan10,HR,Desktop,HTTPS,593,3.3,11,NO,ACCRA
3639,3640,2026-01-20 23:22:00,VLan20,Finance,Desktop,HTTPS,303,1.35,5,NO,KUMASI
3640,3641,2026-03-24 10:45:00,VLan10,HR,Router,SSH,252,2.42,10,NO,KUMASI
3641,3642,2026-01-03 06:54:00,VLan30,IT,Mobile,HTTP,710,1.7,8,NO,Tamale
3642,3643,2026-01-10 15:14:00,VLan20,Finance,Server,DNS,623,2.73,3,NO,Tamale
3643,3644,2026-01-28 14:47:00,VLan10,HR,Desktop,FTP,583,3.35,0,NO,KUMASI
3644,3645,2026-03-22 15:26:00,VLan40,Sales,Desktop,HTTP,548,2.64,11,NO,TAKORADI
3645,3646,2026-04-09 07:37:00,VLan20,Finance,Desktop,FTP,400,1.77,5,NO,TAKORADI
3646,3647,2026-02-09 02:24:00,VLan40,Sales,Mobile,FTP,102,2.18,12,NO,Tamale
3647,3648,2026-02-23 13:12:00,VLan40,Sales,Server,SMTP,375,1.12,15,NO,Tamale
3648,3649,2026-04-05 02:57:00,VLan40,Sales,Desktop,HTTP,419,0.49,5,NO,Tamale
3649,3650,2026-02-19 10:55:00,VLan20,Finance,Desktop,HTTPS,277,4.82,3,NO,Tamale
3650,3651,2026-01-07 18:50:00,VLan10,HR,Server,SMTP,432,4.55,14,NO,Tamale
3651,3652,2026-03-28 17:01:00,VLan10,HR,Router,HTTP,243,2.82,3,NO,ACCRA
3652,3653,2026-01-07 17:59:00,VLan20,Finance,Laptop,FTP,476,1.62,1,NO,Tamale
3653,3654,2026-03-01 11:01:00,VLan40,Sales,Server,SMTP,664,2.3,4,NO,ACCRA
3654,3655,2026-01-08 13:16:00,VLan30,IT,Server,HTTPS,773,0.51,11,NO,KUMASI
3655,3656,2026-03-06 08:24:00,VLan40,Sales,Mobile,SSH,640,2.02,11,NO,Tamale
3656,3657,2026-04-17 18:06:00,VLan10,HR,Desktop,DNS,540,4.72,4,NO,TAKORADI
3657,3658,2026-03-24 20:24:00,VLan20,Finance,Desktop,FTP,655,1.04,11,NO,Tamale
3658,3659,2026-02-12 15:04:00,VLan20,Finance,Server,SSH,584,1.14,3,NO,TEMA
3659,3660,2026-01-31 03:23:00,VLan20,Finance,Mobile,SSH,317,4.47,6,NO,ACCRA
3660,3661,2026-02-15 11:45:00,VLan10,HR,Laptop,SSH,121,4.64,6,NO,TEMA
3661,3662,2026-02-09 11:14:00,VLan30,IT,Mobile,SMTP,815,3.94,11,NO,TEMA
3662,3663,2026-01-07 21:50:00,VLan30,IT,Desktop,DNS,750,0.81,8,NO,TEMA
3663,3664,2026-02-01 00:42:00,VLan30,IT,Laptop,FTP,671,0.43,8,NO,TEMA
3664,3665,2026-02-19 13:45:00,VLan40,Sales,Laptop,HTTPS,507,1.78,13,NO,ACCRA
3665,3666,2026-01-13 18:41:00,VLan10,HR,Desktop,SMTP,410,0.21,6,NO,ACCRA
3666,3667,2026-04-29 17:34:00,VLan20,Finance,Server,HTTPS,139,0.81,1,NO,KUMASI
3667,3668,2026-02-16 06:16:00,VLan20,Finance,Router,FTP,152,4.16,10,NO,TEMA
3668,3669,2026-02-18 03:54:00,VLan20,Finance,Router,HTTPS,589,1.32,1,NO,KUMASI
3669,3670,2026-01-22 15:57:00,VLan30,IT,Mobile,FTP,535,2.47,6,NO,TEMA
3670,3671,2026-04-04 07:48:00,VLan40,Sales,Laptop,HTTP,387,1.68,10,NO,KUMASI
3671,3672,2026-01-24 23:24:00,VLan40,Sales,Server,SSH,411,2.73,15,NO,TEMA
3672,3673,2026-01-31 13:37:00,VLan40,Sales,Mobile,HTTPS,512,2.8,6,NO,KUMASI
3673,3674,2026-01-21 13:25:00,VLan20,Finance,Server,HTTPS,687,4.27,0,NO,TEMA
3674,3675,2026-04-10 22:36:00,VLan40,Sales,Laptop,SMTP,507,4.99,5,NO,ACCRA
3675,3676,2026-03-10 03:28:00,VLan10,HR,Router,HTTPS,398,2.7,1,NO,ACCRA
3676,3677,2026-03-04 07:22:00,VLan10,HR,Router,HTTP,224,2.36,9,NO,Tamale
3677,3678,2026-01-13 02:47:00,VLan20,Finance,Desktop,HTTP,530,0.13,2,NO,Tamale
3678,3679,2026-01-11 01:17:00,VLan40,Sales,Laptop,FTP,221,4.83,13,NO,Tamale
3679,3680,2026-01-14 07:23:00,VLan30,IT,Desktop,SSH,1187,4.3,15,YES,ACCRA
3680,3681,2026-01-08 23:02:00,VLan30,IT,Desktop,SSH,949,2.82,9,YES,ACCRA
3681,3682,2026-02-04 20:03:00,VLan10,HR,Mobile,HTTPS,341,2.11,9,NO,KUMASI
3682,3683,2026-02-14 01:43:00,VLan30,IT,Laptop,FTP,941,2.23,0,YES,ACCRA
3683,3684,2026-03-03 18:28:00,VLan30,IT,Server,FTP,684,1.51,4,NO,ACCRA
3684,3685,2026-01-30 17:50:00,VLan10,HR,Router,HTTP,282,3.89,1,NO,TAKORADI
3685,3686,2026-01-20 18:52:00,VLan40,Sales,Laptop,DNS,590,2.79,12,NO,TEMA
3686,3687,2026-03-09 17:56:00,VLan10,HR,Mobile,FTP,283,1.79,0,NO,ACCRA
3687,3688,2026-04-13 15:12:00,VLan10,HR,Server,DNS,426,2.68,10,NO,TAKORADI
3688,3689,2026-03-31 18:39:00,VLan10,HR,Laptop,SMTP,663,1.86,1,NO,TEMA
3689,3690,2026-02-27 03:12:00,VLan40,Sales,Desktop,SSH,506,0.26,0,NO,ACCRA
3690,3691,2026-04-14 21:12:00,VLan30,IT,Mobile,SSH,649,1.93,12,NO,ACCRA
3691,3692,2026-03-04 02:28:00,VLan20,Finance,Server,SMTP,388,4.07,1,NO,KUMASI
3692,3693,2026-03-29 21:30:00,VLan20,Finance,Laptop,FTP,292,3.13,0,NO,ACCRA
3693,3694,2026-03-08 09:30:00,VLan40,Sales,Laptop,FTP,617,2.85,14,NO,Tamale
3694,3695,2026-01-04 10:09:00,VLan30,IT,Mobile,FTP,583,0.32,11,NO,Tamale
3695,3696,2026-01-05 05:28:00,VLan20,Finance,Server,SSH,361,1.85,12,NO,ACCRA
3696,3697,2026-03-18 03:23:00,VLan40,Sales,Desktop,HTTP,198,3.04,10,NO,Tamale
3697,3698,2026-03-16 17:02:00,VLan20,Finance,Mobile,HTTPS,603,4.75,9,NO,Tamale
3698,3699,2026-02-21 16:12:00,VLan30,IT,Mobile,FTP,627,3.66,6,NO,TAKORADI
3699,3700,2026-03-30 03:03:00,VLan30,IT,Desktop,DNS,1065,0.36,10,NO,Tamale
3700,3701,2026-02-23 00:00:00,VLan40,Sales,Laptop,SMTP,227,2.44,7,NO,Tamale
3701,3702,2026-04-16 00:11:00,VLan10,HR,Desktop,HTTP,108,4.96,11,NO,ACCRA
3702,3703,2026-04-14 22:48:00,VLan40,Sales,Router,FTP,686,1.28,1,NO,TEMA
3703,3704,2026-03-23 09:07:00,VLan30,IT,Server,HTTP,814,1.94,14,NO,ACCRA
3704,3705,2026-03-10 01:47:00,VLan30,IT,Mobile,SSH,953,1.63,11,YES,TAKORADI
3705,3706,2026-04-25 01:01:00,VLan30,IT,Server,SSH,667,4.19,2,NO,KUMASI
3706,3707,2026-01-03 03:03:00,VLan40,Sales,Mobile,HTTP,513,5.0,3,NO,KUMASI
3707,3708,2026-04-06 22:10:00,VLan20,Finance,Laptop,SSH,475,1.08,7,NO,Tamale
3708,3709,2026-01-14 20:57:00,VLan40,Sales,Laptop,HTTP,439,4.91,2,NO,TEMA
3709,3710,2026-04-24 00:50:00,VLan20,Finance,Desktop,HTTP,463,4.38,3,NO,KUMASI
3710,3711,2026-02-02 06:47:00,VLan40,Sales,Desktop,SSH,382,2.77,8,NO,KUMASI
3711,3712,2026-04-01 07:41:00,VLan10,HR,Mobile,HTTPS,618,1.34,9,NO,ACCRA
3712,3713,2026-01-20 00:02:00,VLan40,Sales,Desktop,DNS,673,3.13,3,NO,ACCRA
3713,3714,2026-02-23 18:15:00,VLan20,Finance,Laptop,SMTP,183,3.73,7,NO,TAKORADI
3714,3715,2026-01-28 05:44:00,VLan10,HR,Laptop,HTTP,215,1.23,13,NO,KUMASI
3715,3716,2026-04-10 07:44:00,VLan20,Finance,Laptop,SSH,589,0.25,15,NO,TAKORADI
3716,3717,2026-02-06 15:32:00,VLan40,Sales,Router,HTTPS,586,1.66,3,NO,KUMASI
3717,3718,2026-02-02 22:44:00,VLan30,IT,Mobile,SMTP,1057,4.58,0,NO,KUMASI
3718,3719,2026-03-15 20:22:00,VLan40,Sales,Mobile,HTTP,453,2.96,1,NO,Tamale
3719,3720,2026-03-19 22:22:00,VLan30,IT,Desktop,DNS,1178,0.36,3,NO,Tamale
3720,3721,2026-02-14 02:33:00,VLan20,Finance,Desktop,SSH,605,0.81,3,NO,TEMA
3721,3722,2026-01-06 12:32:00,VLan40,Sales,Desktop,DNS,518,3.28,14,NO,Tamale
3722,3723,2026-02-10 23:33:00,VLan20,Finance,Desktop,SMTP,116,1.63,4,NO,ACCRA
3723,3724,2026-01-22 16:41:00,VLan10,HR,Desktop,SMTP,277,0.41,8,NO,TAKORADI
3724,3725,2026-04-26 18:29:00,VLan40,Sales,Server,SSH,586,1.08,1,NO,TEMA
3725,3726,2026-01-05 03:31:00,VLan40,Sales,Server,DNS,165,3.67,3,NO,KUMASI
3726,3727,2026-04-25 02:19:00,VLan30,IT,Laptop,HTTPS,627,2.08,7,NO,KUMASI
3727,3728,2026-02-21 20:05:00,VLan20,Finance,Server,SMTP,118,3.97,4,NO,TAKORADI
3728,3729,2026-01-15 17:13:00,VLan30,IT,Laptop,HTTP,1150,3.61,11,NO,ACCRA
3729,3730,2026-02-03 07:46:00,VLan40,Sales,Desktop,SSH,166,4.03,8,NO,TEMA
3730,3731,2026-03-20 13:27:00,VLan10,HR,Server,FTP,326,4.8,8,NO,KUMASI
3731,3732,2026-02-07 20:27:00,VLan20,Finance,Server,SMTP,473,4.37,8,NO,KUMASI
3732,3733,2026-01-12 09:28:00,VLan30,IT,Mobile,DNS,711,3.14,8,NO,ACCRA
3733,3734,2026-01-12 11:10:00,VLan10,HR,Laptop,HTTPS,265,0.22,13,NO,Tamale
3734,3735,2026-01-18 19:22:00,VLan10,HR,Mobile,FTP,697,2.34,0,NO,ACCRA
3735,3736,2026-01-11 14:20:00,VLan40,Sales,Laptop,SMTP,276,1.27,6,NO,KUMASI
3736,3737,2026-02-03 18:13:00,VLan30,IT,Desktop,DNS,906,4.39,7,NO,TEMA
3737,3738,2026-03-23 22:05:00,VLan20,Finance,Desktop,SMTP,298,1.78,8,NO,KUMASI
3738,3739,2026-04-03 19:57:00,VLan30,IT,Router,SSH,1094,2.26,6,YES,TEMA
3739,3740,2026-03-16 18:02:00,VLan40,Sales,Server,HTTP,584,0.89,11,NO,TAKORADI
3740,3741,2026-03-22 22:09:00,VLan20,Finance,Desktop,FTP,663,1.97,12,NO,KUMASI
3741,3742,2026-04-13 20:11:00,VLan10,HR,Router,HTTP,198,3.78,3,NO,ACCRA
3742,3743,2026-04-23 18:42:00,VLan30,IT,Router,HTTP,953,1.26,1,NO,Tamale
3743,3744,2026-03-12 06:31:00,VLan30,IT,Mobile,FTP,550,1.63,5,NO,KUMASI
3744,3745,2026-02-04 06:10:00,VLan30,IT,Server,FTP,834,0.23,8,NO,TAKORADI
3745,3746,2026-03-30 20:19:00,VLan10,HR,Router,HTTPS,594,4.14,8,NO,KUMASI
3746,3747,2026-04-27 10:26:00,VLan40,Sales,Router,FTP,168,2.59,0,NO,ACCRA
3747,3748,2026-03-29 02:20:00,VLan30,IT,Desktop,FTP,532,4.79,13,NO,TAKORADI
3748,3749,2026-02-19 03:33:00,VLan10,HR,Server,FTP,157,2.39,2,NO,TAKORADI
3749,3750,2026-03-27 17:13:00,VLan40,Sales,Router,HTTP,453,3.2,11,NO,Tamale
3750,3751,2026-01-24 22:05:00,VLan20,Finance,Desktop,SMTP,324,2.79,15,NO,Tamale
3751,3752,2026-03-29 20:42:00,VLan20,Finance,Server,SMTP,114,4.88,9,NO,Tamale
3752,3753,2026-04-03 10:22:00,VLan40,Sales,Desktop,SMTP,166,0.7,9,NO,Tamale
3753,3754,2026-01-30 06:59:00,VLan20,Finance,Server,FTP,602,2.95,12,NO,TEMA
3754,3755,2026-04-04 09:01:00,VLan10,HR,Router,SMTP,251,0.77,9,NO,TEMA
3755,3756,2026-03-15 08:34:00,VLan20,Finance,Server,SSH,686,3.73,8,NO,KUMASI
3756,3757,2026-02-20 10:54:00,VLan30,IT,Server,HTTP,792,1.38,12,NO,TAKORADI
3757,3758,2026-02-24 17:09:00,VLan40,Sales,Desktop,HTTP,262,2.56,14,NO,TAKORADI
3758,3759,2026-03-09 20:42:00,VLan10,HR,Laptop,FTP,397,0.18,12,NO,KUMASI
3759,3760,2026-02-26 09:03:00,VLan40,Sales,Laptop,HTTP,626,3.91,9,NO,ACCRA
3760,3761,2026-02-16 04:14:00,VLan30,IT,Mobile,SSH,610,2.35,5,NO,TAKORADI
3761,3762,2026-04-30 16:41:00,VLan20,Finance,Laptop,DNS,383,4.68,6,NO,ACCRA
3762,3763,2026-01-09 17:55:00,VLan30,IT,Laptop,SMTP,1038,3.2,1,NO,Tamale
3763,3764,2026-01-14 10:18:00,VLan10,HR,Server,FTP,199,4.15,12,NO,ACCRA
3764,3765,2026-02-10 16:52:00,VLan10,HR,Router,HTTP,175,3.83,13,NO,KUMASI
3765,3766,2026-01-10 23:43:00,VLan40,Sales,Router,SSH,561,1.65,4,NO,TEMA
3766,3767,2026-04-07 00:26:00,VLan20,Finance,Laptop,HTTPS,518,4.99,6,NO,Tamale
3767,3768,2026-02-03 10:21:00,VLan30,IT,Desktop,SMTP,542,4.61,5,NO,ACCRA
3768,3769,2026-02-17 14:19:00,VLan40,Sales,Desktop,SSH,484,2.41,6,NO,ACCRA
3769,3770,2026-02-01 14:20:00,VLan20,Finance,Desktop,FTP,178,3.46,3,NO,ACCRA
3770,3771,2026-03-25 11:41:00,VLan20,Finance,Laptop,HTTPS,481,3.42,10,NO,ACCRA
3771,3772,2026-04-07 17:38:00,VLan30,IT,Server,HTTP,842,4.76,15,NO,KUMASI
3772,3773,2026-03-30 13:00:00,VLan30,IT,Server,SMTP,762,1.68,10,NO,Tamale
3773,3774,2026-04-29 20:28:00,VLan30,IT,Server,SSH,1193,2.33,14,YES,KUMASI
3774,3775,2026-04-26 11:53:00,VLan40,Sales,Server,HTTP,404,2.26,10,NO,KUMASI
3775,3776,2026-01-21 09:49:00,VLan40,Sales,Mobile,HTTPS,568,2.35,7,NO,TAKORADI
3776,3777,2026-01-05 15:02:00,VLan30,IT,Mobile,FTP,1097,0.0,8,YES,TEMA
3777,3778,2026-02-01 07:12:00,VLan40,Sales,Mobile,SMTP,696,2.77,5,NO,TEMA
3778,3779,2026-02-14 03:18:00,VLan10,HR,Router,SSH,122,2.09,0,NO,TEMA
3779,3780,2026-02-05 20:03:00,VLan10,HR,Laptop,HTTPS,158,4.62,11,NO,TEMA
3780,3781,2026-01-14 01:15:00,VLan30,IT,Laptop,HTTPS,648,1.55,13,NO,TEMA
3781,3782,2026-04-04 18:06:00,VLan20,Finance,Mobile,DNS,136,2.76,12,NO,ACCRA
3782,3783,2026-04-09 18:53:00,VLan30,IT,Desktop,SMTP,1144,3.61,8,NO,TEMA
3783,3784,2026-02-24 18:36:00,VLan30,IT,Router,SMTP,1098,2.64,4,NO,KUMASI
3784,3785,2026-01-30 03:14:00,VLan40,Sales,Laptop,HTTP,445,1.76,4,NO,Tamale
3785,3786,2026-01-31 03:06:00,VLan20,Finance,Laptop,SSH,430,3.41,15,NO,TEMA
3786,3787,2026-03-01 08:33:00,VLan20,Finance,Desktop,SSH,529,4.49,9,NO,TAKORADI
3787,3788,2026-03-26 03:40:00,VLan40,Sales,Mobile,DNS,287,4.66,15,NO,TEMA
3788,3789,2026-03-10 06:28:00,VLan10,HR,Router,HTTP,348,3.46,8,NO,ACCRA
3789,3790,2026-04-26 01:44:00,VLan30,IT,Mobile,DNS,870,2.83,8,NO,KUMASI
3790,3791,2026-01-23 15:04:00,VLan30,IT,Laptop,DNS,548,3.03,8,NO,TEMA
3791,3792,2026-02-10 15:03:00,VLan20,Finance,Router,SSH,180,4.72,4,NO,Tamale
3792,3793,2026-04-29 02:50:00,VLan10,HR,Server,DNS,211,0.51,8,NO,Tamale
3793,3794,2026-04-02 19:23:00,VLan30,IT,Router,DNS,693,3.0,15,NO,Tamale
3794,3795,2026-04-16 23:58:00,VLan30,IT,Mobile,DNS,539,3.26,4,NO,ACCRA
3795,3796,2026-03-18 12:30:00,VLan30,IT,Router,SSH,1056,3.94,1,YES,TAKORADI
3796,3797,2026-03-06 17:51:00,VLan40,Sales,Server,HTTP,665,0.4,10,NO,KUMASI
3797,3798,2026-03-18 06:53:00,VLan40,Sales,Laptop,DNS,171,4.34,6,NO,Tamale
3798,3799,2026-01-30 14:40:00,VLan30,IT,Server,HTTPS,870,2.72,0,NO,ACCRA
3799,3800,2026-01-04 18:49:00,VLan30,IT,Desktop,DNS,724,1.16,6,NO,TEMA
3800,3801,2026-01-28 14:58:00,VLan40,Sales,Router,SMTP,233,4.62,6,NO,TEMA
3801,3802,2026-04-09 13:51:00,VLan30,IT,Desktop,FTP,1136,4.23,8,YES,KUMASI
3802,3803,2026-02-14 23:22:00,VLan20,Finance,Router,HTTPS,349,2.89,7,NO,ACCRA
3803,3804,2026-03-24 15:19:00,VLan20,Finance,Laptop,DNS,138,2.91,9,NO,KUMASI
3804,3805,2026-04-17 15:47:00,VLan40,Sales,Mobile,DNS,413,1.12,2,NO,Tamale
3805,3806,2026-04-26 20:39:00,VLan40,Sales,Desktop,FTP,209,2.18,14,NO,Tamale
3806,3807,2026-04-21 03:13:00,VLan30,IT,Router,DNS,624,0.65,11,NO,TEMA
3807,3808,2026-03-22 06:06:00,VLan30,IT,Laptop,SMTP,1182,0.25,7,NO,TEMA
3808,3809,2026-03-28 06:07:00,VLan30,IT,Laptop,HTTP,912,3.51,6,NO,ACCRA
3809,3810,2026-04-29 23:48:00,VLan10,HR,Router,SMTP,682,0.01,6,NO,Tamale
3810,3811,2026-01-22 13:12:00,VLan30,IT,Laptop,FTP,885,2.75,2,NO,TEMA
3811,3812,2026-04-16 09:18:00,VLan20,Finance,Server,SSH,453,1.37,15,NO,TAKORADI
3812,3813,2026-03-30 07:23:00,VLan10,HR,Laptop,SSH,397,3.25,10,NO,TAKORADI
3813,3814,2026-02-12 11:17:00,VLan10,HR,Desktop,HTTP,327,2.85,8,NO,TEMA
3814,3815,2026-02-01 06:33:00,VLan40,Sales,Mobile,HTTPS,291,3.17,4,NO,TEMA
3815,3816,2026-03-23 10:46:00,VLan40,Sales,Mobile,HTTP,431,2.51,9,NO,TEMA
3816,3817,2026-03-27 13:57:00,VLan40,Sales,Laptop,DNS,447,3.59,5,NO,TAKORADI
3817,3818,2026-01-17 04:23:00,VLan10,HR,Server,SMTP,112,1.65,15,NO,TEMA
3818,3819,2026-02-07 01:44:00,VLan20,Finance,Desktop,FTP,162,4.1,9,NO,TEMA
3819,3820,2026-02-21 11:40:00,VLan20,Finance,Mobile,SSH,274,1.89,11,NO,Tamale
3820,3821,2026-02-15 04:29:00,VLan20,Finance,Router,SSH,533,1.34,12,NO,TEMA
3821,3822,2026-03-23 04:45:00,VLan10,HR,Server,DNS,244,3.86,4,NO,TEMA
3822,3823,2026-04-17 20:43:00,VLan30,IT,Laptop,SSH,626,1.22,1,NO,KUMASI
3823,3824,2026-01-16 23:15:00,VLan30,IT,Server,HTTPS,1008,2.13,1,NO,KUMASI
3824,3825,2026-04-29 17:42:00,VLan30,IT,Laptop,DNS,1037,3.5,14,NO,TEMA
3825,3826,2026-04-18 13:35:00,VLan30,IT,Desktop,DNS,1085,2.31,5,NO,Tamale
3826,3827,2026-01-14 19:22:00,VLan30,IT,Desktop,DNS,668,0.22,9,NO,TAKORADI
3827,3828,2026-02-22 23:21:00,VLan10,HR,Laptop,HTTPS,569,4.63,4,NO,TAKORADI
3828,3829,2026-01-29 13:55:00,VLan30,IT,Router,HTTP,731,3.49,5,NO,KUMASI
3829,3830,2026-04-04 18:24:00,VLan20,Finance,Desktop,SSH,543,3.25,12,NO,KUMASI
3830,3831,2026-02-15 23:35:00,VLan10,HR,Server,DNS,631,3.85,11,NO,KUMASI
3831,3832,2026-01-31 01:54:00,VLan20,Finance,Server,SMTP,309,3.85,5,NO,Tamale
3832,3833,2026-03-04 09:49:00,VLan40,Sales,Desktop,HTTP,143,0.26,5,NO,KUMASI
3833,3834,2026-04-29 03:04:00,VLan30,IT,Desktop,HTTP,756,4.36,8,NO,ACCRA
3834,3835,2026-02-06 17:35:00,VLan20,Finance,Server,FTP,658,0.03,12,NO,TAKORADI
3835,3836,2026-03-23 20:25:00,VLan30,IT,Mobile,SSH,824,2.93,15,NO,TAKORADI
3836,3837,2026-03-03 22:24:00,VLan20,Finance,Router,SMTP,602,2.52,9,NO,TEMA
3837,3838,2026-01-06 18:04:00,VLan20,Finance,Desktop,FTP,553,3.25,15,NO,TEMA
3838,3839,2026-02-27 20:03:00,VLan20,Finance,Server,FTP,402,3.7,4,NO,ACCRA
3839,3840,2026-03-09 17:55:00,VLan40,Sales,Router,SMTP,605,3.44,0,NO,TAKORADI
3840,3841,2026-04-26 09:30:00,VLan40,Sales,Laptop,SSH,290,0.52,12,NO,TEMA
3841,3842,2026-02-05 13:43:00,VLan40,Sales,Laptop,SSH,383,1.19,0,NO,KUMASI
3842,3843,2026-03-17 20:15:00,VLan20,Finance,Router,SMTP,286,4.95,3,NO,ACCRA
3843,3844,2026-03-20 08:40:00,VLan20,Finance,Desktop,HTTP,638,4.92,10,NO,Tamale
3844,3845,2026-04-15 19:23:00,VLan30,IT,Mobile,HTTPS,1190,4.4,11,NO,TEMA
3845,3846,2026-04-06 06:33:00,VLan10,HR,Mobile,SSH,221,3.12,0,NO,Tamale
3846,3847,2026-01-26 04:56:00,VLan40,Sales,Laptop,FTP,647,1.96,3,NO,TEMA
3847,3848,2026-02-26 23:36:00,VLan30,IT,Router,SMTP,816,2.64,2,NO,TEMA
3848,3849,2026-02-05 16:12:00,VLan20,Finance,Router,HTTP,122,0.96,7,NO,TAKORADI
3849,3850,2026-01-06 07:14:00,VLan20,Finance,Mobile,SMTP,518,4.14,8,NO,KUMASI
3850,3851,2026-04-16 16:48:00,VLan20,Finance,Router,HTTPS,371,3.45,15,NO,TAKORADI
3851,3852,2026-01-05 22:33:00,VLan30,IT,Router,SSH,1024,4.43,1,YES,TEMA
3852,3853,2026-02-05 13:56:00,VLan20,Finance,Router,HTTP,560,0.72,10,NO,TAKORADI
3853,3854,2026-04-11 21:52:00,VLan30,IT,Router,SMTP,682,3.9,14,NO,KUMASI
3854,3855,2026-04-12 12:01:00,VLan40,Sales,Mobile,SSH,403,2.5,12,NO,Tamale
3855,3856,2026-03-16 01:20:00,VLan10,HR,Mobile,FTP,135,0.39,0,NO,Tamale
3856,3857,2026-03-02 08:38:00,VLan30,IT,Router,SMTP,653,3.35,14,NO,TAKORADI
3857,3858,2026-04-22 10:40:00,VLan30,IT,Mobile,DNS,1123,4.97,13,NO,ACCRA
3858,3859,2026-03-14 19:00:00,VLan30,IT,Mobile,SSH,512,0.57,0,NO,TEMA
3859,3860,2026-02-03 04:48:00,VLan30,IT,Laptop,HTTP,660,4.25,4,NO,ACCRA
3860,3861,2026-03-12 15:05:00,VLan20,Finance,Router,FTP,434,0.12,15,NO,TEMA
3861,3862,2026-02-02 20:48:00,VLan30,IT,Server,HTTP,542,0.96,0,NO,ACCRA
3862,3863,2026-04-24 06:41:00,VLan30,IT,Server,HTTP,755,2.31,9,NO,ACCRA
3863,3864,2026-02-06 23:12:00,VLan30,IT,Laptop,FTP,1193,1.76,2,YES,TAKORADI
3864,3865,2026-02-06 02:57:00,VLan40,Sales,Desktop,SMTP,350,0.21,14,NO,Tamale
3865,3866,2026-03-22 23:54:00,VLan30,IT,Laptop,SMTP,858,2.36,1,NO,Tamale
3866,3867,2026-01-26 02:26:00,VLan20,Finance,Laptop,SMTP,348,1.13,3,NO,Tamale
3867,3868,2026-03-01 13:11:00,VLan20,Finance,Mobile,SMTP,386,2.91,9,NO,TAKORADI
3868,3869,2026-02-05 01:19:00,VLan10,HR,Laptop,HTTPS,543,1.06,13,NO,Tamale
3869,3870,2026-02-15 23:42:00,VLan40,Sales,Server,FTP,255,3.07,11,NO,ACCRA
3870,3871,2026-02-06 04:23:00,VLan20,Finance,Mobile,SSH,110,1.9,13,NO,Tamale
3871,3872,2026-04-25 05:10:00,VLan40,Sales,Router,HTTP,605,4.11,9,NO,Tamale
3872,3873,2026-02-17 20:17:00,VLan20,Finance,Server,HTTPS,226,0.7,1,NO,Tamale
3873,3874,2026-02-12 04:00:00,VLan40,Sales,Server,DNS,492,2.65,13,NO,TAKORADI
3874,3875,2026-04-09 13:20:00,VLan20,Finance,Server,SSH,527,3.6,8,NO,KUMASI
3875,3876,2026-03-10 16:05:00,VLan10,HR,Desktop,SMTP,268,3.02,10,NO,ACCRA
3876,3877,2026-03-08 14:21:00,VLan10,HR,Laptop,DNS,657,2.01,6,NO,TAKORADI
3877,3878,2026-02-02 05:14:00,VLan40,Sales,Server,HTTPS,551,2.37,5,NO,ACCRA
3878,3879,2026-02-04 22:43:00,VLan10,HR,Server,SSH,364,1.11,13,NO,TAKORADI
3879,3880,2026-03-03 13:01:00,VLan40,Sales,Server,SSH,286,4.27,0,NO,KUMASI
3880,3881,2026-04-26 19:34:00,VLan20,Finance,Server,HTTP,409,1.85,14,NO,TEMA
3881,3882,2026-03-25 04:01:00,VLan10,HR,Router,DNS,331,4.46,4,NO,Tamale
3882,3883,2026-02-12 07:26:00,VLan10,HR,Laptop,SMTP,129,1.85,12,NO,TEMA
3883,3884,2026-04-07 06:14:00,VLan30,IT,Desktop,DNS,831,2.44,11,NO,TAKORADI
3884,3885,2026-03-24 19:35:00,VLan30,IT,Mobile,HTTP,897,3.44,13,NO,KUMASI
3885,3886,2026-04-04 14:04:00,VLan20,Finance,Mobile,FTP,569,1.96,1,NO,KUMASI
3886,3887,2026-03-14 15:36:00,VLan20,Finance,Desktop,SSH,301,0.05,1,NO,Tamale
3887,3888,2026-02-09 14:18:00,VLan10,HR,Laptop,SMTP,513,1.27,15,NO,Tamale
3888,3889,2026-01-15 23:59:00,VLan10,HR,Mobile,FTP,424,1.77,8,NO,TAKORADI
3889,3890,2026-04-15 06:42:00,VLan40,Sales,Server,FTP,662,3.13,11,NO,TEMA
3890,3891,2026-04-11 23:19:00,VLan20,Finance,Desktop,DNS,527,3.62,0,NO,ACCRA
3891,3892,2026-02-24 12:36:00,VLan40,Sales,Mobile,SMTP,134,1.67,1,NO,KUMASI
3892,3893,2026-02-06 14:47:00,VLan40,Sales,Mobile,FTP,674,3.96,14,NO,TEMA
3893,3894,2026-02-04 07:14:00,VLan40,Sales,Mobile,HTTP,287,0.79,2,NO,KUMASI
3894,3895,2026-01-12 04:08:00,VLan20,Finance,Mobile,SSH,161,4.28,11,NO,TAKORADI
3895,3896,2026-03-05 12:25:00,VLan40,Sales,Router,SSH,188,3.29,9,NO,ACCRA
3896,3897,2026-04-05 10:54:00,VLan40,Sales,Laptop,HTTP,653,1.54,3,NO,ACCRA
3897,3898,2026-04-21 16:50:00,VLan10,HR,Mobile,SSH,555,3.85,4,NO,ACCRA
3898,3899,2026-03-04 19:32:00,VLan30,IT,Server,DNS,520,3.34,10,NO,TEMA
3899,3900,2026-04-06 15:08:00,VLan20,Finance,Router,SMTP,477,0.03,2,NO,KUMASI
3900,3901,2026-02-24 14:28:00,VLan40,Sales,Router,SMTP,201,2.15,4,NO,Tamale
3901,3902,2026-01-08 04:38:00,VLan20,Finance,Desktop,DNS,211,4.21,3,NO,Tamale
3902,3903,2026-03-19 04:21:00,VLan20,Finance,Desktop,HTTP,212,4.79,5,NO,TAKORADI
3903,3904,2026-04-06 07:08:00,VLan40,Sales,Server,FTP,496,2.98,15,NO,Tamale
3904,3905,2026-04-09 15:45:00,VLan20,Finance,Desktop,DNS,148,0.76,9,NO,ACCRA
3905,3906,2026-04-06 12:31:00,VLan30,IT,Laptop,FTP,1076,1.09,0,YES,TAKORADI
3906,3907,2026-04-15 16:27:00,VLan20,Finance,Router,HTTP,110,4.46,4,NO,TEMA
3907,3908,2026-03-25 17:39:00,VLan40,Sales,Desktop,SSH,459,3.54,5,NO,TAKORADI
3908,3909,2026-01-18 07:03:00,VLan20,Finance,Mobile,HTTPS,341,4.85,0,NO,TEMA
3909,3910,2026-04-29 17:18:00,VLan10,HR,Laptop,FTP,580,0.56,9,NO,KUMASI
3910,3911,2026-01-04 07:51:00,VLan40,Sales,Server,HTTPS,106,3.3,13,NO,KUMASI
3911,3912,2026-02-06 23:59:00,VLan10,HR,Server,HTTPS,282,0.05,7,NO,Tamale
3912,3913,2026-03-12 06:31:00,VLan30,IT,Router,FTP,961,0.5,12,YES,TAKORADI
3913,3914,2026-03-16 09:36:00,VLan20,Finance,Router,SMTP,284,4.97,13,NO,KUMASI
3914,3915,2026-01-04 18:13:00,VLan40,Sales,Mobile,SSH,360,2.36,9,NO,TEMA
3915,3916,2026-04-21 23:14:00,VLan40,Sales,Desktop,SMTP,141,3.89,2,NO,Tamale
3916,3917,2026-02-05 06:33:00,VLan30,IT,Server,DNS,939,0.92,4,NO,TAKORADI
3917,3918,2026-01-05 22:48:00,VLan30,IT,Router,SMTP,824,4.35,7,NO,ACCRA
3918,3919,2026-01-05 17:05:00,VLan10,HR,Mobile,HTTP,210,0.02,11,NO,ACCRA
3919,3920,2026-03-12 10:39:00,VLan10,HR,Desktop,FTP,263,2.95,7,NO,TEMA
3920,3921,2026-03-28 07:11:00,VLan40,Sales,Desktop,SSH,443,1.94,4,NO,ACCRA
3921,3922,2026-04-14 09:58:00,VLan30,IT,Router,HTTP,1081,3.34,0,NO,Tamale
3922,3923,2026-04-30 02:50:00,VLan20,Finance,Laptop,DNS,680,0.72,14,NO,TEMA
3923,3924,2026-01-05 03:16:00,VLan40,Sales,Server,HTTPS,620,0.02,0,NO,KUMASI
3924,3925,2026-01-30 17:07:00,VLan10,HR,Server,HTTP,592,4.81,5,NO,KUMASI
3925,3926,2026-04-21 08:45:00,VLan30,IT,Router,HTTPS,981,3.87,0,NO,KUMASI
3926,3927,2026-03-06 00:49:00,VLan40,Sales,Mobile,SMTP,690,3.58,11,NO,KUMASI
3927,3928,2026-03-05 04:57:00,VLan10,HR,Server,HTTP,446,0.66,0,NO,TAKORADI
3928,3929,2026-03-12 05:00:00,VLan20,Finance,Mobile,FTP,214,1.11,0,NO,KUMASI
3929,3930,2026-03-21 02:43:00,VLan40,Sales,Mobile,FTP,343,4.84,0,NO,KUMASI
3930,3931,2026-02-07 14:54:00,VLan10,HR,Mobile,SMTP,204,3.37,10,NO,KUMASI
3931,3932,2026-04-30 06:15:00,VLan20,Finance,Mobile,SSH,473,3.65,15,NO,ACCRA
3932,3933,2026-01-26 10:17:00,VLan20,Finance,Laptop,HTTP,640,2.39,10,NO,TAKORADI
3933,3934,2026-01-06 19:08:00,VLan20,Finance,Mobile,SMTP,264,3.96,1,NO,Tamale
3934,3935,2026-02-21 09:56:00,VLan20,Finance,Mobile,SMTP,263,1.41,12,NO,TAKORADI
3935,3936,2026-04-28 01:50:00,VLan10,HR,Server,HTTP,563,4.23,13,NO,Tamale
3936,3937,2026-03-08 06:48:00,VLan40,Sales,Mobile,HTTPS,231,0.24,11,NO,ACCRA
3937,3938,2026-01-24 05:07:00,VLan30,IT,Router,HTTP,981,4.09,11,NO,Tamale
3938,3939,2026-03-22 14:00:00,VLan30,IT,Server,SSH,855,4.89,12,NO,ACCRA
3939,3940,2026-02-24 23:14:00,VLan40,Sales,Desktop,HTTP,328,4.16,2,NO,KUMASI
3940,3941,2026-04-18 16:32:00,VLan40,Sales,Laptop,HTTP,104,3.09,11,NO,KUMASI
3941,3942,2026-03-03 14:36:00,VLan30,IT,Server,DNS,828,0.95,12,NO,TAKORADI
3942,3943,2026-02-14 03:23:00,VLan20,Finance,Mobile,SMTP,420,0.21,15,NO,KUMASI
3943,3944,2026-03-21 03:28:00,VLan30,IT,Server,HTTPS,1150,3.31,4,NO,TAKORADI
3944,3945,2026-02-13 12:56:00,VLan30,IT,Laptop,SSH,730,4.21,14,NO,TEMA
3945,3946,2026-04-14 05:01:00,VLan10,HR,Laptop,HTTPS,483,0.3,9,NO,TEMA
3946,3947,2026-04-11 19:05:00,VLan30,IT,Router,FTP,560,3.57,2,NO,TEMA
3947,3948,2026-04-24 19:03:00,VLan30,IT,Mobile,DNS,565,3.6,10,NO,KUMASI
3948,3949,2026-02-10 12:59:00,VLan40,Sales,Router,SSH,465,0.25,6,NO,Tamale
3949,3950,2026-01-28 02:35:00,VLan40,Sales,Laptop,SSH,554,0.52,9,NO,TEMA
3950,3951,2026-04-30 10:04:00,VLan40,Sales,Server,SMTP,594,0.23,3,NO,Tamale
3951,3952,2026-01-18 07:08:00,VLan40,Sales,Mobile,FTP,314,1.78,5,NO,TAKORADI
3952,3953,2026-02-15 13:55:00,VLan30,IT,Mobile,SSH,969,3.44,4,YES,Tamale
3953,3954,2026-02-18 11:14:00,VLan30,IT,Server,HTTP,508,0.79,13,NO,ACCRA
3954,3955,2026-03-07 05:56:00,VLan40,Sales,Router,SMTP,341,0.8,15,NO,KUMASI
3955,3956,2026-02-05 16:44:00,VLan10,HR,Router,DNS,140,0.97,14,NO,KUMASI
3956,3957,2026-01-30 16:24:00,VLan30,IT,Server,FTP,642,3.91,11,NO,ACCRA
3957,3958,2026-01-08 01:59:00,VLan10,HR,Server,DNS,543,4.4,2,NO,KUMASI
3958,3959,2026-02-26 20:50:00,VLan10,HR,Desktop,SMTP,693,3.99,10,NO,TAKORADI
3959,3960,2026-04-30 09:24:00,VLan40,Sales,Router,HTTPS,525,2.5,3,NO,ACCRA
3960,3961,2026-03-19 17:21:00,VLan20,Finance,Mobile,HTTPS,442,1.21,15,NO,TAKORADI
3961,3962,2026-03-05 13:40:00,VLan30,IT,Server,SMTP,729,0.07,2,NO,Tamale
3962,3963,2026-04-10 12:37:00,VLan30,IT,Desktop,FTP,948,2.96,11,YES,ACCRA
3963,3964,2026-02-03 04:27:00,VLan20,Finance,Laptop,DNS,689,3.19,6,NO,ACCRA
3964,3965,2026-02-05 07:25:00,VLan40,Sales,Laptop,SMTP,216,2.53,0,NO,TEMA
3965,3966,2026-04-01 21:02:00,VLan10,HR,Server,SSH,559,2.07,13,NO,ACCRA
3966,3967,2026-02-20 03:23:00,VLan30,IT,Desktop,HTTP,551,4.07,6,NO,KUMASI
3967,3968,2026-04-01 12:22:00,VLan10,HR,Laptop,HTTP,341,1.31,12,NO,TEMA
3968,3969,2026-02-21 21:40:00,VLan30,IT,Desktop,SSH,644,4.11,0,NO,TEMA
3969,3970,2026-04-19 12:54:00,VLan20,Finance,Server,SSH,378,3.17,9,NO,ACCRA
3970,3971,2026-04-28 07:54:00,VLan30,IT,Mobile,HTTPS,1139,0.68,1,NO,TAKORADI
3971,3972,2026-03-04 16:21:00,VLan20,Finance,Desktop,HTTPS,506,3.47,5,NO,TEMA
3972,3973,2026-02-27 14:45:00,VLan30,IT,Laptop,FTP,919,4.44,11,YES,TEMA
3973,3974,2026-02-11 01:11:00,VLan30,IT,Desktop,FTP,1193,4.53,8,YES,TEMA
3974,3975,2026-01-03 23:58:00,VLan30,IT,Server,SSH,635,3.42,10,NO,TEMA
3975,3976,2026-01-05 17:54:00,VLan40,Sales,Server,HTTPS,649,2.07,13,NO,ACCRA
3976,3977,2026-02-18 12:35:00,VLan40,Sales,Desktop,HTTP,560,4.68,14,NO,ACCRA
3977,3978,2026-01-10 05:49:00,VLan20,Finance,Router,SMTP,249,2.54,5,NO,Tamale
3978,3979,2026-02-20 17:50:00,VLan40,Sales,Router,SMTP,319,3.15,5,NO,TAKORADI
3979,3980,2026-02-22 18:19:00,VLan40,Sales,Mobile,FTP,599,4.38,5,NO,TAKORADI
3980,3981,2026-01-13 11:35:00,VLan10,HR,Mobile,HTTPS,514,2.38,6,NO,ACCRA
3981,3982,2026-04-25 17:24:00,VLan10,HR,Desktop,FTP,594,1.88,12,NO,TAKORADI
3982,3983,2026-03-11 06:46:00,VLan20,Finance,Mobile,HTTPS,107,2.97,0,NO,TAKORADI
3983,3984,2026-01-08 03:22:00,VLan20,Finance,Laptop,DNS,508,3.11,6,NO,TEMA
3984,3985,2026-03-18 21:20:00,VLan30,IT,Mobile,HTTPS,1134,0.68,10,NO,ACCRA
3985,3986,2026-03-10 08:01:00,VLan30,IT,Server,SSH,869,2.03,1,NO,TEMA
3986,3987,2026-02-27 22:02:00,VLan20,Finance,Desktop,SSH,449,2.36,3,NO,Tamale
3987,3988,2026-04-24 11:39:00,VLan20,Finance,Laptop,FTP,159,4.9,6,NO,Tamale
3988,3989,2026-04-09 12:30:00,VLan20,Finance,Router,HTTPS,354,1.5,13,NO,KUMASI
3989,3990,2026-04-27 22:26:00,VLan10,HR,Desktop,FTP,495,0.29,12,NO,ACCRA
3990,3991,2026-02-27 06:40:00,VLan30,IT,Router,SSH,1097,1.64,6,YES,ACCRA
3991,3992,2026-03-08 20:27:00,VLan10,HR,Router,SMTP,553,2.62,12,NO,ACCRA
3992,3993,2026-01-25 17:21:00,VLan40,Sales,Mobile,FTP,124,1.32,1,NO,ACCRA
3993,3994,2026-04-30 13:40:00,VLan20,Finance,Mobile,FTP,238,1.99,7,NO,TEMA
3994,3995,2026-02-01 04:37:00,VLan10,HR,Laptop,SMTP,340,4.59,6,NO,KUMASI
3995,3996,2026-02-17 16:15:00,VLan30,IT,Laptop,SMTP,1088,2.1,4,NO,ACCRA
3996,3997,2026-02-24 01:47:00,VLan10,HR,Router,FTP,485,4.75,1,NO,KUMASI
3997,3998,2026-01-23 07:09:00,VLan40,Sales,Server,SMTP,684,3.62,3,NO,TEMA
3998,3999,2026-03-30 05:57:00,VLan20,Finance,Mobile,HTTP,342,2.61,0,NO,TEMA
3999,4000,2026-03-06 18:29:00,VLan20,Finance,Desktop,FTP,295,3.78,2,NO,TAKORADI
4000,4001,2026-01-06 07:34:00,VLan10,HR,Laptop,HTTPS,161,3.16,12,NO,ACCRA
4001,4002,2026-02-17 23:07:00,VLan30,IT,Desktop,SMTP,504,1.02,9,NO,KUMASI
4002,4003,2026-03-03 19:34:00,VLan40,Sales,Router,HTTPS,109,3.72,6,NO,ACCRA
4003,4004,2026-03-19 03:29:00,VLan10,HR,Mobile,SMTP,115,1.97,6,NO,TAKORADI
4004,4005,2026-04-23 04:34:00,VLan10,HR,Desktop,SSH,432,0.88,10,NO,ACCRA
4005,4006,2026-01-24 11:26:00,VLan40,Sales,Server,SSH,336,2.54,3,NO,KUMASI
4006,4007,2026-03-01 00:10:00,VLan10,HR,Mobile,DNS,551,1.82,13,NO,TEMA
4007,4008,2026-04-25 13:39:00,VLan10,HR,Server,HTTPS,695,2.16,0,NO,KUMASI
4008,4009,2026-04-29 13:40:00,VLan40,Sales,Laptop,SMTP,465,1.85,1,NO,Tamale
4009,4010,2026-03-10 04:41:00,VLan30,IT,Laptop,DNS,1035,4.64,15,NO,KUMASI
4010,4011,2026-03-02 04:48:00,VLan40,Sales,Laptop,HTTPS,618,0.24,2,NO,TEMA
4011,4012,2026-03-01 02:21:00,VLan20,Finance,Desktop,HTTPS,453,1.88,3,NO,TEMA
4012,4013,2026-01-11 04:13:00,VLan40,Sales,Router,DNS,150,4.46,13,NO,TAKORADI
4013,4014,2026-01-05 11:45:00,VLan20,Finance,Server,FTP,168,0.95,4,NO,TEMA
4014,4015,2026-04-17 21:55:00,VLan30,IT,Laptop,SMTP,1090,4.11,15,NO,Tamale
4015,4016,2026-01-21 02:45:00,VLan30,IT,Router,HTTPS,507,3.99,8,NO,Tamale
4016,4017,2026-02-23 23:37:00,VLan40,Sales,Server,DNS,457,1.97,7,NO,KUMASI
4017,4018,2026-01-12 20:51:00,VLan20,Finance,Laptop,SMTP,553,4.39,3,NO,KUMASI
4018,4019,2026-03-28 18:11:00,VLan10,HR,Laptop,HTTPS,337,4.38,10,NO,TAKORADI
4019,4020,2026-03-20 14:03:00,VLan20,Finance,Server,SMTP,610,4.29,5,NO,Tamale
4020,4021,2026-03-24 19:16:00,VLan10,HR,Server,FTP,250,4.56,8,NO,ACCRA
4021,4022,2026-03-06 23:16:00,VLan30,IT,Server,SSH,859,0.74,6,NO,KUMASI
4022,4023,2026-02-02 12:57:00,VLan30,IT,Desktop,SMTP,1139,4.36,2,NO,KUMASI
4023,4024,2026-02-01 15:55:00,VLan40,Sales,Desktop,HTTP,675,4.18,4,NO,ACCRA
4024,4025,2026-03-25 00:21:00,VLan10,HR,Router,HTTP,547,4.47,1,NO,ACCRA
4025,4026,2026-04-20 19:55:00,VLan40,Sales,Desktop,SMTP,210,3.92,15,NO,Tamale
4026,4027,2026-04-22 16:23:00,VLan40,Sales,Router,DNS,426,4.71,4,NO,TAKORADI
4027,4028,2026-03-26 15:55:00,VLan10,HR,Desktop,FTP,426,1.74,14,NO,Tamale
4028,4029,2026-02-03 23:33:00,VLan20,Finance,Server,FTP,679,4.67,11,NO,Tamale
4029,4030,2026-04-14 22:37:00,VLan20,Finance,Laptop,SSH,590,1.79,8,NO,TAKORADI
4030,4031,2026-04-24 09:56:00,VLan40,Sales,Router,FTP,298,4.82,12,NO,TEMA
4031,4032,2026-01-25 12:56:00,VLan20,Finance,Router,SSH,372,1.75,3,NO,TAKORADI
4032,4033,2026-03-03 10:54:00,VLan20,Finance,Server,DNS,592,1.4,13,NO,TEMA
4033,4034,2026-04-11 05:29:00,VLan10,HR,Router,HTTP,165,3.71,2,NO,TAKORADI
4034,4035,2026-03-08 10:25:00,VLan20,Finance,Server,HTTP,587,0.03,10,NO,KUMASI
4035,4036,2026-04-10 03:46:00,VLan10,HR,Server,HTTP,396,2.09,3,NO,TEMA
4036,4037,2026-01-02 12:47:00,VLan40,Sales,Laptop,FTP,148,4.58,10,NO,TEMA
4037,4038,2026-02-25 08:50:00,VLan30,IT,Server,SSH,514,3.67,3,NO,TAKORADI
4038,4039,2026-04-01 15:48:00,VLan20,Finance,Desktop,HTTPS,349,2.31,6,NO,TAKORADI
4039,4040,2026-02-11 15:36:00,VLan30,IT,Mobile,SMTP,1023,3.26,4,NO,TAKORADI
4040,4041,2026-03-13 23:11:00,VLan40,Sales,Desktop,HTTPS,351,0.04,9,NO,ACCRA
4041,4042,2026-03-24 15:18:00,VLan10,HR,Laptop,FTP,437,0.99,6,NO,KUMASI
4042,4043,2026-02-06 02:19:00,VLan30,IT,Router,FTP,742,2.6,13,NO,TEMA
4043,4044,2026-03-15 18:33:00,VLan10,HR,Laptop,SMTP,460,1.72,3,NO,TEMA
4044,4045,2026-02-18 00:47:00,VLan30,IT,Router,SMTP,821,0.71,10,NO,TAKORADI
4045,4046,2026-01-18 11:38:00,VLan40,Sales,Mobile,DNS,580,3.35,0,NO,TEMA
4046,4047,2026-01-30 01:04:00,VLan20,Finance,Mobile,DNS,133,4.5,4,NO,Tamale
4047,4048,2026-01-10 00:26:00,VLan10,HR,Server,FTP,515,0.72,4,NO,TEMA
4048,4049,2026-01-05 15:02:00,VLan30,IT,Router,HTTPS,861,0.03,2,NO,ACCRA
4049,4050,2026-02-21 03:23:00,VLan10,HR,Desktop,SMTP,238,2.09,15,NO,KUMASI
4050,4051,2026-02-02 13:21:00,VLan10,HR,Mobile,FTP,117,1.67,1,NO,TAKORADI
4051,4052,2026-03-20 12:21:00,VLan30,IT,Router,DNS,1142,4.26,15,NO,ACCRA
4052,4053,2026-04-08 10:25:00,VLan40,Sales,Router,SMTP,513,2.38,3,NO,Tamale
4053,4054,2026-03-21 20:22:00,VLan30,IT,Server,HTTPS,1068,0.38,8,NO,KUMASI
4054,4055,2026-02-01 02:39:00,VLan10,HR,Router,HTTPS,580,3.44,11,NO,KUMASI
4055,4056,2026-03-29 10:41:00,VLan40,Sales,Laptop,DNS,623,4.62,10,NO,TAKORADI
4056,4057,2026-04-30 01:01:00,VLan40,Sales,Server,HTTPS,337,3.99,10,NO,ACCRA
4057,4058,2026-01-16 04:21:00,VLan30,IT,Router,HTTP,798,2.92,12,NO,Tamale
4058,4059,2026-03-10 17:56:00,VLan10,HR,Mobile,SSH,359,4.18,4,NO,ACCRA
4059,4060,2026-01-15 08:44:00,VLan20,Finance,Router,HTTP,290,0.82,8,NO,TEMA
4060,4061,2026-02-11 08:19:00,VLan20,Finance,Mobile,HTTP,448,1.63,8,NO,KUMASI
4061,4062,2026-03-08 06:41:00,VLan20,Finance,Laptop,SSH,607,2.97,1,NO,KUMASI
4062,4063,2026-03-29 05:22:00,VLan30,IT,Desktop,HTTPS,826,2.43,0,NO,TAKORADI
4063,4064,2026-02-19 07:11:00,VLan20,Finance,Mobile,HTTPS,378,2.39,6,NO,ACCRA
4064,4065,2026-01-24 11:23:00,VLan30,IT,Server,FTP,1045,3.67,6,YES,KUMASI
4065,4066,2026-02-16 10:45:00,VLan30,IT,Laptop,HTTP,961,4.98,11,NO,TEMA
4066,4067,2026-04-02 10:26:00,VLan10,HR,Desktop,SSH,228,4.79,11,NO,TAKORADI
4067,4068,2026-04-14 08:16:00,VLan40,Sales,Laptop,HTTPS,130,3.1,9,NO,Tamale
4068,4069,2026-01-28 14:53:00,VLan40,Sales,Router,SSH,211,0.73,1,NO,Tamale
4069,4070,2026-04-01 22:43:00,VLan30,IT,Router,HTTP,703,1.94,14,NO,TEMA
4070,4071,2026-01-20 22:03:00,VLan40,Sales,Mobile,HTTPS,290,4.23,9,NO,ACCRA
4071,4072,2026-01-03 02:01:00,VLan20,Finance,Router,HTTPS,448,3.39,14,NO,TAKORADI
4072,4073,2026-01-09 17:00:00,VLan40,Sales,Laptop,SSH,159,4.71,11,NO,Tamale
4073,4074,2026-01-10 00:53:00,VLan30,IT,Mobile,HTTPS,540,1.49,9,NO,KUMASI
4074,4075,2026-01-31 19:35:00,VLan10,HR,Laptop,HTTPS,236,2.83,4,NO,KUMASI
4075,4076,2026-02-08 14:18:00,VLan20,Finance,Desktop,DNS,360,4.91,6,NO,ACCRA
4076,4077,2026-03-07 03:55:00,VLan10,HR,Mobile,DNS,204,0.89,14,NO,ACCRA
4077,4078,2026-02-22 04:40:00,VLan30,IT,Mobile,HTTPS,889,1.88,9,NO,ACCRA
4078,4079,2026-02-22 19:45:00,VLan30,IT,Mobile,DNS,596,4.65,5,NO,Tamale
4079,4080,2026-03-01 12:05:00,VLan40,Sales,Laptop,FTP,638,3.37,3,NO,Tamale
4080,4081,2026-02-22 19:11:00,VLan20,Finance,Router,HTTPS,649,3.96,5,NO,TAKORADI
4081,4082,2026-01-11 21:15:00,VLan30,IT,Server,DNS,880,0.41,11,NO,ACCRA
4082,4083,2026-01-22 02:59:00,VLan30,IT,Router,FTP,911,1.01,15,YES,TAKORADI
4083,4084,2026-03-28 07:24:00,VLan20,Finance,Server,SSH,237,2.23,12,NO,KUMASI
4084,4085,2026-04-18 09:11:00,VLan10,HR,Laptop,SMTP,537,4.01,15,NO,Tamale
4085,4086,2026-02-02 11:20:00,VLan10,HR,Router,FTP,137,1.42,13,NO,TAKORADI
4086,4087,2026-03-09 22:07:00,VLan40,Sales,Desktop,DNS,564,2.04,8,NO,Tamale
4087,4088,2026-04-17 18:53:00,VLan30,IT,Server,DNS,1030,0.47,6,NO,TAKORADI
4088,4089,2026-02-11 09:09:00,VLan10,HR,Desktop,HTTPS,396,0.81,13,NO,Tamale
4089,4090,2026-01-30 20:14:00,VLan30,IT,Laptop,SMTP,726,3.58,5,NO,Tamale
4090,4091,2026-04-03 02:39:00,VLan30,IT,Server,HTTP,1200,4.41,8,NO,Tamale
4091,4092,2026-01-23 05:09:00,VLan10,HR,Laptop,SSH,659,4.69,0,NO,Tamale
4092,4093,2026-03-20 23:30:00,VLan30,IT,Desktop,FTP,602,3.72,11,NO,Tamale
4093,4094,2026-02-09 11:58:00,VLan30,IT,Router,DNS,682,0.8,15,NO,ACCRA
4094,4095,2026-01-03 16:06:00,VLan40,Sales,Router,SMTP,466,4.15,9,NO,KUMASI
4095,4096,2026-02-21 00:51:00,VLan30,IT,Server,HTTPS,889,1.54,0,NO,Tamale
4096,4097,2026-01-14 12:15:00,VLan20,Finance,Mobile,HTTP,141,4.08,8,NO,TEMA
4097,4098,2026-01-14 11:04:00,VLan30,IT,Mobile,SMTP,771,4.39,8,NO,KUMASI
4098,4099,2026-02-27 10:18:00,VLan10,HR,Laptop,HTTP,562,3.31,0,NO,ACCRA
4099,4100,2026-02-19 10:52:00,VLan10,HR,Laptop,SMTP,421,2.79,9,NO,KUMASI
4100,4101,2026-03-20 02:54:00,VLan30,IT,Desktop,HTTPS,638,2.54,0,NO,TAKORADI
4101,4102,2026-04-15 23:08:00,VLan30,IT,Desktop,SMTP,840,2.41,2,NO,TEMA
4102,4103,2026-01-11 12:13:00,VLan40,Sales,Desktop,SMTP,492,1.69,6,NO,ACCRA
4103,4104,2026-03-01 00:53:00,VLan10,HR,Server,HTTPS,658,1.66,10,NO,ACCRA
4104,4105,2026-01-10 18:27:00,VLan10,HR,Desktop,HTTP,329,2.17,4,NO,TEMA
4105,4106,2026-04-05 12:48:00,VLan10,HR,Desktop,HTTP,509,3.97,6,NO,TEMA
4106,4107,2026-03-04 16:02:00,VLan30,IT,Laptop,HTTPS,1090,0.41,6,NO,TEMA
4107,4108,2026-01-12 08:19:00,VLan10,HR,Laptop,FTP,311,0.81,6,NO,TAKORADI
4108,4109,2026-03-04 03:26:00,VLan20,Finance,Mobile,SMTP,444,0.49,0,NO,TAKORADI
4109,4110,2026-04-12 16:24:00,VLan10,HR,Mobile,SMTP,629,0.42,3,NO,ACCRA
4110,4111,2026-01-20 14:39:00,VLan10,HR,Router,SMTP,696,4.27,4,NO,ACCRA
4111,4112,2026-04-22 16:38:00,VLan20,Finance,Server,SMTP,416,0.89,7,NO,ACCRA
4112,4113,2026-01-28 04:19:00,VLan30,IT,Laptop,FTP,758,1.63,15,NO,Tamale
4113,4114,2026-01-30 16:35:00,VLan10,HR,Laptop,DNS,674,3.5,12,NO,TEMA
4114,4115,2026-01-19 04:35:00,VLan20,Finance,Desktop,SMTP,475,3.94,8,NO,ACCRA
4115,4116,2026-02-27 20:37:00,VLan10,HR,Laptop,SSH,525,3.12,15,NO,KUMASI
4116,4117,2026-01-11 01:46:00,VLan30,IT,Mobile,DNS,903,0.79,4,NO,KUMASI
4117,4118,2026-03-03 05:08:00,VLan40,Sales,Laptop,DNS,187,2.52,6,NO,KUMASI
4118,4119,2026-03-01 01:47:00,VLan40,Sales,Server,DNS,497,2.16,0,NO,KUMASI
4119,4120,2026-03-06 18:53:00,VLan10,HR,Router,DNS,618,0.68,12,NO,KUMASI
4120,4121,2026-03-23 00:43:00,VLan20,Finance,Mobile,HTTP,330,3.94,12,NO,TAKORADI
4121,4122,2026-03-09 23:18:00,VLan20,Finance,Server,SSH,511,1.21,1,NO,TEMA
4122,4123,2026-03-08 10:39:00,VLan20,Finance,Router,FTP,528,4.61,3,NO,ACCRA
4123,4124,2026-04-02 02:47:00,VLan20,Finance,Router,HTTP,192,2.81,10,NO,ACCRA
4124,4125,2026-03-02 14:39:00,VLan30,IT,Desktop,FTP,562,1.92,6,NO,Tamale
4125,4126,2026-03-01 07:13:00,VLan20,Finance,Router,DNS,650,1.38,3,NO,ACCRA
4126,4127,2026-01-07 04:40:00,VLan30,IT,Desktop,HTTP,968,3.51,5,NO,ACCRA
4127,4128,2026-01-27 02:22:00,VLan30,IT,Router,FTP,714,1.01,1,NO,KUMASI
4128,4129,2026-02-11 10:52:00,VLan30,IT,Router,HTTPS,503,4.44,13,NO,Tamale
4129,4130,2026-03-17 01:35:00,VLan10,HR,Router,SMTP,590,3.5,9,NO,TEMA
4130,4131,2026-01-09 21:32:00,VLan30,IT,Router,DNS,693,1.95,1,NO,KUMASI
4131,4132,2026-01-21 08:44:00,VLan40,Sales,Laptop,SSH,249,3.7,12,NO,TAKORADI
4132,4133,2026-02-28 23:04:00,VLan30,IT,Desktop,SMTP,676,0.6,15,NO,Tamale
4133,4134,2026-02-13 11:11:00,VLan40,Sales,Desktop,HTTPS,469,4.36,9,NO,Tamale
4134,4135,2026-01-17 07:26:00,VLan20,Finance,Server,HTTP,267,4.87,1,NO,TEMA
4135,4136,2026-03-18 02:57:00,VLan40,Sales,Server,SMTP,221,1.58,15,NO,TAKORADI
4136,4137,2026-03-10 00:20:00,VLan20,Finance,Desktop,HTTPS,667,3.81,12,NO,TAKORADI
4137,4138,2026-03-24 21:09:00,VLan10,HR,Desktop,DNS,684,4.64,12,NO,KUMASI
4138,4139,2026-04-10 00:09:00,VLan10,HR,Router,FTP,291,0.6,8,NO,TAKORADI
4139,4140,2026-03-05 12:08:00,VLan40,Sales,Server,HTTP,569,1.67,14,NO,TAKORADI
4140,4141,2026-04-13 14:55:00,VLan20,Finance,Desktop,FTP,308,0.07,12,NO,KUMASI
4141,4142,2026-04-11 05:11:00,VLan40,Sales,Router,DNS,156,3.13,4,NO,TAKORADI
4142,4143,2026-02-25 18:21:00,VLan30,IT,Router,HTTP,519,1.78,0,NO,TEMA
4143,4144,2026-04-14 14:23:00,VLan40,Sales,Router,HTTPS,180,3.98,12,NO,Tamale
4144,4145,2026-04-23 04:16:00,VLan30,IT,Server,DNS,793,0.08,13,NO,TEMA
4145,4146,2026-01-23 20:17:00,VLan30,IT,Laptop,DNS,1025,3.46,8,NO,ACCRA
4146,4147,2026-02-09 11:24:00,VLan20,Finance,Mobile,FTP,507,2.83,13,NO,TAKORADI
4147,4148,2026-04-28 00:40:00,VLan40,Sales,Desktop,FTP,117,2.4,4,NO,TAKORADI
4148,4149,2026-04-07 04:15:00,VLan40,Sales,Router,DNS,504,3.97,8,NO,KUMASI
4149,4150,2026-02-25 07:37:00,VLan40,Sales,Server,HTTP,553,1.62,7,NO,ACCRA
4150,4151,2026-01-04 06:43:00,VLan20,Finance,Router,SSH,574,0.09,15,NO,TEMA
4151,4152,2026-02-10 18:04:00,VLan40,Sales,Desktop,DNS,570,0.52,5,NO,ACCRA
4152,4153,2026-02-20 03:49:00,VLan10,HR,Mobile,SMTP,624,3.47,14,NO,KUMASI
4153,4154,2026-03-26 15:17:00,VLan40,Sales,Mobile,HTTP,563,0.42,1,NO,TAKORADI
4154,4155,2026-01-26 04:28:00,VLan40,Sales,Desktop,FTP,182,4.12,6,NO,TAKORADI
4155,4156,2026-04-04 05:17:00,VLan10,HR,Desktop,FTP,284,1.43,8,NO,KUMASI
4156,4157,2026-03-20 06:22:00,VLan20,Finance,Router,SSH,481,4.89,11,NO,TAKORADI
4157,4158,2026-02-08 02:26:00,VLan20,Finance,Router,SMTP,278,0.19,3,NO,TEMA
4158,4159,2026-04-14 09:19:00,VLan20,Finance,Server,SSH,156,0.35,15,NO,KUMASI
4159,4160,2026-02-18 14:43:00,VLan30,IT,Laptop,DNS,855,0.26,2,NO,KUMASI
4160,4161,2026-02-08 02:46:00,VLan10,HR,Laptop,SSH,475,1.45,13,NO,TEMA
4161,4162,2026-03-31 16:24:00,VLan40,Sales,Router,HTTPS,341,0.3,6,NO,TEMA
4162,4163,2026-01-27 23:44:00,VLan30,IT,Laptop,FTP,1035,0.46,9,YES,KUMASI
4163,4164,2026-04-16 20:10:00,VLan30,IT,Laptop,FTP,882,2.38,15,NO,Tamale
4164,4165,2026-03-01 19:21:00,VLan20,Finance,Desktop,HTTP,655,1.15,9,NO,Tamale
4165,4166,2026-02-23 12:09:00,VLan20,Finance,Server,SMTP,281,0.33,8,NO,TEMA
4166,4167,2026-04-16 01:02:00,VLan20,Finance,Server,HTTPS,640,4.51,15,NO,Tamale
4167,4168,2026-03-20 10:33:00,VLan40,Sales,Laptop,SSH,106,4.24,4,NO,Tamale
4168,4169,2026-04-02 10:23:00,VLan10,HR,Desktop,DNS,487,3.62,4,NO,Tamale
4169,4170,2026-01-25 17:04:00,VLan40,Sales,Router,FTP,665,0.11,9,NO,ACCRA
4170,4171,2026-01-26 09:08:00,VLan20,Finance,Desktop,SMTP,628,4.83,2,NO,KUMASI
4171,4172,2026-02-05 17:56:00,VLan10,HR,Desktop,HTTP,610,2.77,7,NO,KUMASI
4172,4173,2026-04-27 22:22:00,VLan20,Finance,Router,DNS,237,0.83,0,NO,KUMASI
4173,4174,2026-04-24 02:58:00,VLan10,HR,Server,DNS,664,0.65,11,NO,Tamale
4174,4175,2026-02-16 23:49:00,VLan30,IT,Desktop,SSH,689,2.74,13,NO,ACCRA
4175,4176,2026-04-14 14:22:00,VLan10,HR,Mobile,DNS,226,4.46,5,NO,ACCRA
4176,4177,2026-04-14 00:38:00,VLan10,HR,Server,DNS,106,1.1,14,NO,TAKORADI
4177,4178,2026-01-11 00:35:00,VLan10,HR,Desktop,DNS,434,3.42,3,NO,ACCRA
4178,4179,2026-01-29 16:57:00,VLan20,Finance,Router,HTTP,113,0.26,7,NO,KUMASI
4179,4180,2026-02-18 16:16:00,VLan30,IT,Desktop,SMTP,640,2.95,1,NO,TEMA
4180,4181,2026-04-04 22:01:00,VLan10,HR,Mobile,HTTPS,578,1.64,1,NO,ACCRA
4181,4182,2026-02-18 04:48:00,VLan30,IT,Server,FTP,814,4.07,0,NO,TEMA
4182,4183,2026-04-16 07:07:00,VLan30,IT,Server,FTP,808,0.27,12,NO,TAKORADI
4183,4184,2026-02-18 21:03:00,VLan20,Finance,Laptop,HTTPS,281,3.23,1,NO,TEMA
4184,4185,2026-03-08 09:09:00,VLan40,Sales,Laptop,SMTP,302,4.19,13,NO,ACCRA
4185,4186,2026-03-01 13:46:00,VLan40,Sales,Laptop,HTTPS,500,0.63,8,NO,KUMASI
4186,4187,2026-02-01 18:00:00,VLan10,HR,Mobile,SSH,534,3.01,5,NO,TEMA
4187,4188,2026-03-02 04:13:00,VLan40,Sales,Router,HTTP,496,2.07,6,NO,KUMASI
4188,4189,2026-03-02 15:43:00,VLan20,Finance,Mobile,SMTP,353,1.2,2,NO,Tamale
4189,4190,2026-04-21 07:29:00,VLan10,HR,Mobile,SMTP,442,3.27,11,NO,ACCRA
4190,4191,2026-02-13 17:32:00,VLan40,Sales,Desktop,DNS,170,4.79,6,NO,KUMASI
4191,4192,2026-04-05 08:32:00,VLan20,Finance,Mobile,DNS,563,4.26,15,NO,TEMA
4192,4193,2026-04-29 00:01:00,VLan10,HR,Server,SSH,617,2.67,13,NO,TAKORADI
4193,4194,2026-04-27 14:28:00,VLan30,IT,Router,DNS,566,0.37,13,NO,ACCRA
4194,4195,2026-03-29 22:44:00,VLan20,Finance,Desktop,DNS,310,4.77,14,NO,ACCRA
4195,4196,2026-04-19 00:39:00,VLan20,Finance,Router,DNS,656,2.64,6,NO,TEMA
4196,4197,2026-02-01 10:58:00,VLan20,Finance,Laptop,SMTP,140,1.06,11,NO,Tamale
4197,4198,2026-03-02 01:28:00,VLan20,Finance,Laptop,SMTP,499,4.42,13,NO,TEMA
4198,4199,2026-01-15 03:49:00,VLan40,Sales,Server,FTP,117,3.97,12,NO,TAKORADI
4199,4200,2026-02-26 20:34:00,VLan30,IT,Laptop,FTP,541,2.52,1,NO,Tamale
4200,4201,2026-04-30 18:59:00,VLan20,Finance,Router,HTTPS,463,4.79,15,NO,TEMA
4201,4202,2026-03-21 00:07:00,VLan40,Sales,Router,SMTP,545,3.85,8,NO,TAKORADI
4202,4203,2026-02-19 21:04:00,VLan40,Sales,Laptop,HTTPS,658,4.61,10,NO,TAKORADI
4203,4204,2026-04-16 04:26:00,VLan30,IT,Desktop,SSH,721,4.33,0,NO,Tamale
4204,4205,2026-04-04 15:58:00,VLan30,IT,Router,HTTPS,905,1.38,3,NO,KUMASI
4205,4206,2026-03-26 04:06:00,VLan40,Sales,Mobile,HTTP,376,0.13,8,NO,KUMASI
4206,4207,2026-04-15 06:23:00,VLan10,HR,Laptop,SSH,183,0.31,8,NO,TAKORADI
4207,4208,2026-03-25 19:26:00,VLan30,IT,Mobile,SMTP,1107,0.34,9,NO,TAKORADI
4208,4209,2026-01-29 21:11:00,VLan40,Sales,Router,FTP,336,1.03,4,NO,Tamale
4209,4210,2026-01-23 12:20:00,VLan30,IT,Router,FTP,554,2.36,1,NO,ACCRA
4210,4211,2026-02-17 18:48:00,VLan10,HR,Router,SSH,369,0.46,2,NO,TAKORADI
4211,4212,2026-03-10 07:09:00,VLan20,Finance,Mobile,DNS,368,3.95,5,NO,TAKORADI
4212,4213,2026-01-29 12:46:00,VLan10,HR,Mobile,SSH,697,4.07,3,NO,Tamale
4213,4214,2026-03-21 18:39:00,VLan30,IT,Mobile,DNS,923,4.18,10,NO,ACCRA
4214,4215,2026-04-20 18:14:00,VLan30,IT,Router,FTP,776,1.56,10,NO,KUMASI
4215,4216,2026-02-25 11:23:00,VLan20,Finance,Mobile,DNS,209,3.31,9,NO,TEMA
4216,4217,2026-02-03 13:46:00,VLan30,IT,Mobile,FTP,801,1.22,14,NO,Tamale
4217,4218,2026-01-11 19:05:00,VLan40,Sales,Desktop,DNS,506,1.81,4,NO,ACCRA
4218,4219,2026-02-01 08:44:00,VLan40,Sales,Desktop,DNS,183,4.0,8,NO,Tamale
4219,4220,2026-01-21 19:06:00,VLan40,Sales,Laptop,SMTP,357,0.81,9,NO,ACCRA
4220,4221,2026-01-12 13:59:00,VLan40,Sales,Router,HTTP,159,0.92,0,NO,ACCRA
4221,4222,2026-03-02 13:43:00,VLan30,IT,Server,HTTPS,730,2.76,15,NO,ACCRA
4222,4223,2026-01-29 05:14:00,VLan30,IT,Router,SSH,723,1.32,9,NO,TAKORADI
4223,4224,2026-04-25 18:17:00,VLan30,IT,Desktop,DNS,632,1.03,3,NO,ACCRA
4224,4225,2026-03-22 09:17:00,VLan10,HR,Server,SMTP,230,4.68,15,NO,TEMA
4225,4226,2026-01-03 01:11:00,VLan30,IT,Desktop,DNS,744,2.48,0,NO,KUMASI
4226,4227,2026-01-06 00:40:00,VLan40,Sales,Router,HTTPS,209,4.52,15,NO,TAKORADI
4227,4228,2026-03-21 21:41:00,VLan10,HR,Router,HTTPS,254,0.62,12,NO,ACCRA
4228,4229,2026-04-12 00:23:00,VLan30,IT,Server,FTP,675,4.72,14,NO,Tamale
4229,4230,2026-04-19 21:54:00,VLan30,IT,Server,SMTP,832,2.89,3,NO,KUMASI
4230,4231,2026-03-09 08:45:00,VLan20,Finance,Server,HTTPS,267,1.79,14,NO,TAKORADI
4231,4232,2026-01-19 06:06:00,VLan20,Finance,Mobile,DNS,563,2.38,7,NO,Tamale
4232,4233,2026-04-13 21:20:00,VLan10,HR,Desktop,SMTP,276,1.36,2,NO,Tamale
4233,4234,2026-03-20 09:27:00,VLan20,Finance,Server,HTTP,603,4.85,7,NO,Tamale
4234,4235,2026-02-21 11:10:00,VLan40,Sales,Mobile,DNS,579,2.24,5,NO,KUMASI
4235,4236,2026-01-15 20:54:00,VLan30,IT,Router,DNS,684,2.5,9,NO,Tamale
4236,4237,2026-02-01 00:29:00,VLan10,HR,Desktop,DNS,603,4.82,12,NO,TAKORADI
4237,4238,2026-03-08 17:19:00,VLan40,Sales,Laptop,HTTPS,530,3.23,7,NO,TEMA
4238,4239,2026-02-03 08:19:00,VLan40,Sales,Server,HTTPS,348,0.78,10,NO,ACCRA
4239,4240,2026-03-21 15:51:00,VLan10,HR,Server,SMTP,202,0.52,5,NO,Tamale
4240,4241,2026-02-18 22:28:00,VLan40,Sales,Router,DNS,104,2.36,6,NO,KUMASI
4241,4242,2026-01-29 23:09:00,VLan20,Finance,Router,FTP,654,4.83,7,NO,TAKORADI
4242,4243,2026-03-15 23:00:00,VLan20,Finance,Server,HTTPS,181,4.6,15,NO,ACCRA
4243,4244,2026-02-18 10:00:00,VLan20,Finance,Server,FTP,542,1.98,5,NO,Tamale
4244,4245,2026-01-04 12:12:00,VLan10,HR,Laptop,HTTP,537,2.43,14,NO,TEMA
4245,4246,2026-04-12 04:50:00,VLan30,IT,Desktop,DNS,1036,2.94,11,NO,KUMASI
4246,4247,2026-03-28 07:21:00,VLan10,HR,Router,HTTP,556,3.72,1,NO,Tamale
4247,4248,2026-03-12 23:18:00,VLan10,HR,Router,SMTP,604,4.97,13,NO,ACCRA
4248,4249,2026-03-25 04:37:00,VLan20,Finance,Desktop,FTP,647,4.29,7,NO,TAKORADI
4249,4250,2026-04-22 12:31:00,VLan30,IT,Mobile,DNS,1053,4.86,6,NO,Tamale
4250,4251,2026-02-26 07:05:00,VLan10,HR,Router,FTP,600,4.12,6,NO,TEMA
4251,4252,2026-04-17 02:59:00,VLan40,Sales,Router,HTTPS,381,0.49,11,NO,TEMA
4252,4253,2026-04-17 12:04:00,VLan10,HR,Server,HTTPS,684,1.15,3,NO,KUMASI
4253,4254,2026-03-25 21:29:00,VLan10,HR,Desktop,FTP,699,1.09,3,NO,KUMASI
4254,4255,2026-04-08 08:55:00,VLan30,IT,Router,FTP,956,4.78,6,YES,ACCRA
4255,4256,2026-02-15 19:52:00,VLan30,IT,Router,SSH,782,4.83,0,NO,Tamale
4256,4257,2026-04-05 06:33:00,VLan10,HR,Server,DNS,655,4.69,6,NO,TAKORADI
4257,4258,2026-03-11 04:28:00,VLan20,Finance,Server,SMTP,130,3.8,6,NO,KUMASI
4258,4259,2026-02-12 21:56:00,VLan30,IT,Desktop,SSH,1149,2.88,13,YES,TAKORADI
4259,4260,2026-02-18 07:34:00,VLan20,Finance,Laptop,SSH,255,3.74,3,NO,TEMA
4260,4261,2026-01-12 20:07:00,VLan20,Finance,Server,SMTP,298,2.52,4,NO,Tamale
4261,4262,2026-02-24 11:44:00,VLan10,HR,Router,SMTP,302,1.99,5,NO,TEMA
4262,4263,2026-03-31 16:20:00,VLan30,IT,Desktop,DNS,973,2.14,15,NO,ACCRA
4263,4264,2026-01-06 20:25:00,VLan40,Sales,Server,DNS,601,2.86,1,NO,ACCRA
4264,4265,2026-03-02 09:13:00,VLan20,Finance,Server,SMTP,301,0.34,6,NO,KUMASI
4265,4266,2026-01-11 03:05:00,VLan10,HR,Router,HTTP,287,4.38,4,NO,KUMASI
4266,4267,2026-01-13 02:57:00,VLan20,Finance,Mobile,HTTP,159,2.23,0,NO,Tamale
4267,4268,2026-04-17 00:19:00,VLan30,IT,Desktop,HTTP,639,0.82,10,NO,KUMASI
4268,4269,2026-04-12 21:46:00,VLan20,Finance,Router,SSH,125,4.97,11,NO,TEMA
4269,4270,2026-03-13 19:29:00,VLan30,IT,Laptop,SMTP,533,2.22,10,NO,ACCRA
4270,4271,2026-02-07 04:34:00,VLan20,Finance,Server,SSH,357,4.74,2,NO,ACCRA
4271,4272,2026-04-27 19:04:00,VLan10,HR,Router,SMTP,295,1.87,0,NO,TAKORADI
4272,4273,2026-02-15 13:57:00,VLan40,Sales,Laptop,SSH,316,4.29,9,NO,Tamale
4273,4274,2026-03-04 15:09:00,VLan20,Finance,Desktop,HTTPS,233,4.66,3,NO,TEMA
4274,4275,2026-03-04 10:19:00,VLan20,Finance,Laptop,HTTP,339,1.61,0,NO,TEMA
4275,4276,2026-02-03 17:52:00,VLan10,HR,Mobile,SSH,446,0.02,4,NO,KUMASI
4276,4277,2026-01-16 12:34:00,VLan40,Sales,Mobile,HTTPS,513,0.81,12,NO,Tamale
4277,4278,2026-04-13 06:24:00,VLan40,Sales,Mobile,SSH,372,2.45,13,NO,TEMA
4278,4279,2026-04-14 07:19:00,VLan40,Sales,Router,HTTPS,504,3.01,3,NO,Tamale
4279,4280,2026-03-24 14:10:00,VLan30,IT,Mobile,FTP,548,3.43,15,NO,TAKORADI
4280,4281,2026-03-27 22:59:00,VLan20,Finance,Mobile,SMTP,360,4.52,12,NO,KUMASI
4281,4282,2026-02-21 13:36:00,VLan10,HR,Router,HTTPS,431,4.99,4,NO,Tamale
4282,4283,2026-02-02 04:32:00,VLan20,Finance,Laptop,SSH,610,1.95,3,NO,Tamale
4283,4284,2026-04-08 01:16:00,VLan10,HR,Server,DNS,164,1.31,14,NO,Tamale
4284,4285,2026-03-06 22:55:00,VLan20,Finance,Router,SSH,625,2.95,1,NO,TEMA
4285,4286,2026-03-20 03:10:00,VLan20,Finance,Server,HTTPS,660,3.91,13,NO,KUMASI
4286,4287,2026-01-31 17:57:00,VLan40,Sales,Laptop,SSH,676,1.48,14,NO,ACCRA
4287,4288,2026-03-04 01:02:00,VLan20,Finance,Laptop,FTP,363,2.73,13,NO,Tamale
4288,4289,2026-04-20 18:59:00,VLan20,Finance,Mobile,HTTPS,176,3.39,4,NO,KUMASI
4289,4290,2026-03-05 12:45:00,VLan30,IT,Router,DNS,603,0.27,4,NO,KUMASI
4290,4291,2026-01-28 07:30:00,VLan40,Sales,Desktop,SMTP,685,3.52,4,NO,TAKORADI
4291,4292,2026-03-13 00:36:00,VLan20,Finance,Router,SMTP,583,2.61,4,NO,KUMASI
4292,4293,2026-03-30 18:43:00,VLan40,Sales,Desktop,SMTP,217,2.15,15,NO,TEMA
4293,4294,2026-04-07 14:36:00,VLan20,Finance,Mobile,DNS,449,3.07,13,NO,KUMASI
4294,4295,2026-03-13 17:23:00,VLan30,IT,Desktop,FTP,916,3.68,1,YES,ACCRA
4295,4296,2026-02-09 20:43:00,VLan40,Sales,Mobile,FTP,342,2.72,5,NO,TAKORADI
4296,4297,2026-04-22 02:21:00,VLan40,Sales,Laptop,HTTPS,386,2.6,12,NO,Tamale
4297,4298,2026-02-22 22:42:00,VLan30,IT,Mobile,SMTP,1094,2.79,11,NO,TAKORADI
4298,4299,2026-03-16 19:07:00,VLan40,Sales,Server,SSH,147,1.9,4,NO,ACCRA
4299,4300,2026-03-19 20:38:00,VLan10,HR,Server,SSH,395,0.39,12,NO,ACCRA
4300,4301,2026-01-25 03:59:00,VLan40,Sales,Desktop,SSH,344,1.85,5,NO,TEMA
4301,4302,2026-03-02 02:03:00,VLan40,Sales,Mobile,DNS,532,1.77,3,NO,Tamale
4302,4303,2026-04-08 09:51:00,VLan40,Sales,Router,SMTP,341,3.93,5,NO,TEMA
4303,4304,2026-04-27 21:06:00,VLan20,Finance,Desktop,SMTP,225,3.08,3,NO,TEMA
4304,4305,2026-02-07 13:30:00,VLan30,IT,Router,HTTP,1006,1.3,5,NO,Tamale
4305,4306,2026-03-24 07:06:00,VLan30,IT,Server,HTTPS,532,0.86,1,NO,KUMASI
4306,4307,2026-04-10 19:00:00,VLan40,Sales,Server,SMTP,195,4.24,4,NO,KUMASI
4307,4308,2026-03-16 23:16:00,VLan10,HR,Mobile,HTTPS,116,1.64,8,NO,ACCRA
4308,4309,2026-02-26 11:39:00,VLan30,IT,Desktop,FTP,1082,2.04,2,YES,Tamale
4309,4310,2026-04-19 23:39:00,VLan40,Sales,Laptop,SMTP,413,0.36,8,NO,ACCRA
4310,4311,2026-01-18 18:58:00,VLan20,Finance,Server,FTP,391,2.06,15,NO,TEMA
4311,4312,2026-03-29 11:03:00,VLan30,IT,Router,HTTPS,672,3.36,2,NO,TEMA
4312,4313,2026-02-26 03:31:00,VLan40,Sales,Mobile,HTTPS,330,0.07,12,NO,Tamale
4313,4314,2026-01-24 22:12:00,VLan40,Sales,Mobile,DNS,455,3.2,10,NO,ACCRA
4314,4315,2026-04-06 06:48:00,VLan40,Sales,Desktop,HTTP,114,0.8,3,NO,KUMASI
4315,4316,2026-01-07 10:17:00,VLan20,Finance,Router,SSH,189,4.14,6,NO,TAKORADI
4316,4317,2026-03-24 18:20:00,VLan20,Finance,Mobile,SSH,455,2.39,3,NO,ACCRA
4317,4318,2026-01-20 12:38:00,VLan20,Finance,Desktop,HTTP,179,0.4,5,NO,TAKORADI
4318,4319,2026-04-08 14:13:00,VLan40,Sales,Laptop,SSH,465,2.71,3,NO,TAKORADI
4319,4320,2026-02-07 04:39:00,VLan20,Finance,Desktop,DNS,563,4.18,15,NO,Tamale
4320,4321,2026-02-11 02:18:00,VLan20,Finance,Router,HTTP,252,1.46,1,NO,KUMASI
4321,4322,2026-03-03 04:14:00,VLan30,IT,Desktop,SSH,1106,2.39,9,YES,ACCRA
4322,4323,2026-01-11 23:55:00,VLan40,Sales,Desktop,SSH,585,0.03,11,NO,KUMASI
4323,4324,2026-02-06 14:41:00,VLan30,IT,Desktop,HTTPS,813,1.15,3,NO,Tamale
4324,4325,2026-01-19 21:04:00,VLan10,HR,Mobile,SMTP,436,4.43,2,NO,KUMASI
4325,4326,2026-01-19 20:39:00,VLan20,Finance,Router,FTP,315,0.28,9,NO,KUMASI
4326,4327,2026-02-05 14:04:00,VLan10,HR,Mobile,HTTPS,692,2.8,10,NO,KUMASI
4327,4328,2026-04-29 21:39:00,VLan10,HR,Router,SSH,475,1.26,14,NO,KUMASI
4328,4329,2026-01-19 19:30:00,VLan40,Sales,Desktop,DNS,661,4.46,8,NO,KUMASI
4329,4330,2026-03-18 06:42:00,VLan20,Finance,Router,HTTP,578,3.47,0,NO,Tamale
4330,4331,2026-03-05 13:22:00,VLan40,Sales,Desktop,HTTPS,294,4.73,8,NO,Tamale
4331,4332,2026-01-26 13:44:00,VLan30,IT,Desktop,DNS,1140,4.16,12,NO,TEMA
4332,4333,2026-01-30 07:15:00,VLan10,HR,Mobile,SMTP,336,1.62,10,NO,TAKORADI
4333,4334,2026-01-03 23:42:00,VLan30,IT,Router,HTTP,1070,4.89,6,NO,ACCRA
4334,4335,2026-04-27 04:50:00,VLan40,Sales,Laptop,FTP,169,2.98,0,NO,TAKORADI
4335,4336,2026-03-03 03:00:00,VLan20,Finance,Mobile,HTTP,213,3.07,15,NO,TEMA
4336,4337,2026-02-03 05:57:00,VLan20,Finance,Server,HTTPS,308,4.71,5,NO,ACCRA
4337,4338,2026-04-12 03:51:00,VLan10,HR,Desktop,DNS,104,0.53,11,NO,TAKORADI
4338,4339,2026-02-27 15:35:00,VLan20,Finance,Mobile,HTTPS,428,2.0,4,NO,TEMA
4339,4340,2026-04-13 20:47:00,VLan10,HR,Server,FTP,435,3.57,3,NO,TEMA
4340,4341,2026-02-10 00:35:00,VLan20,Finance,Laptop,SMTP,271,1.31,14,NO,TAKORADI
4341,4342,2026-02-10 14:19:00,VLan10,HR,Server,HTTPS,505,2.56,2,NO,Tamale
4342,4343,2026-04-03 16:08:00,VLan10,HR,Router,HTTPS,181,3.6,9,NO,TEMA
4343,4344,2026-02-11 11:30:00,VLan20,Finance,Laptop,HTTPS,455,0.48,7,NO,Tamale
4344,4345,2026-02-22 20:10:00,VLan30,IT,Router,SMTP,848,2.86,4,NO,Tamale
4345,4346,2026-02-14 01:54:00,VLan20,Finance,Router,FTP,307,2.39,1,NO,ACCRA
4346,4347,2026-03-24 10:35:00,VLan40,Sales,Router,HTTPS,420,0.3,5,NO,Tamale
4347,4348,2026-02-14 14:42:00,VLan10,HR,Laptop,FTP,333,1.47,2,NO,TEMA
4348,4349,2026-01-12 17:44:00,VLan30,IT,Desktop,HTTP,1018,2.3,1,NO,Tamale
4349,4350,2026-02-20 18:43:00,VLan10,HR,Router,SSH,204,2.47,11,NO,TEMA
4350,4351,2026-04-30 19:29:00,VLan20,Finance,Server,HTTPS,472,0.8,10,NO,KUMASI
4351,4352,2026-01-06 02:46:00,VLan30,IT,Server,FTP,551,1.9,14,NO,TAKORADI
4352,4353,2026-02-08 02:26:00,VLan20,Finance,Server,FTP,127,4.19,8,NO,Tamale
4353,4354,2026-03-26 19:06:00,VLan20,Finance,Mobile,SMTP,698,3.61,11,NO,TAKORADI
4354,4355,2026-01-13 20:26:00,VLan10,HR,Server,HTTP,135,4.7,15,NO,ACCRA
4355,4356,2026-01-24 11:12:00,VLan40,Sales,Router,DNS,172,0.68,14,NO,KUMASI
4356,4357,2026-01-15 04:45:00,VLan20,Finance,Desktop,HTTPS,473,3.14,11,NO,KUMASI
4357,4358,2026-03-08 07:22:00,VLan10,HR,Server,FTP,632,2.84,15,NO,KUMASI
4358,4359,2026-01-30 08:14:00,VLan40,Sales,Desktop,SMTP,132,0.86,2,NO,TAKORADI
4359,4360,2026-01-21 06:48:00,VLan10,HR,Server,SMTP,233,2.92,3,NO,ACCRA
4360,4361,2026-03-22 20:10:00,VLan20,Finance,Laptop,SMTP,413,2.91,3,NO,ACCRA
4361,4362,2026-02-07 01:56:00,VLan30,IT,Server,HTTP,656,2.47,12,NO,TEMA
4362,4363,2026-04-11 14:04:00,VLan40,Sales,Laptop,FTP,653,1.32,5,NO,ACCRA
4363,4364,2026-03-03 22:26:00,VLan30,IT,Mobile,HTTP,844,1.53,13,NO,Tamale
4364,4365,2026-04-10 21:38:00,VLan30,IT,Mobile,HTTP,530,0.33,9,NO,ACCRA
4365,4366,2026-03-01 17:35:00,VLan20,Finance,Desktop,DNS,584,1.44,0,NO,TAKORADI
4366,4367,2026-04-27 09:32:00,VLan20,Finance,Server,SMTP,379,1.68,10,NO,Tamale
4367,4368,2026-03-29 20:39:00,VLan30,IT,Laptop,SSH,697,0.55,6,NO,KUMASI
4368,4369,2026-03-24 22:18:00,VLan10,HR,Laptop,DNS,536,1.62,15,NO,ACCRA
4369,4370,2026-02-16 05:16:00,VLan20,Finance,Mobile,HTTPS,415,1.07,3,NO,KUMASI
4370,4371,2026-04-06 04:40:00,VLan20,Finance,Router,FTP,469,2.32,6,NO,Tamale
4371,4372,2026-04-01 01:29:00,VLan20,Finance,Server,DNS,252,0.77,15,NO,TAKORADI
4372,4373,2026-03-18 22:00:00,VLan20,Finance,Desktop,HTTPS,398,4.2,14,NO,TAKORADI
4373,4374,2026-03-21 17:33:00,VLan30,IT,Server,SMTP,749,4.49,4,NO,TAKORADI
4374,4375,2026-04-01 20:54:00,VLan30,IT,Mobile,FTP,824,3.68,12,NO,Tamale
4375,4376,2026-03-24 06:53:00,VLan30,IT,Server,DNS,693,2.31,3,NO,Tamale
4376,4377,2026-03-19 07:17:00,VLan10,HR,Desktop,FTP,345,4.21,12,NO,ACCRA
4377,4378,2026-03-11 17:09:00,VLan30,IT,Desktop,FTP,1000,0.36,11,YES,TAKORADI
4378,4379,2026-01-01 06:45:00,VLan30,IT,Laptop,HTTPS,545,2.21,6,NO,ACCRA
4379,4380,2026-02-25 11:19:00,VLan30,IT,Laptop,FTP,1026,1.74,9,YES,Tamale
4380,4381,2026-02-07 03:35:00,VLan10,HR,Server,DNS,254,4.85,4,NO,KUMASI
4381,4382,2026-03-14 04:02:00,VLan30,IT,Server,FTP,1087,2.37,6,YES,ACCRA
4382,4383,2026-02-20 19:00:00,VLan40,Sales,Router,DNS,278,0.57,12,NO,Tamale
4383,4384,2026-01-16 00:58:00,VLan30,IT,Server,SSH,1175,4.88,8,YES,TAKORADI
4384,4385,2026-04-26 00:25:00,VLan10,HR,Router,FTP,117,2.71,0,NO,ACCRA
4385,4386,2026-04-16 15:30:00,VLan40,Sales,Laptop,DNS,313,0.53,3,NO,TEMA
4386,4387,2026-03-23 15:49:00,VLan10,HR,Laptop,FTP,146,3.38,1,NO,ACCRA
4387,4388,2026-02-16 11:54:00,VLan30,IT,Desktop,HTTPS,1175,2.9,5,NO,TEMA
4388,4389,2026-03-20 04:40:00,VLan20,Finance,Mobile,DNS,215,3.65,11,NO,ACCRA
4389,4390,2026-02-15 08:31:00,VLan40,Sales,Router,FTP,459,1.43,13,NO,Tamale
4390,4391,2026-01-28 06:22:00,VLan10,HR,Router,FTP,208,4.6,14,NO,Tamale
4391,4392,2026-04-17 09:18:00,VLan40,Sales,Laptop,HTTP,657,3.96,5,NO,TAKORADI
4392,4393,2026-01-17 00:21:00,VLan30,IT,Laptop,DNS,921,0.1,2,NO,KUMASI
4393,4394,2026-02-05 11:55:00,VLan30,IT,Laptop,HTTPS,579,1.67,1,NO,TAKORADI
4394,4395,2026-02-25 12:58:00,VLan10,HR,Mobile,HTTP,245,2.05,12,NO,KUMASI
4395,4396,2026-03-01 21:06:00,VLan40,Sales,Router,HTTP,265,0.23,6,NO,ACCRA
4396,4397,2026-01-11 12:17:00,VLan10,HR,Server,HTTPS,151,4.84,12,NO,TEMA
4397,4398,2026-01-24 16:08:00,VLan30,IT,Mobile,HTTP,839,3.2,2,NO,TEMA
4398,4399,2026-02-03 07:13:00,VLan10,HR,Router,FTP,247,1.31,7,NO,KUMASI
4399,4400,2026-02-22 10:02:00,VLan10,HR,Router,FTP,297,1.95,13,NO,Tamale
4400,4401,2026-02-16 14:57:00,VLan40,Sales,Desktop,FTP,420,1.56,15,NO,KUMASI
4401,4402,2026-03-16 21:50:00,VLan20,Finance,Desktop,HTTPS,472,0.04,13,NO,TAKORADI
4402,4403,2026-04-02 07:07:00,VLan10,HR,Server,HTTPS,515,3.8,10,NO,ACCRA
4403,4404,2026-03-07 02:37:00,VLan30,IT,Router,HTTPS,622,0.83,7,NO,Tamale
4404,4405,2026-01-30 11:58:00,VLan40,Sales,Mobile,HTTP,593,4.13,8,NO,KUMASI
4405,4406,2026-02-28 15:47:00,VLan20,Finance,Desktop,DNS,296,1.2,10,NO,KUMASI
4406,4407,2026-01-09 16:55:00,VLan20,Finance,Laptop,SSH,646,3.62,3,NO,TEMA
4407,4408,2026-03-20 09:56:00,VLan40,Sales,Server,FTP,519,1.89,13,NO,TAKORADI
4408,4409,2026-01-04 06:05:00,VLan40,Sales,Server,HTTP,698,2.49,14,NO,Tamale
4409,4410,2026-03-17 15:44:00,VLan20,Finance,Mobile,SSH,234,0.6,12,NO,TEMA
4410,4411,2026-01-22 09:15:00,VLan10,HR,Router,HTTPS,466,2.46,13,NO,TAKORADI
4411,4412,2026-02-17 04:37:00,VLan40,Sales,Mobile,DNS,650,1.03,10,NO,TAKORADI
4412,4413,2026-03-11 20:39:00,VLan30,IT,Server,SMTP,1166,1.33,13,NO,ACCRA
4413,4414,2026-04-23 17:57:00,VLan10,HR,Router,HTTP,266,2.19,6,NO,ACCRA
4414,4415,2026-01-23 13:55:00,VLan30,IT,Laptop,SMTP,660,4.39,12,NO,TEMA
4415,4416,2026-03-17 07:00:00,VLan30,IT,Laptop,SSH,687,3.8,13,NO,ACCRA
4416,4417,2026-03-01 03:47:00,VLan40,Sales,Router,FTP,169,2.87,15,NO,TAKORADI
4417,4418,2026-03-30 13:51:00,VLan30,IT,Laptop,DNS,632,1.43,13,NO,Tamale
4418,4419,2026-02-09 20:16:00,VLan10,HR,Desktop,SMTP,260,1.85,15,NO,TAKORADI
4419,4420,2026-01-03 04:55:00,VLan30,IT,Laptop,SMTP,1184,1.41,7,NO,TAKORADI
4420,4421,2026-04-05 11:50:00,VLan10,HR,Server,SMTP,110,1.05,2,NO,Tamale
4421,4422,2026-03-06 23:16:00,VLan10,HR,Laptop,HTTP,118,4.61,3,NO,ACCRA
4422,4423,2026-03-08 03:43:00,VLan40,Sales,Desktop,HTTP,278,2.43,3,NO,KUMASI
4423,4424,2026-02-21 17:44:00,VLan20,Finance,Desktop,FTP,598,0.38,10,NO,TEMA
4424,4425,2026-04-22 15:23:00,VLan40,Sales,Desktop,HTTPS,571,4.81,6,NO,TEMA
4425,4426,2026-02-15 07:21:00,VLan10,HR,Laptop,SSH,523,1.98,1,NO,KUMASI
4426,4427,2026-01-24 19:38:00,VLan10,HR,Laptop,SMTP,410,1.1,6,NO,TAKORADI
4427,4428,2026-02-28 16:10:00,VLan10,HR,Server,FTP,165,3.83,0,NO,TAKORADI
4428,4429,2026-04-21 06:28:00,VLan30,IT,Desktop,SSH,1017,2.1,15,YES,Tamale
4429,4430,2026-04-26 01:21:00,VLan20,Finance,Server,SMTP,537,3.06,9,NO,TEMA
4430,4431,2026-03-01 08:01:00,VLan40,Sales,Laptop,FTP,217,1.12,6,NO,TAKORADI
4431,4432,2026-03-30 08:04:00,VLan40,Sales,Mobile,SMTP,116,2.32,12,NO,TAKORADI
4432,4433,2026-04-30 16:36:00,VLan20,Finance,Server,FTP,398,3.45,8,NO,TEMA
4433,4434,2026-02-22 00:37:00,VLan40,Sales,Desktop,HTTPS,302,1.57,5,NO,TEMA
4434,4435,2026-02-25 10:39:00,VLan10,HR,Mobile,SSH,639,2.49,14,NO,Tamale
4435,4436,2026-01-12 15:55:00,VLan20,Finance,Laptop,HTTP,148,0.95,12,NO,ACCRA
4436,4437,2026-01-02 11:10:00,VLan20,Finance,Mobile,SMTP,516,4.34,7,NO,TAKORADI
4437,4438,2026-01-27 05:26:00,VLan30,IT,Laptop,HTTP,623,3.6,6,NO,TAKORADI
4438,4439,2026-02-24 14:24:00,VLan10,HR,Desktop,SMTP,128,0.79,10,NO,TEMA
4439,4440,2026-02-23 08:05:00,VLan20,Finance,Mobile,FTP,530,1.45,1,NO,ACCRA
4440,4441,2026-01-10 02:18:00,VLan30,IT,Mobile,HTTPS,626,4.26,2,NO,Tamale
4441,4442,2026-01-15 17:15:00,VLan20,Finance,Server,HTTPS,670,1.69,1,NO,TAKORADI
4442,4443,2026-01-15 20:59:00,VLan30,IT,Server,HTTP,597,0.32,2,NO,TAKORADI
4443,4444,2026-01-05 21:56:00,VLan40,Sales,Router,FTP,686,1.86,14,NO,Tamale
4444,4445,2026-04-15 01:22:00,VLan30,IT,Router,SSH,633,1.16,14,NO,TAKORADI
4445,4446,2026-04-11 22:46:00,VLan10,HR,Router,FTP,564,2.07,15,NO,ACCRA
4446,4447,2026-03-31 12:35:00,VLan40,Sales,Router,DNS,162,1.01,5,NO,TEMA
4447,4448,2026-02-20 05:26:00,VLan20,Finance,Laptop,HTTPS,169,4.21,4,NO,TEMA
4448,4449,2026-02-28 14:04:00,VLan30,IT,Server,FTP,845,4.27,12,NO,ACCRA
4449,4450,2026-04-01 01:39:00,VLan20,Finance,Laptop,HTTP,647,3.66,8,NO,Tamale
4450,4451,2026-04-12 06:51:00,VLan20,Finance,Desktop,DNS,547,4.07,9,NO,TEMA
4451,4452,2026-03-03 08:23:00,VLan40,Sales,Desktop,SMTP,188,1.76,2,NO,ACCRA
4452,4453,2026-03-27 18:37:00,VLan30,IT,Desktop,SMTP,902,2.65,10,NO,ACCRA
4453,4454,2026-04-03 04:46:00,VLan20,Finance,Server,HTTPS,428,1.38,3,NO,ACCRA
4454,4455,2026-01-15 18:27:00,VLan40,Sales,Server,SMTP,584,4.49,3,NO,ACCRA
4455,4456,2026-04-27 04:56:00,VLan10,HR,Laptop,HTTPS,685,3.12,12,NO,ACCRA
4456,4457,2026-03-02 19:47:00,VLan10,HR,Server,HTTP,345,1.72,10,NO,ACCRA
4457,4458,2026-03-16 09:09:00,VLan10,HR,Desktop,HTTP,386,2.88,14,NO,Tamale
4458,4459,2026-03-12 02:37:00,VLan20,Finance,Router,HTTPS,277,1.87,13,NO,TAKORADI
4459,4460,2026-02-19 12:24:00,VLan40,Sales,Mobile,SSH,655,0.29,4,NO,TAKORADI
4460,4461,2026-01-29 13:20:00,VLan20,Finance,Laptop,HTTP,269,0.62,13,NO,ACCRA
4461,4462,2026-02-28 23:29:00,VLan10,HR,Laptop,SSH,410,1.36,8,NO,Tamale
4462,4463,2026-02-19 22:54:00,VLan30,IT,Laptop,HTTPS,700,1.28,2,NO,ACCRA
4463,4464,2026-03-29 05:52:00,VLan10,HR,Server,HTTPS,153,4.46,6,NO,KUMASI
4464,4465,2026-02-27 06:33:00,VLan40,Sales,Mobile,HTTP,611,3.45,2,NO,TAKORADI
4465,4466,2026-03-14 15:19:00,VLan10,HR,Mobile,HTTP,268,2.93,0,NO,ACCRA
4466,4467,2026-02-17 18:40:00,VLan30,IT,Desktop,HTTPS,932,4.9,6,NO,KUMASI
4467,4468,2026-04-16 09:17:00,VLan20,Finance,Router,SSH,319,4.56,5,NO,TAKORADI
4468,4469,2026-02-04 10:03:00,VLan20,Finance,Desktop,HTTPS,203,1.19,0,NO,KUMASI
4469,4470,2026-02-24 18:44:00,VLan10,HR,Mobile,HTTP,379,0.18,3,NO,KUMASI
4470,4471,2026-03-05 12:02:00,VLan40,Sales,Server,HTTPS,191,1.12,14,NO,ACCRA
4471,4472,2026-03-25 18:25:00,VLan20,Finance,Mobile,DNS,520,4.97,11,NO,KUMASI
4472,4473,2026-03-01 18:31:00,VLan40,Sales,Mobile,HTTP,161,0.61,6,NO,Tamale
4473,4474,2026-01-10 03:29:00,VLan30,IT,Router,SSH,730,0.73,11,NO,KUMASI
4474,4475,2026-02-24 10:13:00,VLan40,Sales,Router,DNS,462,2.8,13,NO,ACCRA
4475,4476,2026-01-20 10:52:00,VLan20,Finance,Router,FTP,376,4.15,0,NO,TAKORADI
4476,4477,2026-04-25 14:14:00,VLan30,IT,Laptop,HTTPS,1176,3.0,12,NO,TAKORADI
4477,4478,2026-02-19 14:03:00,VLan40,Sales,Router,HTTPS,184,0.07,15,NO,TAKORADI
4478,4479,2026-03-23 01:41:00,VLan20,Finance,Server,SSH,237,0.92,11,NO,TEMA
4479,4480,2026-01-13 06:23:00,VLan10,HR,Router,HTTP,278,3.01,5,NO,ACCRA
4480,4481,2026-02-28 02:26:00,VLan40,Sales,Server,DNS,604,4.78,7,NO,Tamale
4481,4482,2026-01-24 22:54:00,VLan40,Sales,Server,DNS,168,2.72,13,NO,Tamale
4482,4483,2026-01-15 18:56:00,VLan30,IT,Mobile,DNS,1061,3.6,4,NO,KUMASI
4483,4484,2026-04-26 15:04:00,VLan30,IT,Server,HTTPS,893,3.35,5,NO,TAKORADI
4484,4485,2026-04-03 09:58:00,VLan20,Finance,Desktop,HTTP,516,4.38,0,NO,KUMASI
4485,4486,2026-03-08 22:45:00,VLan20,Finance,Laptop,SSH,331,3.05,3,NO,ACCRA
4486,4487,2026-01-10 16:21:00,VLan10,HR,Desktop,SMTP,319,4.65,7,NO,KUMASI
4487,4488,2026-02-08 03:02:00,VLan30,IT,Desktop,SSH,980,3.15,10,YES,Tamale
4488,4489,2026-01-28 12:23:00,VLan10,HR,Router,DNS,254,2.9,0,NO,KUMASI
4489,4490,2026-02-12 08:00:00,VLan20,Finance,Server,FTP,498,2.47,9,NO,ACCRA
4490,4491,2026-03-12 08:30:00,VLan30,IT,Mobile,SMTP,666,1.73,14,NO,KUMASI
4491,4492,2026-04-16 09:18:00,VLan20,Finance,Mobile,SSH,448,1.48,4,NO,ACCRA
4492,4493,2026-03-27 10:21:00,VLan30,IT,Server,HTTP,542,3.37,6,NO,Tamale
4493,4494,2026-04-20 12:47:00,VLan10,HR,Mobile,FTP,138,1.37,1,NO,Tamale
4494,4495,2026-04-04 22:40:00,VLan10,HR,Server,FTP,696,1.35,7,NO,Tamale
4495,4496,2026-02-10 13:41:00,VLan20,Finance,Desktop,SMTP,457,4.49,13,NO,ACCRA
4496,4497,2026-01-27 09:28:00,VLan30,IT,Server,HTTP,533,2.18,5,NO,TAKORADI
4497,4498,2026-04-11 17:11:00,VLan20,Finance,Laptop,DNS,227,1.24,1,NO,TEMA
4498,4499,2026-04-15 12:47:00,VLan10,HR,Laptop,FTP,290,3.06,2,NO,TEMA
4499,4500,2026-03-10 22:56:00,VLan20,Finance,Router,FTP,642,4.76,8,NO,TAKORADI
4500,4501,2026-01-23 00:56:00,VLan30,IT,Laptop,HTTPS,1043,4.39,5,NO,ACCRA
4501,4502,2026-03-28 21:00:00,VLan40,Sales,Laptop,SSH,345,1.74,0,NO,KUMASI
4502,4503,2026-02-28 10:23:00,VLan30,IT,Desktop,HTTP,1038,1.23,12,NO,TAKORADI
4503,4504,2026-04-16 22:00:00,VLan10,HR,Router,HTTPS,678,2.84,6,NO,TAKORADI
4504,4505,2026-01-16 23:24:00,VLan30,IT,Server,SMTP,534,4.51,5,NO,TAKORADI
4505,4506,2026-01-07 06:15:00,VLan30,IT,Mobile,DNS,1152,2.48,7,NO,TEMA
4506,4507,2026-04-18 23:33:00,VLan40,Sales,Server,FTP,634,3.39,12,NO,KUMASI
4507,4508,2026-02-19 17:03:00,VLan10,HR,Laptop,DNS,489,4.11,12,NO,TEMA
4508,4509,2026-04-13 05:43:00,VLan30,IT,Server,HTTPS,861,3.58,15,NO,TAKORADI
4509,4510,2026-02-24 20:11:00,VLan30,IT,Desktop,DNS,1111,4.04,14,NO,Tamale
4510,4511,2026-02-20 16:58:00,VLan20,Finance,Desktop,SMTP,585,2.81,13,NO,TEMA
4511,4512,2026-04-27 15:03:00,VLan20,Finance,Router,FTP,174,3.92,12,NO,ACCRA
4512,4513,2026-04-05 14:01:00,VLan30,IT,Desktop,SSH,1133,0.8,8,YES,Tamale
4513,4514,2026-04-07 05:49:00,VLan10,HR,Mobile,HTTPS,389,3.38,8,NO,Tamale
4514,4515,2026-01-13 06:07:00,VLan20,Finance,Router,HTTPS,378,0.81,0,NO,TEMA
4515,4516,2026-01-10 16:08:00,VLan30,IT,Server,HTTPS,1193,3.43,14,NO,Tamale
4516,4517,2026-04-24 06:40:00,VLan10,HR,Mobile,HTTPS,580,3.61,7,NO,TAKORADI
4517,4518,2026-03-07 20:28:00,VLan40,Sales,Desktop,DNS,164,3.52,2,NO,ACCRA
4518,4519,2026-03-03 07:35:00,VLan40,Sales,Router,HTTPS,331,1.79,8,NO,ACCRA
4519,4520,2026-01-22 06:36:00,VLan40,Sales,Desktop,SSH,357,3.98,8,NO,Tamale
4520,4521,2026-04-21 15:41:00,VLan30,IT,Desktop,SSH,1169,3.59,2,YES,TEMA
4521,4522,2026-02-12 17:08:00,VLan10,HR,Mobile,FTP,531,3.45,5,NO,KUMASI
4522,4523,2026-04-04 04:39:00,VLan10,HR,Server,SMTP,396,2.2,9,NO,KUMASI
4523,4524,2026-02-13 02:27:00,VLan10,HR,Server,SSH,574,1.02,2,NO,KUMASI
4524,4525,2026-02-14 04:45:00,VLan10,HR,Server,FTP,517,4.93,5,NO,TAKORADI
4525,4526,2026-01-12 00:44:00,VLan10,HR,Server,SSH,165,0.7,13,NO,TEMA
4526,4527,2026-04-15 13:38:00,VLan30,IT,Server,HTTP,711,0.66,8,NO,ACCRA
4527,4528,2026-01-30 12:48:00,VLan30,IT,Server,DNS,1001,1.25,12,NO,TAKORADI
4528,4529,2026-03-20 06:34:00,VLan40,Sales,Laptop,FTP,270,4.69,12,NO,TAKORADI
4529,4530,2026-04-02 16:06:00,VLan30,IT,Laptop,SMTP,1098,3.76,14,NO,Tamale
4530,4531,2026-01-08 05:28:00,VLan30,IT,Server,SMTP,848,4.07,9,NO,TEMA
4531,4532,2026-02-07 23:11:00,VLan40,Sales,Desktop,SMTP,419,1.21,5,NO,Tamale
4532,4533,2026-03-15 09:20:00,VLan30,IT,Laptop,DNS,771,3.97,10,NO,KUMASI
4533,4534,2026-01-13 17:39:00,VLan40,Sales,Desktop,HTTP,187,2.01,0,NO,KUMASI
4534,4535,2026-01-20 03:21:00,VLan10,HR,Mobile,HTTPS,171,2.81,14,NO,Tamale
4535,4536,2026-02-17 07:06:00,VLan10,HR,Desktop,SSH,629,4.89,7,NO,TAKORADI
4536,4537,2026-04-13 02:18:00,VLan20,Finance,Mobile,DNS,623,4.1,13,NO,TAKORADI
4537,4538,2026-03-02 13:56:00,VLan30,IT,Laptop,SMTP,1039,4.82,9,NO,ACCRA
4538,4539,2026-03-25 15:41:00,VLan30,IT,Laptop,FTP,825,2.67,13,NO,TEMA
4539,4540,2026-02-26 01:52:00,VLan10,HR,Router,HTTPS,183,2.64,2,NO,TEMA
4540,4541,2026-01-08 12:24:00,VLan40,Sales,Router,DNS,525,0.34,7,NO,TAKORADI
4541,4542,2026-03-05 17:18:00,VLan40,Sales,Desktop,SSH,129,0.47,11,NO,TAKORADI
4542,4543,2026-04-13 18:23:00,VLan20,Finance,Server,HTTP,329,3.53,1,NO,TAKORADI
4543,4544,2026-01-28 18:29:00,VLan10,HR,Router,HTTPS,650,2.45,11,NO,KUMASI
4544,4545,2026-01-11 17:23:00,VLan20,Finance,Server,SSH,225,0.63,15,NO,TAKORADI
4545,4546,2026-03-24 13:33:00,VLan30,IT,Laptop,SMTP,1003,3.45,3,NO,TAKORADI
4546,4547,2026-04-25 07:01:00,VLan20,Finance,Server,DNS,487,3.31,6,NO,TEMA
4547,4548,2026-04-03 00:27:00,VLan40,Sales,Laptop,DNS,341,2.37,0,NO,TEMA
4548,4549,2026-01-25 15:29:00,VLan40,Sales,Desktop,DNS,449,4.12,13,NO,Tamale
4549,4550,2026-01-23 18:36:00,VLan10,HR,Router,DNS,366,2.63,0,NO,ACCRA
4550,4551,2026-03-23 21:45:00,VLan30,IT,Server,SSH,999,3.18,8,YES,TEMA
4551,4552,2026-03-17 05:37:00,VLan20,Finance,Laptop,SMTP,253,0.86,11,NO,TEMA
4552,4553,2026-03-11 04:26:00,VLan10,HR,Server,HTTP,502,0.58,8,NO,TAKORADI
4553,4554,2026-02-08 13:55:00,VLan20,Finance,Router,SSH,519,1.92,3,NO,ACCRA
4554,4555,2026-02-25 17:31:00,VLan20,Finance,Mobile,HTTP,355,4.36,8,NO,TEMA
4555,4556,2026-03-13 21:09:00,VLan30,IT,Desktop,DNS,648,4.52,10,NO,TAKORADI
4556,4557,2026-02-21 01:35:00,VLan40,Sales,Desktop,HTTPS,275,4.67,12,NO,TAKORADI
4557,4558,2026-02-06 18:22:00,VLan10,HR,Desktop,DNS,437,3.67,15,NO,ACCRA
4558,4559,2026-04-14 05:40:00,VLan40,Sales,Mobile,SMTP,295,1.11,9,NO,KUMASI
4559,4560,2026-01-26 23:48:00,VLan30,IT,Desktop,HTTPS,566,3.98,5,NO,Tamale
4560,4561,2026-01-14 22:18:00,VLan10,HR,Router,HTTP,223,2.7,6,NO,Tamale
4561,4562,2026-04-10 03:15:00,VLan20,Finance,Server,FTP,178,3.5,4,NO,Tamale
4562,4563,2026-02-03 02:22:00,VLan30,IT,Desktop,SSH,963,2.82,0,YES,TAKORADI
4563,4564,2026-02-05 19:06:00,VLan20,Finance,Mobile,SSH,322,1.13,3,NO,KUMASI
4564,4565,2026-01-14 06:38:00,VLan20,Finance,Mobile,HTTPS,242,0.01,0,NO,Tamale
4565,4566,2026-04-04 09:06:00,VLan30,IT,Laptop,DNS,1018,3.1,10,NO,KUMASI
4566,4567,2026-03-30 09:53:00,VLan30,IT,Desktop,SMTP,1050,0.15,7,NO,TEMA
4567,4568,2026-03-07 15:00:00,VLan20,Finance,Router,SMTP,303,3.64,8,NO,ACCRA
4568,4569,2026-01-13 15:39:00,VLan40,Sales,Desktop,FTP,664,3.63,15,NO,KUMASI
4569,4570,2026-02-23 01:37:00,VLan10,HR,Desktop,DNS,171,4.4,9,NO,Tamale
4570,4571,2026-02-09 03:14:00,VLan40,Sales,Mobile,FTP,240,2.18,0,NO,TEMA
4571,4572,2026-03-24 05:29:00,VLan10,HR,Laptop,HTTP,276,0.86,2,NO,ACCRA
4572,4573,2026-04-24 09:50:00,VLan10,HR,Laptop,DNS,512,4.43,12,NO,ACCRA
4573,4574,2026-01-20 11:37:00,VLan40,Sales,Server,SMTP,246,3.15,13,NO,ACCRA
4574,4575,2026-02-18 04:52:00,VLan20,Finance,Laptop,SSH,528,1.26,0,NO,Tamale
4575,4576,2026-04-07 23:11:00,VLan10,HR,Server,SMTP,319,2.97,7,NO,TEMA
4576,4577,2026-04-19 06:03:00,VLan10,HR,Desktop,DNS,411,1.79,12,NO,ACCRA
4577,4578,2026-02-04 23:33:00,VLan10,HR,Mobile,DNS,152,1.6,0,NO,ACCRA
4578,4579,2026-01-22 17:01:00,VLan10,HR,Router,HTTPS,406,1.75,10,NO,KUMASI
4579,4580,2026-03-22 08:25:00,VLan30,IT,Laptop,HTTP,1169,1.62,10,NO,ACCRA
4580,4581,2026-02-25 11:33:00,VLan10,HR,Router,SSH,317,2.61,12,NO,TAKORADI
4581,4582,2026-01-10 10:24:00,VLan40,Sales,Mobile,FTP,451,0.85,8,NO,TAKORADI
4582,4583,2026-04-25 04:25:00,VLan10,HR,Desktop,DNS,342,3.28,13,NO,TEMA
4583,4584,2026-03-06 15:39:00,VLan40,Sales,Desktop,SSH,700,0.23,10,NO,KUMASI
4584,4585,2026-04-22 07:10:00,VLan10,HR,Mobile,SMTP,562,2.41,8,NO,KUMASI
4585,4586,2026-01-29 23:41:00,VLan40,Sales,Desktop,FTP,142,0.31,13,NO,Tamale
4586,4587,2026-02-15 07:46:00,VLan40,Sales,Router,DNS,122,2.37,8,NO,KUMASI
4587,4588,2026-02-24 06:54:00,VLan30,IT,Router,HTTP,1090,2.6,1,NO,TEMA
4588,4589,2026-01-14 05:59:00,VLan10,HR,Desktop,FTP,273,4.23,5,NO,Tamale
4589,4590,2026-04-25 16:09:00,VLan10,HR,Router,HTTPS,674,4.96,9,NO,KUMASI
4590,4591,2026-01-12 03:36:00,VLan10,HR,Server,HTTPS,631,4.08,1,NO,TEMA
4591,4592,2026-04-14 01:18:00,VLan40,Sales,Mobile,HTTPS,259,0.07,2,NO,TAKORADI
4592,4593,2026-02-05 14:26:00,VLan20,Finance,Server,SSH,577,2.63,6,NO,KUMASI
4593,4594,2026-03-04 19:00:00,VLan10,HR,Router,DNS,240,2.35,15,NO,TEMA
4594,4595,2026-04-08 07:55:00,VLan40,Sales,Laptop,SMTP,328,2.39,3,NO,TAKORADI
4595,4596,2026-04-23 09:17:00,VLan10,HR,Desktop,FTP,581,2.25,4,NO,Tamale
4596,4597,2026-01-17 11:09:00,VLan30,IT,Desktop,SSH,773,1.88,3,NO,TEMA
4597,4598,2026-02-01 01:52:00,VLan40,Sales,Router,SMTP,581,1.58,2,NO,TAKORADI
4598,4599,2026-04-26 10:40:00,VLan20,Finance,Laptop,SMTP,555,4.59,4,NO,TAKORADI
4599,4600,2026-04-04 01:28:00,VLan40,Sales,Router,HTTP,473,1.74,8,NO,TAKORADI
4600,4601,2026-04-03 02:40:00,VLan10,HR,Server,HTTP,634,2.01,10,NO,ACCRA
4601,4602,2026-03-12 13:03:00,VLan40,Sales,Mobile,SSH,174,1.75,1,NO,Tamale
4602,4603,2026-04-15 17:54:00,VLan30,IT,Router,HTTPS,589,4.51,6,NO,TAKORADI
4603,4604,2026-02-02 12:12:00,VLan40,Sales,Mobile,SMTP,125,5.0,11,NO,TAKORADI
4604,4605,2026-04-02 21:06:00,VLan30,IT,Mobile,SMTP,739,0.71,3,NO,TEMA
4605,4606,2026-02-22 17:11:00,VLan40,Sales,Desktop,FTP,201,4.68,8,NO,TAKORADI
4606,4607,2026-02-06 02:32:00,VLan30,IT,Mobile,HTTP,663,2.09,0,NO,KUMASI
4607,4608,2026-01-30 23:09:00,VLan40,Sales,Desktop,DNS,120,2.8,11,NO,ACCRA
4608,4609,2026-03-12 17:50:00,VLan10,HR,Server,HTTPS,237,2.56,8,NO,ACCRA
4609,4610,2026-01-25 08:49:00,VLan20,Finance,Mobile,SSH,196,0.31,1,NO,TAKORADI
4610,4611,2026-02-04 05:15:00,VLan40,Sales,Server,SSH,542,0.04,12,NO,TEMA
4611,4612,2026-04-16 03:53:00,VLan10,HR,Server,SMTP,345,0.04,12,NO,TAKORADI
4612,4613,2026-01-23 06:31:00,VLan10,HR,Router,HTTP,285,0.17,0,NO,TEMA
4613,4614,2026-02-18 20:40:00,VLan20,Finance,Mobile,DNS,260,4.46,14,NO,KUMASI
4614,4615,2026-01-26 16:45:00,VLan20,Finance,Server,SSH,413,3.38,2,NO,TAKORADI
4615,4616,2026-01-08 19:38:00,VLan40,Sales,Server,HTTPS,312,1.15,6,NO,TEMA
4616,4617,2026-01-12 23:34:00,VLan30,IT,Server,SMTP,736,3.46,11,NO,TEMA
4617,4618,2026-01-01 11:07:00,VLan20,Finance,Desktop,HTTP,126,2.3,5,NO,KUMASI
4618,4619,2026-01-24 18:53:00,VLan40,Sales,Laptop,FTP,202,0.27,5,NO,ACCRA
4619,4620,2026-04-01 06:55:00,VLan40,Sales,Desktop,FTP,219,1.47,3,NO,TAKORADI
4620,4621,2026-01-31 02:28:00,VLan40,Sales,Server,SMTP,165,1.31,4,NO,Tamale
4621,4622,2026-03-01 16:49:00,VLan40,Sales,Router,HTTP,157,0.85,13,NO,Tamale
4622,4623,2026-04-10 09:04:00,VLan20,Finance,Laptop,DNS,578,1.38,15,NO,KUMASI
4623,4624,2026-02-20 23:43:00,VLan20,Finance,Router,SSH,587,0.56,13,NO,Tamale
4624,4625,2026-04-25 11:33:00,VLan40,Sales,Router,SSH,654,3.26,15,NO,TEMA
4625,4626,2026-03-07 00:12:00,VLan20,Finance,Mobile,FTP,198,0.1,4,NO,ACCRA
4626,4627,2026-01-27 15:44:00,VLan20,Finance,Laptop,SMTP,150,2.92,11,NO,KUMASI
4627,4628,2026-02-28 19:31:00,VLan30,IT,Mobile,SSH,1080,4.04,15,YES,TEMA
4628,4629,2026-02-17 12:26:00,VLan10,HR,Router,DNS,316,1.07,2,NO,TEMA
4629,4630,2026-03-07 08:27:00,VLan20,Finance,Laptop,HTTP,130,1.14,1,NO,KUMASI
4630,4631,2026-04-11 02:41:00,VLan30,IT,Laptop,SMTP,1176,0.19,0,NO,TEMA
4631,4632,2026-04-14 09:22:00,VLan10,HR,Mobile,SMTP,528,3.72,9,NO,TAKORADI
4632,4633,2026-01-07 01:17:00,VLan30,IT,Router,HTTPS,540,1.77,6,NO,KUMASI
4633,4634,2026-01-01 03:56:00,VLan10,HR,Server,HTTPS,634,2.07,0,NO,ACCRA
4634,4635,2026-04-23 02:26:00,VLan10,HR,Mobile,FTP,579,1.6,12,NO,Tamale
4635,4636,2026-03-11 16:59:00,VLan20,Finance,Server,HTTPS,233,0.85,10,NO,TAKORADI
4636,4637,2026-01-06 23:37:00,VLan30,IT,Desktop,HTTP,1199,0.72,15,NO,KUMASI
4637,4638,2026-01-18 04:13:00,VLan10,HR,Mobile,FTP,334,1.62,9,NO,KUMASI
4638,4639,2026-03-07 22:14:00,VLan30,IT,Server,SMTP,978,1.47,8,NO,TEMA
4639,4640,2026-04-13 19:58:00,VLan10,HR,Mobile,FTP,200,0.12,7,NO,TAKORADI
4640,4641,2026-03-13 20:41:00,VLan20,Finance,Router,DNS,567,4.55,0,NO,KUMASI
4641,4642,2026-04-11 02:20:00,VLan20,Finance,Laptop,HTTPS,461,0.83,11,NO,TAKORADI
4642,4643,2026-03-25 16:52:00,VLan40,Sales,Laptop,FTP,277,0.55,12,NO,TAKORADI
4643,4644,2026-01-30 00:36:00,VLan30,IT,Desktop,FTP,793,2.19,5,NO,ACCRA
4644,4645,2026-02-23 00:28:00,VLan20,Finance,Router,SSH,158,4.98,7,NO,Tamale
4645,4646,2026-02-25 20:09:00,VLan40,Sales,Desktop,FTP,138,4.54,13,NO,TEMA
4646,4647,2026-03-27 00:08:00,VLan10,HR,Server,FTP,243,0.4,4,NO,Tamale
4647,4648,2026-02-23 08:04:00,VLan40,Sales,Mobile,DNS,102,0.72,8,NO,ACCRA
4648,4649,2026-03-20 21:07:00,VLan10,HR,Server,FTP,614,1.26,0,NO,KUMASI
4649,4650,2026-01-31 02:29:00,VLan30,IT,Laptop,HTTP,900,0.79,0,NO,Tamale
4650,4651,2026-01-21 15:36:00,VLan40,Sales,Mobile,SSH,200,1.42,4,NO,Tamale
4651,4652,2026-03-13 19:18:00,VLan20,Finance,Server,FTP,168,4.64,11,NO,ACCRA
4652,4653,2026-02-14 22:29:00,VLan40,Sales,Desktop,SMTP,450,3.81,9,NO,TAKORADI
4653,4654,2026-01-28 17:59:00,VLan40,Sales,Laptop,HTTPS,238,1.87,6,NO,TAKORADI
4654,4655,2026-01-26 10:41:00,VLan10,HR,Desktop,HTTPS,141,0.7,15,NO,Tamale
4655,4656,2026-03-26 20:21:00,VLan30,IT,Mobile,FTP,744,0.02,6,NO,ACCRA
4656,4657,2026-04-27 09:25:00,VLan40,Sales,Laptop,SMTP,697,3.68,2,NO,Tamale
4657,4658,2026-04-24 20:56:00,VLan30,IT,Desktop,HTTP,839,0.92,4,NO,Tamale
4658,4659,2026-04-30 07:41:00,VLan10,HR,Server,SSH,325,3.41,3,NO,Tamale
4659,4660,2026-04-22 19:21:00,VLan40,Sales,Laptop,HTTPS,351,1.19,7,NO,KUMASI
4660,4661,2026-04-06 04:10:00,VLan20,Finance,Router,HTTP,228,4.94,14,NO,ACCRA
4661,4662,2026-01-09 05:20:00,VLan10,HR,Server,HTTPS,694,3.64,5,NO,TAKORADI
4662,4663,2026-04-28 20:31:00,VLan30,IT,Router,SMTP,863,4.61,4,NO,Tamale
4663,4664,2026-01-01 06:42:00,VLan20,Finance,Server,FTP,494,2.37,7,NO,TAKORADI
4664,4665,2026-03-07 02:44:00,VLan10,HR,Server,HTTPS,303,4.97,12,NO,TAKORADI
4665,4666,2026-01-02 05:27:00,VLan30,IT,Laptop,HTTP,1036,2.24,12,NO,TEMA
4666,4667,2026-03-26 22:49:00,VLan10,HR,Desktop,SMTP,245,3.17,0,NO,KUMASI
4667,4668,2026-01-18 00:31:00,VLan10,HR,Laptop,DNS,400,3.87,2,NO,KUMASI
4668,4669,2026-02-14 21:26:00,VLan40,Sales,Router,DNS,684,0.0,11,NO,KUMASI
4669,4670,2026-03-31 00:13:00,VLan40,Sales,Desktop,SSH,324,4.04,2,NO,TAKORADI
4670,4671,2026-03-08 21:21:00,VLan40,Sales,Router,DNS,306,1.32,0,NO,TEMA
4671,4672,2026-04-06 11:22:00,VLan40,Sales,Server,HTTPS,145,2.75,3,NO,ACCRA
4672,4673,2026-02-04 04:43:00,VLan10,HR,Server,SSH,351,2.96,1,NO,TEMA
4673,4674,2026-03-01 13:55:00,VLan10,HR,Laptop,HTTPS,120,3.59,7,NO,TAKORADI
4674,4675,2026-02-04 10:34:00,VLan10,HR,Desktop,HTTP,323,4.19,13,NO,TAKORADI
4675,4676,2026-02-23 02:09:00,VLan10,HR,Router,HTTP,310,0.22,12,NO,KUMASI
4676,4677,2026-03-11 19:59:00,VLan30,IT,Mobile,SSH,1198,2.04,15,YES,KUMASI
4677,4678,2026-03-02 12:10:00,VLan20,Finance,Router,HTTPS,383,0.38,9,NO,TEMA
4678,4679,2026-04-25 23:51:00,VLan30,IT,Router,SMTP,752,2.33,4,NO,TEMA
4679,4680,2026-04-01 00:57:00,VLan40,Sales,Desktop,HTTPS,121,2.38,4,NO,TEMA
4680,4681,2026-02-05 00:55:00,VLan40,Sales,Desktop,SSH,390,0.94,14,NO,TAKORADI
4681,4682,2026-03-20 18:24:00,VLan20,Finance,Laptop,HTTPS,171,4.38,9,NO,Tamale
4682,4683,2026-03-16 02:48:00,VLan40,Sales,Router,SMTP,606,3.89,0,NO,ACCRA
4683,4684,2026-03-09 16:20:00,VLan10,HR,Router,HTTPS,349,4.38,13,NO,Tamale
4684,4685,2026-02-26 09:50:00,VLan40,Sales,Server,SMTP,205,3.07,2,NO,Tamale
4685,4686,2026-01-03 01:59:00,VLan30,IT,Server,FTP,1191,4.33,13,YES,Tamale
4686,4687,2026-04-10 05:18:00,VLan40,Sales,Laptop,HTTPS,629,0.67,0,NO,TEMA
4687,4688,2026-02-08 02:58:00,VLan10,HR,Router,FTP,156,4.32,5,NO,KUMASI
4688,4689,2026-02-25 10:12:00,VLan20,Finance,Laptop,DNS,179,1.8,4,NO,KUMASI
4689,4690,2026-03-26 13:37:00,VLan40,Sales,Server,SMTP,531,1.84,11,NO,KUMASI
4690,4691,2026-01-21 02:41:00,VLan20,Finance,Server,DNS,272,3.51,1,NO,ACCRA
4691,4692,2026-03-01 12:21:00,VLan20,Finance,Laptop,HTTPS,420,1.82,15,NO,TEMA
4692,4693,2026-03-18 01:16:00,VLan30,IT,Desktop,HTTP,544,2.65,0,NO,TEMA
4693,4694,2026-01-06 10:39:00,VLan20,Finance,Desktop,SSH,627,4.09,13,NO,ACCRA
4694,4695,2026-01-06 15:45:00,VLan30,IT,Router,SSH,502,0.83,2,NO,TEMA
4695,4696,2026-04-21 16:12:00,VLan10,HR,Server,DNS,316,1.67,10,NO,TEMA
4696,4697,2026-02-03 16:02:00,VLan20,Finance,Mobile,SMTP,346,4.28,9,NO,TAKORADI
4697,4698,2026-04-30 09:18:00,VLan20,Finance,Desktop,DNS,176,4.2,0,NO,TEMA
4698,4699,2026-02-05 11:28:00,VLan30,IT,Desktop,FTP,1185,2.9,5,YES,Tamale
4699,4700,2026-02-13 11:47:00,VLan40,Sales,Server,FTP,382,0.6,3,NO,KUMASI
4700,4701,2026-04-20 19:58:00,VLan30,IT,Mobile,SSH,756,1.78,8,NO,TEMA
4701,4702,2026-02-14 17:16:00,VLan30,IT,Laptop,SSH,768,2.96,12,NO,KUMASI
4702,4703,2026-03-13 07:13:00,VLan20,Finance,Desktop,DNS,182,1.95,9,NO,KUMASI
4703,4704,2026-04-08 10:23:00,VLan30,IT,Desktop,SMTP,557,1.86,0,NO,KUMASI
4704,4705,2026-04-29 06:40:00,VLan30,IT,Laptop,HTTPS,878,0.42,2,NO,TEMA
4705,4706,2026-01-25 15:58:00,VLan20,Finance,Desktop,HTTPS,433,3.6,2,NO,TEMA
4706,4707,2026-03-10 10:18:00,VLan30,IT,Desktop,HTTP,1183,3.38,0,NO,TAKORADI
4707,4708,2026-03-01 09:24:00,VLan30,IT,Router,SSH,867,2.43,11,NO,TAKORADI
4708,4709,2026-01-28 06:59:00,VLan20,Finance,Laptop,HTTP,264,1.18,6,NO,TAKORADI
4709,4710,2026-01-05 20:06:00,VLan20,Finance,Server,HTTPS,146,4.62,2,NO,TEMA
4710,4711,2026-01-25 21:14:00,VLan10,HR,Server,DNS,180,1.26,6,NO,KUMASI
4711,4712,2026-01-13 13:55:00,VLan40,Sales,Server,SMTP,473,1.69,10,NO,ACCRA
4712,4713,2026-03-16 00:19:00,VLan30,IT,Laptop,HTTPS,962,3.33,1,NO,ACCRA
4713,4714,2026-04-25 08:51:00,VLan40,Sales,Mobile,SMTP,106,0.29,11,NO,KUMASI
4714,4715,2026-02-11 15:06:00,VLan20,Finance,Desktop,HTTPS,528,0.84,7,NO,KUMASI
4715,4716,2026-01-11 21:55:00,VLan10,HR,Laptop,HTTPS,122,1.22,2,NO,ACCRA
4716,4717,2026-02-09 09:02:00,VLan20,Finance,Desktop,FTP,608,2.94,4,NO,TEMA
4717,4718,2026-02-21 14:30:00,VLan30,IT,Server,DNS,900,0.74,11,NO,Tamale
4718,4719,2026-04-14 20:17:00,VLan40,Sales,Server,FTP,451,2.18,15,NO,KUMASI
4719,4720,2026-01-14 05:10:00,VLan40,Sales,Mobile,FTP,236,4.26,3,NO,KUMASI
4720,4721,2026-03-24 19:15:00,VLan20,Finance,Desktop,SMTP,655,1.09,0,NO,ACCRA
4721,4722,2026-03-25 11:42:00,VLan20,Finance,Laptop,HTTP,588,3.55,8,NO,TEMA
4722,4723,2026-04-14 03:01:00,VLan40,Sales,Desktop,HTTP,511,4.26,14,NO,Tamale
4723,4724,2026-02-20 01:51:00,VLan30,IT,Desktop,DNS,646,3.39,3,NO,TEMA
4724,4725,2026-01-01 06:19:00,VLan40,Sales,Mobile,HTTP,574,4.04,7,NO,ACCRA
4725,4726,2026-04-14 14:56:00,VLan10,HR,Laptop,FTP,575,4.79,11,NO,Tamale
4726,4727,2026-04-05 19:11:00,VLan30,IT,Router,SSH,679,3.58,12,NO,Tamale
4727,4728,2026-04-19 02:53:00,VLan20,Finance,Mobile,FTP,591,2.49,7,NO,ACCRA
4728,4729,2026-01-11 07:44:00,VLan30,IT,Laptop,HTTP,740,4.8,15,NO,TAKORADI
4729,4730,2026-04-09 19:21:00,VLan20,Finance,Desktop,FTP,585,3.94,1,NO,TAKORADI
4730,4731,2026-04-22 12:41:00,VLan40,Sales,Desktop,HTTP,555,0.7,6,NO,TAKORADI
4731,4732,2026-01-03 00:59:00,VLan20,Finance,Laptop,HTTPS,657,3.81,14,NO,ACCRA
4732,4733,2026-04-23 20:30:00,VLan40,Sales,Laptop,SMTP,536,0.81,11,NO,TAKORADI
4733,4734,2026-01-27 02:02:00,VLan10,HR,Server,HTTPS,399,1.77,11,NO,ACCRA
4734,4735,2026-02-13 03:49:00,VLan40,Sales,Laptop,SMTP,524,4.27,15,NO,ACCRA
4735,4736,2026-04-14 22:22:00,VLan20,Finance,Desktop,DNS,365,0.57,9,NO,KUMASI
4736,4737,2026-04-25 18:17:00,VLan40,Sales,Desktop,HTTP,429,3.14,14,NO,TAKORADI
4737,4738,2026-03-30 04:47:00,VLan20,Finance,Mobile,FTP,282,0.04,2,NO,ACCRA
4738,4739,2026-03-06 03:52:00,VLan20,Finance,Server,HTTPS,327,3.42,0,NO,Tamale
4739,4740,2026-04-07 08:31:00,VLan30,IT,Server,SSH,517,0.89,9,NO,KUMASI
4740,4741,2026-03-31 09:57:00,VLan10,HR,Laptop,HTTPS,172,3.96,8,NO,TEMA
4741,4742,2026-03-13 11:01:00,VLan20,Finance,Server,DNS,257,1.46,10,NO,ACCRA
4742,4743,2026-03-29 07:52:00,VLan40,Sales,Laptop,SSH,130,2.67,9,NO,KUMASI
4743,4744,2026-04-15 15:41:00,VLan40,Sales,Desktop,SSH,420,3.45,5,NO,TAKORADI
4744,4745,2026-01-18 09:43:00,VLan40,Sales,Laptop,SSH,272,4.63,10,NO,TAKORADI
4745,4746,2026-02-06 04:36:00,VLan40,Sales,Laptop,HTTP,450,3.28,15,NO,TEMA
4746,4747,2026-04-10 02:57:00,VLan40,Sales,Mobile,HTTPS,357,2.76,3,NO,TAKORADI
4747,4748,2026-04-14 07:54:00,VLan10,HR,Laptop,FTP,337,4.47,3,NO,KUMASI
4748,4749,2026-01-20 15:53:00,VLan30,IT,Router,HTTPS,971,1.17,0,NO,KUMASI
4749,4750,2026-03-08 08:16:00,VLan10,HR,Server,HTTP,241,0.95,12,NO,ACCRA
4750,4751,2026-03-24 20:08:00,VLan30,IT,Server,SMTP,560,2.79,13,NO,TEMA
4751,4752,2026-04-07 06:29:00,VLan30,IT,Desktop,DNS,626,4.49,9,NO,ACCRA
4752,4753,2026-03-28 11:40:00,VLan40,Sales,Desktop,HTTP,433,1.82,1,NO,TEMA
4753,4754,2026-04-23 19:49:00,VLan30,IT,Mobile,FTP,1099,3.8,1,YES,KUMASI
4754,4755,2026-01-08 11:13:00,VLan20,Finance,Server,HTTP,234,0.31,6,NO,Tamale
4755,4756,2026-01-04 04:45:00,VLan40,Sales,Laptop,HTTPS,184,2.53,6,NO,Tamale
4756,4757,2026-01-12 16:43:00,VLan20,Finance,Mobile,SMTP,525,4.84,14,NO,Tamale
4757,4758,2026-03-28 08:26:00,VLan20,Finance,Laptop,SMTP,466,4.77,8,NO,TAKORADI
4758,4759,2026-03-25 01:06:00,VLan40,Sales,Laptop,HTTPS,374,1.01,4,NO,Tamale
4759,4760,2026-02-03 06:18:00,VLan30,IT,Laptop,HTTP,1119,1.19,0,NO,Tamale
4760,4761,2026-03-20 21:40:00,VLan30,IT,Mobile,SMTP,888,2.81,5,NO,TEMA
4761,4762,2026-02-04 07:04:00,VLan10,HR,Server,SSH,445,0.17,4,NO,TEMA
4762,4763,2026-01-17 13:50:00,VLan10,HR,Server,FTP,310,3.16,9,NO,TAKORADI
4763,4764,2026-01-20 11:01:00,VLan40,Sales,Desktop,SSH,435,2.74,3,NO,TAKORADI
4764,4765,2026-04-12 12:48:00,VLan20,Finance,Mobile,DNS,524,1.28,7,NO,ACCRA
4765,4766,2026-03-15 14:49:00,VLan20,Finance,Desktop,DNS,606,4.58,14,NO,TEMA
4766,4767,2026-02-08 17:21:00,VLan20,Finance,Laptop,DNS,595,3.26,1,NO,KUMASI
4767,4768,2026-02-08 09:14:00,VLan40,Sales,Laptop,DNS,697,3.64,9,NO,KUMASI
4768,4769,2026-03-25 13:10:00,VLan30,IT,Laptop,HTTPS,571,0.72,14,NO,KUMASI
4769,4770,2026-04-05 23:57:00,VLan30,IT,Server,DNS,1105,0.64,6,NO,TEMA
4770,4771,2026-03-03 11:15:00,VLan30,IT,Desktop,SSH,738,0.95,11,NO,KUMASI
4771,4772,2026-03-16 20:50:00,VLan40,Sales,Desktop,SMTP,100,1.81,2,NO,KUMASI
4772,4773,2026-01-15 02:37:00,VLan10,HR,Mobile,DNS,632,1.28,12,NO,KUMASI
4773,4774,2026-03-08 13:31:00,VLan10,HR,Router,FTP,383,2.38,0,NO,TAKORADI
4774,4775,2026-01-15 05:36:00,VLan30,IT,Desktop,SMTP,1079,1.5,7,NO,Tamale
4775,4776,2026-03-24 19:03:00,VLan20,Finance,Laptop,HTTPS,302,4.87,13,NO,Tamale
4776,4777,2026-03-22 18:05:00,VLan30,IT,Desktop,HTTPS,768,3.99,9,NO,KUMASI
4777,4778,2026-02-20 12:37:00,VLan30,IT,Server,SSH,527,4.78,4,NO,TAKORADI
4778,4779,2026-03-10 12:56:00,VLan40,Sales,Server,SSH,169,2.29,12,NO,TAKORADI
4779,4780,2026-01-02 04:50:00,VLan30,IT,Router,FTP,1152,0.69,6,YES,KUMASI
4780,4781,2026-01-24 19:09:00,VLan30,IT,Router,HTTP,1111,0.04,11,NO,KUMASI
4781,4782,2026-04-18 09:49:00,VLan40,Sales,Laptop,DNS,583,1.77,10,NO,TEMA
4782,4783,2026-04-24 00:08:00,VLan20,Finance,Server,SMTP,480,4.33,1,NO,Tamale
4783,4784,2026-02-15 06:12:00,VLan30,IT,Laptop,FTP,1152,1.18,9,YES,ACCRA
4784,4785,2026-04-07 22:06:00,VLan40,Sales,Mobile,HTTP,554,1.01,5,NO,Tamale
4785,4786,2026-02-10 08:27:00,VLan10,HR,Router,SSH,353,4.7,5,NO,ACCRA
4786,4787,2026-01-17 08:15:00,VLan10,HR,Server,FTP,390,2.41,2,NO,TAKORADI
4787,4788,2026-02-24 12:00:00,VLan20,Finance,Laptop,HTTP,691,1.46,2,NO,TAKORADI
4788,4789,2026-01-12 00:27:00,VLan30,IT,Desktop,FTP,645,2.59,13,NO,KUMASI
4789,4790,2026-04-05 16:12:00,VLan20,Finance,Router,HTTP,403,0.78,5,NO,ACCRA
4790,4791,2026-04-23 05:26:00,VLan30,IT,Server,FTP,831,3.29,8,NO,ACCRA
4791,4792,2026-03-31 23:05:00,VLan40,Sales,Server,SMTP,617,0.76,5,NO,KUMASI
4792,4793,2026-03-07 09:41:00,VLan20,Finance,Laptop,HTTP,567,3.63,1,NO,TAKORADI
4793,4794,2026-04-06 03:59:00,VLan10,HR,Router,DNS,586,3.61,0,NO,KUMASI
4794,4795,2026-02-12 09:04:00,VLan30,IT,Server,SMTP,1196,2.18,14,NO,KUMASI
4795,4796,2026-03-22 00:12:00,VLan20,Finance,Server,HTTP,685,3.74,14,NO,KUMASI
4796,4797,2026-03-20 22:21:00,VLan40,Sales,Mobile,DNS,526,0.51,12,NO,ACCRA
4797,4798,2026-04-23 15:31:00,VLan30,IT,Laptop,FTP,907,2.32,7,YES,TAKORADI
4798,4799,2026-03-17 15:42:00,VLan30,IT,Router,SSH,1076,0.81,2,YES,KUMASI
4799,4800,2026-03-22 06:55:00,VLan40,Sales,Mobile,FTP,538,3.73,8,NO,ACCRA
4800,4801,2026-02-17 10:25:00,VLan30,IT,Desktop,HTTPS,506,2.19,6,NO,Tamale
4801,4802,2026-03-31 10:17:00,VLan20,Finance,Server,FTP,429,3.33,9,NO,TEMA
4802,4803,2026-04-05 02:18:00,VLan30,IT,Mobile,SSH,610,4.09,2,NO,KUMASI
4803,4804,2026-01-12 22:21:00,VLan40,Sales,Laptop,DNS,467,1.5,15,NO,Tamale
4804,4805,2026-03-28 03:05:00,VLan30,IT,Server,HTTP,966,3.4,8,NO,KUMASI
4805,4806,2026-02-18 16:41:00,VLan20,Finance,Server,SSH,219,0.73,5,NO,TAKORADI
4806,4807,2026-01-20 03:54:00,VLan40,Sales,Desktop,HTTP,407,4.8,4,NO,Tamale
4807,4808,2026-04-21 15:30:00,VLan40,Sales,Desktop,DNS,117,3.69,2,NO,Tamale
4808,4809,2026-01-29 14:35:00,VLan10,HR,Laptop,SMTP,623,3.16,15,NO,TEMA
4809,4810,2026-03-07 18:50:00,VLan40,Sales,Mobile,HTTP,220,0.45,5,NO,KUMASI
4810,4811,2026-02-16 13:14:00,VLan30,IT,Desktop,HTTPS,708,0.65,1,NO,KUMASI
4811,4812,2026-01-06 17:15:00,VLan20,Finance,Server,SMTP,621,2.39,10,NO,ACCRA
4812,4813,2026-03-11 16:08:00,VLan10,HR,Router,SSH,427,1.17,6,NO,KUMASI
4813,4814,2026-02-22 23:36:00,VLan10,HR,Mobile,FTP,412,2.65,7,NO,Tamale
4814,4815,2026-03-26 06:48:00,VLan40,Sales,Router,FTP,104,2.56,10,NO,ACCRA
4815,4816,2026-01-06 13:44:00,VLan10,HR,Laptop,SSH,424,1.25,4,NO,TAKORADI
4816,4817,2026-03-22 18:23:00,VLan40,Sales,Desktop,HTTPS,165,2.25,12,NO,ACCRA
4817,4818,2026-04-08 23:26:00,VLan20,Finance,Laptop,DNS,699,4.81,2,NO,Tamale
4818,4819,2026-03-01 19:07:00,VLan10,HR,Desktop,HTTP,662,0.14,14,NO,TEMA
4819,4820,2026-01-07 02:26:00,VLan30,IT,Router,SMTP,843,2.04,13,NO,Tamale
4820,4821,2026-03-13 05:19:00,VLan20,Finance,Laptop,SSH,355,0.01,8,NO,Tamale
4821,4822,2026-04-08 03:29:00,VLan40,Sales,Mobile,HTTP,700,0.01,0,NO,Tamale
4822,4823,2026-04-17 15:54:00,VLan10,HR,Server,HTTPS,229,4.79,15,NO,Tamale
4823,4824,2026-04-25 23:24:00,VLan20,Finance,Mobile,SMTP,241,1.58,14,NO,ACCRA
4824,4825,2026-04-03 00:19:00,VLan30,IT,Desktop,DNS,640,1.26,5,NO,ACCRA
4825,4826,2026-01-01 17:06:00,VLan10,HR,Server,SMTP,234,3.51,3,NO,TEMA
4826,4827,2026-01-03 17:47:00,VLan30,IT,Laptop,DNS,1111,3.48,6,NO,ACCRA
4827,4828,2026-02-19 05:12:00,VLan30,IT,Router,HTTPS,1044,3.06,8,NO,TAKORADI
4828,4829,2026-02-11 08:27:00,VLan30,IT,Router,SSH,679,1.69,3,NO,TAKORADI
4829,4830,2026-01-17 06:51:00,VLan10,HR,Desktop,FTP,353,1.92,1,NO,TEMA
4830,4831,2026-01-21 01:20:00,VLan10,HR,Desktop,SMTP,492,2.87,14,NO,TAKORADI
4831,4832,2026-03-23 08:12:00,VLan30,IT,Desktop,DNS,513,3.32,6,NO,TAKORADI
4832,4833,2026-01-22 14:51:00,VLan10,HR,Server,DNS,322,3.75,6,NO,Tamale
4833,4834,2026-02-26 18:34:00,VLan30,IT,Mobile,DNS,854,2.68,15,NO,Tamale
4834,4835,2026-02-14 06:32:00,VLan20,Finance,Laptop,HTTP,481,0.45,9,NO,TAKORADI
4835,4836,2026-02-01 03:45:00,VLan40,Sales,Mobile,SMTP,294,4.37,10,NO,TEMA
4836,4837,2026-04-07 10:56:00,VLan20,Finance,Router,HTTPS,672,2.74,15,NO,Tamale
4837,4838,2026-03-15 17:39:00,VLan10,HR,Laptop,DNS,571,3.37,8,NO,ACCRA
4838,4839,2026-04-01 01:54:00,VLan10,HR,Server,FTP,403,4.56,10,NO,Tamale
4839,4840,2026-01-23 23:48:00,VLan20,Finance,Desktop,HTTP,175,3.65,8,NO,TEMA
4840,4841,2026-01-24 16:35:00,VLan40,Sales,Router,DNS,646,2.1,8,NO,TEMA
4841,4842,2026-02-23 12:46:00,VLan30,IT,Laptop,SMTP,1141,1.84,11,NO,KUMASI
4842,4843,2026-03-16 16:33:00,VLan20,Finance,Server,HTTP,226,2.87,1,NO,TAKORADI
4843,4844,2026-01-12 01:42:00,VLan40,Sales,Laptop,DNS,531,2.82,5,NO,TEMA
4844,4845,2026-03-17 19:19:00,VLan20,Finance,Server,SMTP,700,2.98,10,NO,TAKORADI
4845,4846,2026-01-27 15:11:00,VLan10,HR,Router,HTTPS,154,2.15,4,NO,TEMA
4846,4847,2026-01-24 03:29:00,VLan10,HR,Laptop,DNS,335,2.87,8,NO,TAKORADI
4847,4848,2026-04-04 07:28:00,VLan10,HR,Laptop,HTTPS,469,2.01,4,NO,KUMASI
4848,4849,2026-04-01 22:58:00,VLan40,Sales,Laptop,DNS,268,3.33,10,NO,Tamale
4849,4850,2026-03-28 20:21:00,VLan30,IT,Router,SSH,902,1.12,9,YES,TEMA
4850,4851,2026-03-12 11:54:00,VLan20,Finance,Mobile,FTP,665,2.26,14,NO,TAKORADI
4851,4852,2026-03-16 16:18:00,VLan20,Finance,Laptop,FTP,188,3.41,8,NO,TEMA
4852,4853,2026-02-19 08:46:00,VLan40,Sales,Mobile,SSH,547,4.25,11,NO,TEMA
4853,4854,2026-03-01 23:48:00,VLan40,Sales,Desktop,FTP,618,1.73,15,NO,TEMA
4854,4855,2026-04-10 08:15:00,VLan10,HR,Mobile,SMTP,542,3.07,12,NO,KUMASI
4855,4856,2026-03-29 09:06:00,VLan40,Sales,Desktop,FTP,257,4.41,2,NO,KUMASI
4856,4857,2026-02-26 10:39:00,VLan30,IT,Laptop,HTTPS,828,3.43,12,NO,TEMA
4857,4858,2026-01-12 23:41:00,VLan40,Sales,Laptop,FTP,331,1.68,15,NO,TEMA
4858,4859,2026-03-08 20:21:00,VLan40,Sales,Laptop,FTP,123,4.01,1,NO,Tamale
4859,4860,2026-02-13 08:49:00,VLan40,Sales,Router,FTP,504,1.88,13,NO,TEMA
4860,4861,2026-01-26 14:39:00,VLan20,Finance,Router,DNS,654,1.17,4,NO,TAKORADI
4861,4862,2026-03-08 01:52:00,VLan10,HR,Server,SMTP,247,4.18,15,NO,KUMASI
4862,4863,2026-04-26 12:50:00,VLan10,HR,Router,SSH,281,4.89,15,NO,TEMA
4863,4864,2026-01-10 15:00:00,VLan30,IT,Server,FTP,713,0.54,4,NO,KUMASI
4864,4865,2026-02-09 10:15:00,VLan40,Sales,Laptop,SMTP,645,4.35,13,NO,Tamale
4865,4866,2026-01-06 01:01:00,VLan20,Finance,Router,SSH,231,0.51,3,NO,ACCRA
4866,4867,2026-03-28 13:46:00,VLan20,Finance,Desktop,HTTP,430,0.64,7,NO,Tamale
4867,4868,2026-02-22 17:01:00,VLan20,Finance,Mobile,HTTP,396,4.86,6,NO,TEMA
4868,4869,2026-04-26 09:58:00,VLan10,HR,Laptop,HTTP,218,4.49,12,NO,KUMASI
4869,4870,2026-03-12 17:40:00,VLan20,Finance,Mobile,FTP,510,3.42,4,NO,ACCRA
4870,4871,2026-04-25 01:38:00,VLan40,Sales,Desktop,SSH,641,4.7,3,NO,TEMA
4871,4872,2026-03-20 10:46:00,VLan10,HR,Laptop,FTP,332,1.59,13,NO,TEMA
4872,4873,2026-02-20 13:38:00,VLan20,Finance,Mobile,HTTP,613,0.56,9,NO,Tamale
4873,4874,2026-04-10 07:55:00,VLan10,HR,Server,HTTPS,256,4.85,15,NO,ACCRA
4874,4875,2026-04-29 19:19:00,VLan40,Sales,Desktop,SMTP,420,3.83,14,NO,TEMA
4875,4876,2026-02-06 21:22:00,VLan10,HR,Laptop,HTTPS,341,3.33,13,NO,KUMASI
4876,4877,2026-03-25 04:08:00,VLan10,HR,Router,SSH,556,1.23,14,NO,Tamale
4877,4878,2026-04-09 12:48:00,VLan10,HR,Server,DNS,246,3.5,3,NO,ACCRA
4878,4879,2026-03-01 18:27:00,VLan10,HR,Router,HTTP,573,2.66,15,NO,KUMASI
4879,4880,2026-02-03 15:11:00,VLan40,Sales,Desktop,HTTP,587,1.67,8,NO,Tamale
4880,4881,2026-02-28 16:06:00,VLan10,HR,Mobile,HTTP,410,0.54,15,NO,Tamale
4881,4882,2026-01-16 08:25:00,VLan40,Sales,Router,FTP,657,3.01,0,NO,KUMASI
4882,4883,2026-04-24 10:03:00,VLan10,HR,Mobile,DNS,426,0.67,9,NO,TAKORADI
4883,4884,2026-01-04 21:32:00,VLan30,IT,Mobile,DNS,621,2.77,6,NO,Tamale
4884,4885,2026-04-01 01:23:00,VLan10,HR,Server,FTP,538,3.88,4,NO,Tamale
4885,4886,2026-04-22 07:51:00,VLan30,IT,Laptop,DNS,974,3.55,3,NO,TEMA
4886,4887,2026-01-29 08:33:00,VLan10,HR,Router,HTTP,341,2.62,10,NO,Tamale
4887,4888,2026-04-09 01:47:00,VLan40,Sales,Desktop,DNS,425,0.29,14,NO,ACCRA
4888,4889,2026-01-29 05:47:00,VLan40,Sales,Router,SSH,474,4.07,13,NO,KUMASI
4889,4890,2026-02-28 09:59:00,VLan40,Sales,Server,HTTP,574,2.98,7,NO,ACCRA
4890,4891,2026-01-24 19:55:00,VLan30,IT,Server,FTP,868,1.01,0,NO,KUMASI
4891,4892,2026-04-29 09:16:00,VLan30,IT,Desktop,SMTP,547,0.04,12,NO,TEMA
4892,4893,2026-01-15 08:54:00,VLan30,IT,Server,SSH,539,0.22,1,NO,TAKORADI
4893,4894,2026-03-19 22:34:00,VLan20,Finance,Router,FTP,399,3.84,8,NO,Tamale
4894,4895,2026-01-08 11:43:00,VLan20,Finance,Desktop,SSH,320,0.51,11,NO,TEMA
4895,4896,2026-03-03 07:45:00,VLan40,Sales,Mobile,DNS,201,1.93,9,NO,Tamale
4896,4897,2026-04-30 00:45:00,VLan20,Finance,Laptop,DNS,200,1.88,9,NO,KUMASI
4897,4898,2026-04-07 09:27:00,VLan40,Sales,Server,DNS,655,1.25,15,NO,Tamale
4898,4899,2026-01-16 10:44:00,VLan10,HR,Desktop,DNS,387,1.76,2,NO,ACCRA
4899,4900,2026-04-02 00:57:00,VLan10,HR,Laptop,SMTP,648,4.95,5,NO,KUMASI
4900,4901,2026-03-01 19:55:00,VLan20,Finance,Desktop,HTTPS,308,3.38,1,NO,ACCRA
4901,4902,2026-03-12 15:47:00,VLan40,Sales,Server,SSH,590,4.3,5,NO,TAKORADI
4902,4903,2026-04-27 19:30:00,VLan30,IT,Mobile,SMTP,1043,4.95,0,NO,KUMASI
4903,4904,2026-02-13 14:12:00,VLan20,Finance,Server,DNS,637,3.96,13,NO,KUMASI
4904,4905,2026-03-15 11:21:00,VLan40,Sales,Desktop,FTP,502,0.01,10,NO,Tamale
4905,4906,2026-03-01 22:01:00,VLan40,Sales,Mobile,FTP,449,1.72,4,NO,TEMA
4906,4907,2026-04-08 19:36:00,VLan20,Finance,Desktop,HTTP,195,1.81,2,NO,TAKORADI
4907,4908,2026-04-16 07:30:00,VLan40,Sales,Server,FTP,359,3.39,3,NO,KUMASI
4908,4909,2026-02-21 00:39:00,VLan10,HR,Laptop,FTP,651,4.22,8,NO,KUMASI
4909,4910,2026-04-27 12:02:00,VLan10,HR,Router,HTTPS,420,3.93,14,NO,ACCRA
4910,4911,2026-04-22 14:09:00,VLan10,HR,Router,SMTP,352,2.83,0,NO,TAKORADI
4911,4912,2026-03-23 20:48:00,VLan30,IT,Desktop,DNS,925,1.18,9,NO,TEMA
4912,4913,2026-01-10 15:14:00,VLan20,Finance,Mobile,HTTPS,246,0.61,11,NO,TAKORADI
4913,4914,2026-01-29 12:33:00,VLan40,Sales,Desktop,SMTP,340,0.21,8,NO,Tamale
4914,4915,2026-04-27 12:43:00,VLan40,Sales,Desktop,DNS,656,3.13,5,NO,KUMASI
4915,4916,2026-02-14 09:02:00,VLan30,IT,Desktop,SSH,653,3.89,11,NO,ACCRA
4916,4917,2026-01-27 14:24:00,VLan10,HR,Mobile,DNS,261,4.86,9,NO,TAKORADI
4917,4918,2026-01-17 09:52:00,VLan30,IT,Laptop,HTTPS,569,2.2,15,NO,Tamale
4918,4919,2026-04-28 19:53:00,VLan10,HR,Server,HTTP,212,0.13,12,NO,Tamale
4919,4920,2026-01-02 17:20:00,VLan30,IT,Mobile,SSH,1038,3.81,2,YES,TAKORADI
4920,4921,2026-03-22 19:54:00,VLan20,Finance,Router,FTP,168,4.55,3,NO,KUMASI
4921,4922,2026-03-13 05:54:00,VLan40,Sales,Router,SMTP,388,1.19,14,NO,ACCRA
4922,4923,2026-01-06 01:37:00,VLan40,Sales,Mobile,SSH,522,3.25,7,NO,ACCRA
4923,4924,2026-04-29 21:24:00,VLan20,Finance,Server,SSH,599,1.79,4,NO,TAKORADI
4924,4925,2026-04-06 14:54:00,VLan20,Finance,Server,HTTP,451,2.17,13,NO,TAKORADI
4925,4926,2026-01-31 04:39:00,VLan20,Finance,Desktop,DNS,411,3.05,5,NO,TEMA
4926,4927,2026-01-15 16:36:00,VLan20,Finance,Laptop,SMTP,648,1.34,8,NO,ACCRA
4927,4928,2026-01-30 13:28:00,VLan20,Finance,Mobile,HTTPS,276,0.03,3,NO,ACCRA
4928,4929,2026-02-09 08:17:00,VLan30,IT,Mobile,FTP,731,2.62,6,NO,TAKORADI
4929,4930,2026-01-29 03:55:00,VLan20,Finance,Server,FTP,355,1.6,11,NO,KUMASI
4930,4931,2026-03-12 06:20:00,VLan40,Sales,Mobile,SSH,236,1.01,9,NO,ACCRA
4931,4932,2026-03-24 21:08:00,VLan10,HR,Laptop,HTTP,594,1.1,11,NO,ACCRA
4932,4933,2026-01-05 04:41:00,VLan40,Sales,Router,DNS,448,3.53,4,NO,ACCRA
4933,4934,2026-01-20 13:05:00,VLan30,IT,Router,FTP,1178,2.47,1,YES,TEMA
4934,4935,2026-02-21 22:29:00,VLan10,HR,Server,HTTPS,262,4.25,9,NO,ACCRA
4935,4936,2026-01-30 15:44:00,VLan20,Finance,Desktop,HTTPS,129,0.86,2,NO,TEMA
4936,4937,2026-04-18 02:52:00,VLan10,HR,Router,HTTPS,519,1.24,11,NO,TEMA
4937,4938,2026-04-10 05:17:00,VLan20,Finance,Laptop,HTTPS,683,0.01,9,NO,TEMA
4938,4939,2026-01-22 12:15:00,VLan10,HR,Router,SMTP,254,1.58,10,NO,ACCRA
4939,4940,2026-04-30 00:39:00,VLan20,Finance,Server,HTTPS,692,0.34,9,NO,TAKORADI
4940,4941,2026-03-11 16:21:00,VLan10,HR,Server,SSH,661,3.33,15,NO,Tamale
4941,4942,2026-03-25 23:07:00,VLan10,HR,Laptop,FTP,193,0.02,6,NO,KUMASI
4942,4943,2026-03-27 18:19:00,VLan30,IT,Server,SSH,904,4.52,0,YES,KUMASI
4943,4944,2026-01-05 05:51:00,VLan30,IT,Laptop,FTP,780,2.46,6,NO,TEMA
4944,4945,2026-04-24 08:51:00,VLan30,IT,Desktop,SMTP,642,1.55,13,NO,ACCRA
4945,4946,2026-02-05 16:33:00,VLan10,HR,Server,DNS,309,4.48,0,NO,TEMA
4946,4947,2026-01-09 02:33:00,VLan30,IT,Server,HTTPS,832,1.64,3,NO,Tamale
4947,4948,2026-03-09 22:47:00,VLan10,HR,Router,SSH,522,3.16,0,NO,TAKORADI
4948,4949,2026-04-21 13:04:00,VLan10,HR,Server,FTP,105,2.09,5,NO,KUMASI
4949,4950,2026-01-06 19:03:00,VLan30,IT,Server,DNS,1200,2.48,0,NO,Tamale
4950,4951,2026-01-27 18:16:00,VLan40,Sales,Server,SMTP,468,0.25,15,NO,TAKORADI
4951,4952,2026-04-02 23:22:00,VLan30,IT,Mobile,SSH,627,1.93,13,NO,Tamale
4952,4953,2026-01-31 20:09:00,VLan40,Sales,Router,SSH,672,2.15,6,NO,Tamale
4953,4954,2026-02-02 22:28:00,VLan30,IT,Server,SMTP,809,4.81,12,NO,KUMASI
4954,4955,2026-04-20 09:03:00,VLan10,HR,Router,FTP,187,1.04,1,NO,TEMA
4955,4956,2026-01-11 06:54:00,VLan40,Sales,Mobile,HTTP,257,4.04,4,NO,TEMA
4956,4957,2026-01-18 10:03:00,VLan20,Finance,Laptop,FTP,500,3.07,14,NO,KUMASI
4957,4958,2026-01-04 18:25:00,VLan10,HR,Server,HTTP,197,1.1,1,NO,KUMASI
4958,4959,2026-02-07 03:43:00,VLan30,IT,Mobile,SMTP,719,0.61,15,NO,KUMASI
4959,4960,2026-03-24 22:32:00,VLan20,Finance,Server,SSH,271,0.9,11,NO,ACCRA
4960,4961,2026-04-30 16:41:00,VLan30,IT,Laptop,HTTP,593,1.63,12,NO,KUMASI
4961,4962,2026-02-22 21:22:00,VLan30,IT,Router,FTP,518,0.21,4,NO,KUMASI
4962,4963,2026-02-10 06:38:00,VLan20,Finance,Mobile,FTP,355,3.63,1,NO,Tamale
4963,4964,2026-01-17 12:56:00,VLan10,HR,Mobile,SMTP,111,0.19,15,NO,TAKORADI
4964,4965,2026-01-08 17:17:00,VLan10,HR,Desktop,HTTPS,319,0.96,1,NO,Tamale
4965,4966,2026-04-08 12:26:00,VLan30,IT,Desktop,HTTP,608,0.8,4,NO,Tamale
4966,4967,2026-01-06 08:13:00,VLan10,HR,Laptop,SSH,623,0.02,2,NO,TEMA
4967,4968,2026-03-26 05:53:00,VLan20,Finance,Server,FTP,446,2.56,9,NO,KUMASI
4968,4969,2026-04-26 20:31:00,VLan30,IT,Mobile,DNS,873,4.25,14,NO,ACCRA
4969,4970,2026-04-04 07:59:00,VLan30,IT,Laptop,SMTP,558,4.71,5,NO,TEMA
4970,4971,2026-01-10 09:14:00,VLan10,HR,Desktop,HTTPS,572,1.31,14,NO,TAKORADI
4971,4972,2026-04-08 11:26:00,VLan40,Sales,Router,DNS,265,3.59,5,NO,KUMASI
4972,4973,2026-02-17 21:41:00,VLan10,HR,Laptop,FTP,288,0.33,0,NO,ACCRA
4973,4974,2026-01-25 23:22:00,VLan20,Finance,Router,FTP,616,0.28,0,NO,TEMA
4974,4975,2026-02-16 23:03:00,VLan20,Finance,Server,SSH,242,3.52,1,NO,TEMA
4975,4976,2026-02-19 04:05:00,VLan10,HR,Server,DNS,299,0.89,7,NO,Tamale
4976,4977,2026-03-15 17:56:00,VLan40,Sales,Server,HTTPS,667,1.38,15,NO,TAKORADI
4977,4978,2026-04-26 18:12:00,VLan20,Finance,Router,FTP,349,2.99,13,NO,ACCRA
4978,4979,2026-02-23 02:25:00,VLan30,IT,Desktop,SMTP,673,1.23,8,NO,TAKORADI
4979,4980,2026-02-16 01:07:00,VLan20,Finance,Mobile,SMTP,369,4.71,1,NO,TEMA
4980,4981,2026-02-18 15:25:00,VLan20,Finance,Server,SSH,438,4.36,1,NO,Tamale
4981,4982,2026-04-05 09:53:00,VLan10,HR,Desktop,SSH,549,1.44,12,NO,TEMA
4982,4983,2026-04-23 22:17:00,VLan40,Sales,Router,FTP,682,0.87,12,NO,ACCRA
4983,4984,2026-02-16 18:58:00,VLan10,HR,Laptop,FTP,576,4.3,7,NO,TEMA
4984,4985,2026-02-26 01:21:00,VLan20,Finance,Router,SMTP,656,3.23,10,NO,ACCRA
4985,4986,2026-04-25 00:13:00,VLan20,Finance,Router,FTP,212,2.84,12,NO,KUMASI
4986,4987,2026-03-02 23:29:00,VLan20,Finance,Server,DNS,559,4.48,6,NO,KUMASI
4987,4988,2026-02-11 22:50:00,VLan30,IT,Router,FTP,673,4.56,13,NO,ACCRA
4988,4989,2026-01-28 16:36:00,VLan40,Sales,Server,DNS,293,2.16,13,NO,TAKORADI
4989,4990,2026-04-17 09:18:00,VLan30,IT,Router,FTP,1029,0.04,11,YES,TAKORADI
4990,4991,2026-04-18 16:42:00,VLan10,HR,Laptop,HTTP,195,4.26,8,NO,ACCRA
4991,4992,2026-01-11 15:38:00,VLan10,HR,Desktop,DNS,478,1.57,7,NO,ACCRA
4992,4993,2026-01-08 16:06:00,VLan40,Sales,Desktop,HTTPS,356,4.2,9,NO,TAKORADI
4993,4994,2026-01-27 01:45:00,VLan20,Finance,Router,FTP,443,3.0,9,NO,KUMASI
4994,4995,2026-01-24 01:24:00,VLan40,Sales,Desktop,HTTP,691,2.48,7,NO,KUMASI
4995,4996,2026-03-12 11:00:00,VLan40,Sales,Mobile,HTTPS,271,3.79,8,NO,Tamale
4996,4997,2026-02-11 03:01:00,VLan20,Finance,Laptop,SMTP,496,2.03,11,NO,KUMASI
4997,4998,2026-03-29 02:38:00,VLan40,Sales,Server,HTTPS,458,4.1,14,NO,TEMA
4998,4999,2026-04-02 16:06:00,VLan30,IT,Server,DNS,756,2.49,7,NO,TEMA
4999,5000,2026-04-21 18:43:00,VLan40,Sales,Router,SMTP,315,2.63,7,NO,TAKORADI
5000,5001,2026-02-05 10:25:00,VLan40,Sales,Server,DNS,220,2.83,6,NO,TAKORADI
