Log_ID,Times,VLan_ID,Department,Device_Type,Protocol,Bandwidth,Packet_Loss_Percent,Downtime_Minutes,Threat_Flag,Location
1,2026-06-06 22:03:13,VLan40,Sales,Desktop,HTTP,581,4.88,8,NO,ACCRA
2,2026-01-24 23:16:05,VLan20,Finance,Laptop,HTTPS,658,1.55,9,NO,TAKORADI
3,2026-02-26 10:44:59,VLan40,Sales,Router,SSH,242,1.78,0,NO,KUMASI
4,2026-07-26 11:49:29,VLan40,Sales,Desktop,DNS,465,2.62,1,NO,KUMASI
5,2026-09-04 17:31:12,VLan40,Sales,Server,SMTP,179,4.02,13,NO,TAKORADI
6,2026-05-15 20:01:54,VLan40,Sales,Mobile,DNS,106,3.48,9,NO,KUMASI
7,2026-05-28 06:08:03,VLan10,HR,Laptop,FTP,591,4.56,5,NO,ACCRA
8,2026-05-13 07:15:43,VLan20,Finance,Laptop,SMTP,102,0.92,11,NO,ACCRA
9,2026-06-02 04:20:39,VLan10,HR,Laptop,FTP,610,4.46,7,NO,KUMASI
10,2026-09-24 08:22:08,VLan20,Finance,Router,SSH,320,2.72,5,NO,KUMASI
11,2026-02-03 15:53:53,VLan20,Finance,Mobile,SSH,592,0.51,9,NO,TEMA
12,2026-05-30 19:38:08,VLan20,Finance,Laptop,SSH,436,2.09,15,NO,TAKORADI
13,2026-08-17 12:56:34,VLan30,IT,Server,HTTPS,1143,4.44,3,NO,TEMA
14,2026-12-09 20:42:25,VLan20,Finance,Router,HTTPS,591,4.43,14,NO,ACCRA
15,2026-04-17 17:12:19,VLan30,IT,Router,HTTP,1022,2.08,3,NO,KUMASI
16,2026-08-23 18:31:22,VLan30,IT,Router,DNS,942,4.84,7,NO,ACCRA
17,2026-11-01 07:31:31,VLan10,HR,Mobile,HTTPS,603,1.59,11,NO,ACCRA
18,2026-08-16 02:19:18,VLan40,Sales,Desktop,HTTP,306,3.47,10,NO,KUMASI
19,2026-09-28 11:49:49,VLan10,HR,Mobile,SMTP,510,2.92,9,NO,TAKORADI
20,2026-05-17 17:22:56,VLan10,HR,Mobile,HTTPS,162,1.82,11,NO,TEMA
21,2026-01-08 22:29:21,VLan10,HR,Router,HTTPS,332,1.84,3,NO,Tamale
22,2026-07-23 07:46:59,VLan10,HR,Server,HTTPS,485,2.43,4,NO,TAKORADI
23,2026-04-24 09:59:16,VLan30,IT,Laptop,HTTP,816,3.41,15,NO,TEMA
24,2026-04-15 20:44:47,VLan20,Finance,Mobile,HTTP,483,3.88,5,NO,ACCRA
25,2026-03-14 21:28:36,VLan20,Finance,Laptop,HTTP,318,4.54,10,NO,ACCRA
26,2026-03-12 20:03:19,VLan10,HR,Router,FTP,166,0.1,13,NO,KUMASI
27,2026-10-10 07:33:06,VLan10,HR,Server,HTTP,321,0.9,0,NO,Tamale
28,2026-11-16 01:01:31,VLan10,HR,Server,SMTP,584,3.64,12,NO,KUMASI
29,2026-10-28 15:45:15,VLan30,IT,Router,FTP,1097,2.94,9,YES,KUMASI
30,2026-03-06 10:24:38,VLan30,IT,Desktop,HTTPS,553,2.82,1,NO,TEMA
31,2026-11-19 12:11:55,VLan20,Finance,Router,HTTP,530,2.34,11,NO,TAKORADI
32,2026-02-02 10:37:05,VLan10,HR,Desktop,DNS,367,1.18,15,NO,Tamale
33,2026-12-31 09:06:38,VLan30,IT,Router,HTTPS,839,0.51,13,NO,ACCRA
34,2026-04-23 23:22:08,VLan40,Sales,Mobile,SSH,167,2.09,10,NO,Tamale
35,2026-04-13 00:11:06,VLan20,Finance,Laptop,SSH,313,1.2,1,NO,KUMASI
36,2026-11-25 13:09:49,VLan20,Finance,Desktop,SSH,290,1.09,0,NO,ACCRA
37,2026-11-03 20:47:57,VLan40,Sales,Desktop,SSH,486,3.77,8,NO,ACCRA
38,2026-07-29 15:16:37,VLan40,Sales,Router,SSH,698,4.22,3,NO,Tamale
39,2026-04-28 03:44:03,VLan10,HR,Desktop,HTTPS,504,3.9,5,NO,TAKORADI
40,2026-07-16 18:41:03,VLan30,IT,Router,FTP,1189,2.68,10,YES,Tamale
41,2026-10-17 17:16:10,VLan20,Finance,Router,FTP,378,3.52,14,NO,TEMA
42,2026-05-26 19:55:04,VLan20,Finance,Desktop,HTTPS,401,2.38,14,NO,ACCRA
43,2026-04-05 05:15:43,VLan30,IT,Mobile,SMTP,887,3.21,1,NO,ACCRA
44,2026-05-16 08:45:31,VLan30,IT,Mobile,HTTP,754,2.4,6,NO,ACCRA
45,2026-08-16 20:58:46,VLan20,Finance,Router,HTTPS,631,0.78,4,NO,TEMA
46,2026-04-26 21:27:21,VLan20,Finance,Router,SSH,388,2.08,5,NO,TAKORADI
47,2026-07-26 12:31:17,VLan20,Finance,Mobile,HTTPS,667,1.72,2,NO,TEMA
48,2026-10-24 08:32:15,VLan10,HR,Router,SMTP,508,1.43,2,NO,ACCRA
49,2026-07-14 18:59:41,VLan30,IT,Router,SSH,993,1.75,12,YES,TAKORADI
50,2026-04-04 01:41:57,VLan10,HR,Laptop,SMTP,649,2.52,0,NO,TEMA
51,2026-03-22 16:55:09,VLan10,HR,Desktop,HTTP,236,4.07,0,NO,TEMA
52,2026-03-22 00:25:14,VLan40,Sales,Desktop,SMTP,259,1.51,6,NO,TEMA
53,2026-09-22 06:28:25,VLan20,Finance,Desktop,FTP,337,2.79,0,NO,TAKORADI
54,2026-10-18 15:37:12,VLan20,Finance,Laptop,SSH,574,1.88,13,NO,Tamale
55,2026-11-05 20:31:51,VLan20,Finance,Router,SSH,642,2.11,4,NO,TEMA
56,2026-07-16 03:01:19,VLan20,Finance,Laptop,DNS,387,3.27,10,NO,TEMA
57,2026-01-24 01:08:29,VLan30,IT,Router,SMTP,792,1.77,0,NO,TAKORADI
58,2026-10-16 06:17:30,VLan40,Sales,Laptop,HTTPS,202,4.4,9,NO,TEMA
59,2026-11-25 08:09:05,VLan20,Finance,Desktop,FTP,646,1.41,13,NO,Tamale
60,2026-12-23 16:18:40,VLan10,HR,Router,HTTP,289,2.74,9,NO,ACCRA
61,2026-03-08 07:46:38,VLan40,Sales,Laptop,FTP,265,2.36,11,NO,Tamale
62,2026-07-29 06:56:38,VLan40,Sales,Server,HTTPS,328,2.6,0,NO,Tamale
63,2026-04-08 09:57:57,VLan40,Sales,Server,SSH,243,2.82,12,NO,TAKORADI
64,2026-10-26 06:17:59,VLan40,Sales,Server,FTP,624,2.82,9,NO,Tamale
65,2026-12-27 23:35:11,VLan40,Sales,Desktop,FTP,128,2.38,0,NO,Tamale
66,2026-05-20 18:24:47,VLan10,HR,Desktop,DNS,510,0.45,7,NO,Tamale
67,2026-04-04 05:22:55,VLan40,Sales,Router,HTTP,475,1.56,5,NO,TEMA
68,2026-03-12 09:07:11,VLan30,IT,Laptop,SSH,800,0.69,5,NO,TAKORADI
69,2026-07-16 15:11:16,VLan40,Sales,Router,SSH,445,1.9,0,NO,KUMASI
70,2026-07-23 08:14:36,VLan10,HR,Laptop,SMTP,525,2.18,0,NO,TEMA
71,2026-05-31 02:36:25,VLan40,Sales,Desktop,FTP,115,3.05,9,NO,KUMASI
72,2026-11-20 23:01:11,VLan20,Finance,Router,FTP,306,0.28,0,NO,ACCRA
73,2026-12-02 22:26:27,VLan40,Sales,Server,HTTP,629,2.56,3,NO,KUMASI
74,2026-10-15 09:49:32,VLan20,Finance,Laptop,SSH,289,2.04,15,NO,ACCRA
75,2026-12-01 01:34:59,VLan20,Finance,Server,HTTPS,211,3.02,5,NO,ACCRA
76,2026-04-30 17:48:51,VLan40,Sales,Desktop,HTTP,623,0.88,10,NO,TEMA
77,2026-02-11 02:17:36,VLan10,HR,Laptop,HTTP,131,0.22,1,NO,TAKORADI
78,2026-06-24 04:05:55,VLan40,Sales,Mobile,HTTP,211,4.04,13,NO,TEMA
79,2026-09-21 02:28:50,VLan40,Sales,Router,HTTPS,141,0.92,5,NO,KUMASI
80,2026-11-25 20:26:34,VLan20,Finance,Router,SSH,583,4.99,14,NO,TAKORADI
81,2026-01-19 05:23:46,VLan20,Finance,Laptop,SMTP,530,3.3,9,NO,ACCRA
82,2026-01-06 09:53:34,VLan30,IT,Mobile,FTP,853,4.84,12,NO,KUMASI
83,2026-06-04 03:21:51,VLan30,IT,Router,SMTP,886,3.45,2,NO,TEMA
84,2026-08-06 01:38:13,VLan30,IT,Mobile,DNS,721,0.6,4,NO,ACCRA
85,2026-11-08 21:56:13,VLan20,Finance,Laptop,HTTP,107,2.63,10,NO,TAKORADI
86,2026-04-10 17:24:42,VLan40,Sales,Mobile,SSH,534,3.09,3,NO,Tamale
87,2026-11-07 13:49:06,VLan30,IT,Desktop,DNS,690,4.94,0,NO,Tamale
88,2026-10-27 17:42:29,VLan30,IT,Server,SSH,589,2.04,15,NO,KUMASI
89,2026-08-16 15:49:02,VLan30,IT,Server,HTTP,504,2.58,11,NO,ACCRA
90,2026-12-08 17:17:45,VLan30,IT,Mobile,SMTP,1180,3.89,15,NO,KUMASI
91,2026-10-25 20:16:32,VLan20,Finance,Laptop,SSH,278,2.29,7,NO,TAKORADI
92,2026-04-13 15:50:32,VLan10,HR,Desktop,SSH,630,3,11,NO,KUMASI
93,2026-01-09 08:37:13,VLan40,Sales,Router,SSH,153,3.41,13,NO,Tamale
94,2026-03-15 17:11:53,VLan10,HR,Server,HTTPS,471,0.28,1,NO,KUMASI
95,2026-03-22 00:06:59,VLan10,HR,Server,SMTP,152,1.87,0,NO,TEMA
96,2026-06-24 00:44:43,VLan40,Sales,Server,FTP,595,1.37,7,NO,ACCRA
97,2026-05-20 16:20:56,VLan20,Finance,Laptop,HTTPS,240,1.1,1,NO,ACCRA
98,2026-06-10 00:23:31,VLan40,Sales,Mobile,HTTP,538,4.24,14,NO,KUMASI
99,2026-02-10 19:37:09,VLan20,Finance,Desktop,DNS,651,1.05,12,NO,TAKORADI
100,2026-03-19 14:19:49,VLan10,HR,Laptop,SSH,152,0.58,11,NO,KUMASI
101,2026-11-22 21:04:45,VLan30,IT,Desktop,SSH,1180,3.47,4,YES,ACCRA
102,2026-11-26 09:58:23,VLan20,Finance,Server,DNS,243,1.81,10,NO,KUMASI
103,2026-03-03 03:51:23,VLan30,IT,Desktop,DNS,754,2.88,2,NO,TAKORADI
104,2026-04-26 23:15:02,VLan20,Finance,Desktop,SMTP,388,4.75,3,NO,ACCRA
105,2026-02-10 06:23:45,VLan40,Sales,Mobile,FTP,496,1.25,15,NO,Tamale
106,2026-02-28 17:45:11,VLan20,Finance,Mobile,HTTPS,631,4.17,12,NO,ACCRA
107,2026-05-05 23:11:56,VLan40,Sales,Router,SSH,424,2.01,9,NO,TAKORADI
108,2026-02-07 12:07:47,VLan40,Sales,Router,FTP,305,4.14,11,NO,KUMASI
109,2026-03-31 16:41:59,VLan40,Sales,Router,DNS,674,4.31,15,NO,Tamale
110,2026-05-12 20:09:26,VLan30,IT,Mobile,DNS,1093,1.19,7,NO,Tamale
111,2026-07-15 09:22:43,VLan40,Sales,Mobile,HTTP,521,0.04,1,NO,TEMA
112,2026-04-15 22:22:57,VLan30,IT,Mobile,SMTP,808,0.36,5,NO,Tamale
113,2026-08-01 02:50:18,VLan10,HR,Desktop,SMTP,672,2.46,0,NO,KUMASI
114,2026-03-05 16:09:17,VLan30,IT,Mobile,SMTP,1096,1.42,8,NO,TEMA
115,2026-05-04 07:09:35,VLan20,Finance,Desktop,FTP,643,0.23,4,NO,TEMA
116,2026-06-09 04:12:20,VLan30,IT,Desktop,DNS,559,0.58,3,NO,TEMA
117,2026-08-06 03:45:09,VLan10,HR,Mobile,DNS,160,3.19,10,NO,TAKORADI
118,2026-01-25 01:00:10,VLan10,HR,Desktop,SSH,621,4.77,5,NO,TAKORADI
119,2026-04-09 00:15:36,VLan30,IT,Router,HTTPS,1103,2.96,7,NO,KUMASI
120,2026-03-24 20:01:06,VLan20,Finance,Desktop,SSH,474,3.78,13,NO,TAKORADI
121,2026-05-13 20:48:39,VLan40,Sales,Laptop,HTTPS,491,2.69,15,NO,TEMA
122,2026-07-20 22:51:38,VLan30,IT,Router,DNS,881,1.01,7,NO,ACCRA
123,2026-06-22 05:52:48,VLan20,Finance,Mobile,SMTP,117,3.64,9,NO,KUMASI
124,2026-08-02 20:32:49,VLan40,Sales,Router,SMTP,198,2.49,12,NO,TEMA
125,2026-08-18 18:05:28,VLan30,IT,Server,HTTPS,968,2.06,2,NO,TEMA
126,2026-12-21 10:13:18,VLan30,IT,Desktop,DNS,762,0.01,10,NO,TAKORADI
127,2026-03-26 14:25:16,VLan20,Finance,Laptop,DNS,457,1.24,6,NO,KUMASI
128,2026-10-02 07:44:58,VLan30,IT,Router,SMTP,893,1.18,9,NO,TAKORADI
129,2026-06-30 16:39:23,VLan10,HR,Server,DNS,129,4,3,NO,TEMA
130,2026-02-17 03:16:31,VLan20,Finance,Mobile,DNS,241,2.79,13,NO,TEMA
131,2026-05-11 16:23:58,VLan30,IT,Mobile,FTP,922,3.91,11,YES,Tamale
132,2026-08-06 11:09:12,VLan30,IT,Server,SSH,747,0.51,6,NO,TEMA
133,2026-03-11 14:37:27,VLan10,HR,Mobile,HTTPS,244,2.77,4,NO,ACCRA
134,2026-06-01 13:58:48,VLan10,HR,Router,FTP,155,3.61,7,NO,KUMASI
135,2026-11-16 20:39:32,VLan30,IT,Router,DNS,791,4.68,15,NO,KUMASI
136,2026-07-16 08:27:31,VLan20,Finance,Router,HTTPS,126,2.58,5,NO,TAKORADI
137,2026-11-24 13:21:11,VLan30,IT,Mobile,FTP,664,2.94,11,NO,Tamale
138,2026-03-02 16:14:55,VLan30,IT,Desktop,FTP,761,1.3,6,NO,Tamale
139,2026-10-23 16:22:17,VLan10,HR,Laptop,DNS,392,0.32,0,NO,KUMASI
140,2026-06-11 02:27:30,VLan40,Sales,Laptop,HTTPS,179,2.21,2,NO,ACCRA
141,2026-12-31 00:50:46,VLan20,Finance,Router,FTP,216,2.8,0,NO,Tamale
142,2026-03-14 01:32:39,VLan30,IT,Server,SMTP,770,4.56,6,NO,KUMASI
143,2026-10-22 16:08:52,VLan20,Finance,Server,SMTP,688,0.42,1,NO,ACCRA
144,2026-04-24 11:23:25,VLan10,HR,Server,DNS,564,0.83,13,NO,TEMA
145,2026-09-30 08:55:18,VLan40,Sales,Mobile,DNS,590,2.27,1,NO,TAKORADI
146,2026-10-11 03:41:09,VLan30,IT,Router,DNS,757,1.37,0,NO,TEMA
147,2026-09-27 19:26:04,VLan10,HR,Router,FTP,517,0.1,5,NO,KUMASI
148,2026-03-25 20:03:59,VLan30,IT,Mobile,DNS,910,1.65,8,NO,ACCRA
149,2026-05-12 14:33:48,VLan40,Sales,Mobile,SMTP,551,1.19,4,NO,Tamale
150,2026-01-29 23:05:33,VLan10,HR,Mobile,FTP,381,0.17,12,NO,TAKORADI
151,2026-08-25 04:22:11,VLan20,Finance,Desktop,HTTP,497,3.96,10,NO,KUMASI
152,2026-10-20 22:38:28,VLan40,Sales,Router,FTP,130,1.92,14,NO,ACCRA
153,2026-11-11 07:27:01,VLan20,Finance,Laptop,HTTP,468,3.57,12,NO,TEMA
154,2026-10-21 00:05:31,VLan40,Sales,Mobile,DNS,173,0.73,7,NO,ACCRA
155,2026-07-07 21:29:05,VLan10,HR,Router,HTTP,123,2.26,4,NO,Tamale
156,2026-07-11 19:01:46,VLan10,HR,Mobile,SMTP,404,0.53,11,NO,TAKORADI
157,2026-09-10 06:19:57,VLan20,Finance,Router,SSH,344,3.02,0,NO,Tamale
158,2026-04-20 01:48:56,VLan10,HR,Laptop,SSH,633,0.56,7,NO,TEMA
159,2026-02-16 12:23:45,VLan20,Finance,Mobile,HTTPS,546,2.1,4,NO,TEMA
160,2026-01-10 04:36:47,VLan40,Sales,Server,DNS,684,1.74,11,NO,TAKORADI
161,2026-07-02 04:46:21,VLan20,Finance,Router,SMTP,109,0.88,11,NO,TAKORADI
162,2026-09-02 23:55:24,VLan20,Finance,Server,HTTP,267,0.57,10,NO,ACCRA
163,2026-03-08 01:17:40,VLan20,Finance,Router,SMTP,116,3.13,5,NO,KUMASI
164,2026-07-03 09:11:04,VLan30,IT,Laptop,HTTP,1184,4.4,13,NO,Tamale
165,2026-10-29 22:19:54,VLan40,Sales,Laptop,HTTPS,207,1.82,9,NO,ACCRA
166,2026-06-07 03:47:41,VLan40,Sales,Desktop,HTTP,525,1.18,2,NO,KUMASI
167,2026-11-25 06:30:09,VLan30,IT,Server,DNS,1058,1.14,13,NO,TEMA
168,2026-12-09 10:52:45,VLan40,Sales,Desktop,SSH,159,3.39,8,NO,TAKORADI
169,2026-08-17 07:54:03,VLan20,Finance,Laptop,HTTP,481,2.27,10,NO,KUMASI
170,2026-07-19 14:21:54,VLan40,Sales,Mobile,HTTPS,101,2.62,11,NO,KUMASI
171,2026-05-20 19:16:58,VLan10,HR,Desktop,DNS,133,1.21,7,NO,ACCRA
172,2026-08-06 08:13:26,VLan20,Finance,Server,DNS,383,1.29,7,NO,Tamale
173,2026-11-23 23:46:56,VLan30,IT,Router,SSH,705,0.58,9,NO,ACCRA
174,2026-02-21 06:42:12,VLan20,Finance,Server,FTP,533,3.99,1,NO,TEMA
175,2026-09-17 14:50:34,VLan40,Sales,Router,SSH,666,1.09,2,NO,Tamale
176,2026-02-22 14:12:55,VLan30,IT,Router,SMTP,1166,0.21,2,NO,ACCRA
177,2026-02-02 00:20:47,VLan10,HR,Router,FTP,620,2.14,4,NO,TAKORADI
178,2026-07-17 05:24:29,VLan20,Finance,Mobile,SMTP,570,4.1,1,NO,TEMA
179,2026-11-14 11:32:26,VLan30,IT,Desktop,HTTPS,581,1.67,2,NO,TAKORADI
180,2026-03-21 00:39:07,VLan30,IT,Router,DNS,798,4.87,11,NO,TAKORADI
181,2026-06-26 05:56:52,VLan20,Finance,Desktop,SMTP,691,0.43,2,NO,TAKORADI
182,2026-12-11 05:49:44,VLan20,Finance,Router,SSH,606,3.84,15,NO,TAKORADI
183,2026-06-25 06:37:06,VLan10,HR,Mobile,SMTP,414,1.51,14,NO,TAKORADI
184,2026-06-26 08:14:44,VLan30,IT,Desktop,HTTPS,741,1.2,12,NO,TAKORADI
185,2026-06-20 12:15:32,VLan10,HR,Server,SSH,486,1.12,14,NO,TAKORADI
186,2026-12-04 03:03:59,VLan10,HR,Router,HTTPS,241,3.74,14,NO,Tamale
187,2026-12-09 02:20:47,VLan40,Sales,Router,DNS,238,2.44,4,NO,TAKORADI
188,2026-08-01 09:13:04,VLan40,Sales,Router,FTP,102,4.62,7,NO,TAKORADI
189,2026-02-17 07:08:26,VLan30,IT,Router,DNS,730,1.73,10,NO,TEMA
190,2026-11-29 19:50:10,VLan40,Sales,Laptop,HTTP,327,2.97,4,NO,Tamale
191,2026-11-30 02:02:12,VLan10,HR,Server,HTTPS,592,4.05,14,NO,TEMA
192,2026-10-21 12:33:38,VLan30,IT,Server,DNS,1029,3.48,15,NO,KUMASI
193,2026-07-29 17:28:24,VLan40,Sales,Server,SMTP,308,1.49,8,NO,TAKORADI
194,2026-01-10 21:56:37,VLan40,Sales,Server,HTTP,396,3.56,10,NO,ACCRA
195,2026-06-07 23:51:11,VLan10,HR,Laptop,SMTP,410,4.58,5,NO,KUMASI
196,2026-07-22 20:47:37,VLan40,Sales,Desktop,SSH,291,2.93,8,NO,KUMASI
197,2026-08-05 09:30:38,VLan20,Finance,Server,HTTPS,244,4.22,7,NO,Tamale
198,2026-03-09 14:22:35,VLan10,HR,Laptop,DNS,483,2.8,8,NO,Tamale
199,2026-02-18 17:58:09,VLan20,Finance,Mobile,SMTP,371,3.45,8,NO,KUMASI
200,2026-06-16 08:17:48,VLan10,HR,Mobile,SSH,587,0.94,3,NO,KUMASI
201,2026-12-27 10:46:01,VLan30,IT,Laptop,HTTP,978,4.36,12,NO,Tamale
202,2026-07-24 16:28:44,VLan10,HR,Desktop,SMTP,152,0.89,1,NO,TEMA
203,2026-06-02 15:34:43,VLan20,Finance,Server,HTTP,259,4.28,15,NO,TEMA
204,2026-07-26 14:10:27,VLan20,Finance,Router,SSH,194,3.8,10,NO,KUMASI
205,2026-10-31 02:01:04,VLan40,Sales,Router,HTTPS,667,0.56,2,NO,Tamale
206,2026-02-14 19:50:41,VLan20,Finance,Server,DNS,199,1.77,12,NO,Tamale
207,2026-01-03 14:26:59,VLan20,Finance,Desktop,HTTP,223,0.77,6,NO,KUMASI
208,2026-06-13 08:34:15,VLan10,HR,Router,FTP,261,4.61,1,NO,Tamale
209,2026-08-07 11:49:08,VLan10,HR,Router,HTTPS,447,0.09,5,NO,Tamale
210,2026-11-30 16:36:02,VLan40,Sales,Mobile,SSH,694,0,2,NO,Tamale
211,2026-11-01 11:00:21,VLan10,HR,Laptop,HTTPS,653,3.61,5,NO,ACCRA
212,2026-04-25 02:20:28,VLan40,Sales,Mobile,HTTP,362,4.48,6,NO,TEMA
213,2026-04-24 20:26:39,VLan30,IT,Server,SSH,820,2.98,4,NO,ACCRA
214,2026-01-12 19:28:39,VLan10,HR,Desktop,FTP,122,4.94,10,NO,TAKORADI
215,2026-11-23 14:37:26,VLan40,Sales,Desktop,FTP,118,1.84,0,NO,KUMASI
216,2026-09-23 15:32:32,VLan10,HR,Desktop,SSH,208,1.4,4,NO,TEMA
217,2026-03-19 17:39:03,VLan30,IT,Mobile,FTP,1151,3.38,7,YES,TEMA
218,2026-04-14 18:06:58,VLan30,IT,Router,SSH,588,4.03,4,NO,KUMASI
219,2026-02-13 14:41:52,VLan30,IT,Desktop,FTP,539,3.24,13,NO,TEMA
220,2026-05-08 01:29:49,VLan30,IT,Mobile,SSH,699,0.37,14,NO,TEMA
221,2026-08-15 13:04:50,VLan10,HR,Desktop,HTTPS,258,4.11,9,NO,ACCRA
222,2026-11-04 23:54:42,VLan20,Finance,Server,DNS,438,0.12,6,NO,ACCRA
223,2026-01-28 14:45:47,VLan20,Finance,Desktop,DNS,153,0.53,5,NO,TEMA
224,2026-06-25 09:56:18,VLan30,IT,Desktop,SMTP,740,0.09,8,NO,TAKORADI
225,2026-01-10 04:41:00,VLan10,HR,Laptop,SMTP,570,1.12,11,NO,TAKORADI
226,2026-05-02 00:50:52,VLan30,IT,Server,SSH,1075,4.56,8,YES,TEMA
227,2026-07-30 15:21:01,VLan40,Sales,Laptop,SSH,237,3.99,11,NO,TEMA
228,2026-06-11 16:38:15,VLan10,HR,Mobile,DNS,654,4.94,0,NO,TAKORADI
229,2026-12-11 00:20:38,VLan10,HR,Router,HTTPS,140,0.87,10,NO,TEMA
230,2026-11-18 09:41:46,VLan40,Sales,Server,SMTP,571,0.25,13,NO,Tamale
231,2026-11-17 00:37:09,VLan10,HR,Mobile,DNS,190,0.66,5,NO,KUMASI
232,2026-08-27 20:20:33,VLan10,HR,Desktop,HTTP,576,4.46,15,NO,TAKORADI
233,2026-10-06 12:42:24,VLan20,Finance,Laptop,FTP,450,4.52,7,NO,KUMASI
234,2026-11-15 00:03:18,VLan30,IT,Router,HTTP,1165,2.26,15,NO,Tamale
235,2026-03-15 06:58:57,VLan30,IT,Mobile,SSH,954,0.35,11,YES,KUMASI
236,2026-07-04 17:13:50,VLan30,IT,Laptop,FTP,1126,2.84,2,YES,KUMASI
237,2026-04-21 21:34:41,VLan20,Finance,Mobile,SSH,607,1.98,0,NO,Tamale
238,2026-12-04 06:51:26,VLan10,HR,Server,FTP,379,0.52,7,NO,KUMASI
239,2026-10-29 06:19:23,VLan40,Sales,Server,SMTP,358,0.71,10,NO,ACCRA
240,2026-03-04 12:45:16,VLan30,IT,Router,HTTPS,918,2.19,7,NO,TAKORADI
241,2026-05-20 13:35:03,VLan40,Sales,Mobile,HTTPS,166,1.26,11,NO,Tamale
242,2026-11-23 16:27:18,VLan30,IT,Server,SMTP,812,2.67,2,NO,ACCRA
243,2026-10-15 21:04:22,VLan20,Finance,Server,DNS,685,0.57,7,NO,TAKORADI
244,2026-08-02 12:56:31,VLan10,HR,Laptop,FTP,323,3.11,13,NO,Tamale
245,2026-01-28 09:11:55,VLan10,HR,Server,SMTP,634,3.7,3,NO,KUMASI
246,2026-08-30 22:52:01,VLan20,Finance,Server,FTP,633,4.64,0,NO,TEMA
247,2026-03-05 00:15:58,VLan10,HR,Server,FTP,345,3.38,14,NO,TEMA
248,2026-06-04 00:42:54,VLan30,IT,Mobile,SMTP,819,2.51,0,NO,Tamale
249,2026-11-09 22:41:42,VLan20,Finance,Laptop,HTTP,582,0.14,14,NO,TEMA
250,2026-04-19 17:21:11,VLan40,Sales,Mobile,DNS,452,4.66,14,NO,KUMASI
251,2026-10-11 16:29:48,VLan30,IT,Mobile,HTTPS,842,0.31,2,NO,KUMASI
252,2026-06-28 15:50:24,VLan20,Finance,Mobile,HTTPS,306,0.03,3,NO,KUMASI
253,2026-01-16 00:40:34,VLan20,Finance,Server,FTP,133,1.62,14,NO,Tamale
254,2026-02-22 17:04:11,VLan40,Sales,Mobile,FTP,485,0.02,8,NO,KUMASI
255,2026-02-18 03:47:00,VLan40,Sales,Laptop,SSH,289,1.06,2,NO,TAKORADI
256,2026-11-10 17:25:27,VLan40,Sales,Router,SMTP,630,4.48,15,NO,Tamale
257,2026-07-08 02:30:44,VLan20,Finance,Desktop,HTTPS,565,1.49,10,NO,ACCRA
258,2026-06-16 11:18:07,VLan10,HR,Router,FTP,373,2.68,6,NO,TAKORADI
259,2026-07-06 22:35:02,VLan20,Finance,Laptop,FTP,476,2.02,7,NO,Tamale
260,2026-02-12 19:05:47,VLan20,Finance,Mobile,DNS,607,2.72,2,NO,KUMASI
261,2026-10-24 05:45:00,VLan20,Finance,Server,SMTP,117,2.95,2,NO,ACCRA
262,2026-04-04 09:24:17,VLan30,IT,Router,SMTP,987,1.77,11,NO,TAKORADI
263,2026-06-28 12:23:50,VLan30,IT,Laptop,FTP,821,0.68,2,NO,KUMASI
264,2026-06-13 12:09:30,VLan20,Finance,Laptop,FTP,552,2.09,13,NO,Tamale
265,2026-11-23 03:35:56,VLan30,IT,Laptop,HTTP,1167,1,10,NO,Tamale
266,2026-08-14 11:59:58,VLan20,Finance,Laptop,HTTPS,596,3.28,5,NO,TAKORADI
267,2026-10-23 13:57:16,VLan30,IT,Laptop,HTTP,660,0.41,14,NO,TEMA
268,2026-11-24 08:12:11,VLan20,Finance,Laptop,FTP,595,4.09,5,NO,TAKORADI
269,2026-05-26 06:36:59,VLan30,IT,Desktop,DNS,1029,4.1,5,NO,TAKORADI
270,2026-07-15 20:18:15,VLan20,Finance,Server,HTTP,389,3.88,13,NO,ACCRA
271,2026-04-11 18:27:26,VLan40,Sales,Laptop,HTTPS,322,0.92,12,NO,Tamale
272,2026-07-05 13:29:26,VLan20,Finance,Mobile,HTTPS,266,1.15,1,NO,Tamale
273,2026-10-19 01:05:59,VLan30,IT,Laptop,HTTPS,1084,3.49,2,NO,Tamale
274,2026-07-31 12:23:03,VLan20,Finance,Server,SSH,439,2.96,7,NO,TEMA
275,2026-07-24 10:49:08,VLan40,Sales,Desktop,DNS,177,0.22,9,NO,TAKORADI
276,2026-03-13 01:11:11,VLan40,Sales,Server,SMTP,363,0.95,8,NO,ACCRA
277,2026-04-13 03:28:58,VLan40,Sales,Router,HTTP,700,4.27,8,NO,ACCRA
278,2026-03-15 17:09:22,VLan20,Finance,Mobile,SMTP,233,1.83,2,NO,Tamale
279,2026-03-27 00:47:24,VLan10,HR,Desktop,DNS,509,0.86,13,NO,TAKORADI
280,2026-06-27 06:02:16,VLan10,HR,Router,DNS,352,3.34,13,NO,TEMA
281,2026-08-24 04:30:33,VLan30,IT,Server,HTTP,637,0.06,5,NO,ACCRA
282,2026-05-27 20:22:58,VLan10,HR,Router,HTTPS,266,1.65,11,NO,Tamale
283,2026-02-26 07:23:31,VLan30,IT,Router,HTTP,1108,4.37,14,NO,TEMA
284,2026-07-06 20:17:39,VLan10,HR,Server,HTTPS,134,3.64,13,NO,TAKORADI
285,2026-03-30 13:21:07,VLan40,Sales,Mobile,SSH,532,2.04,4,NO,Tamale
286,2026-04-15 04:33:58,VLan30,IT,Laptop,HTTP,1082,3.57,0,NO,ACCRA
287,2026-09-09 14:11:01,VLan40,Sales,Router,FTP,434,4.27,13,NO,TAKORADI
288,2026-04-03 08:28:41,VLan40,Sales,Desktop,FTP,511,4.36,3,NO,TAKORADI
289,2026-04-20 03:26:30,VLan10,HR,Laptop,DNS,612,0.46,7,NO,KUMASI
290,2026-10-05 18:10:20,VLan20,Finance,Mobile,DNS,422,3.03,8,NO,KUMASI
291,2026-11-23 19:46:10,VLan10,HR,Server,SMTP,274,3.62,11,NO,Tamale
292,2026-09-09 01:26:37,VLan40,Sales,Mobile,SMTP,500,0.72,1,NO,TAKORADI
293,2026-09-24 18:58:21,VLan20,Finance,Router,SSH,513,1.17,5,NO,KUMASI
294,2026-01-17 18:11:47,VLan10,HR,Router,SSH,235,4.15,9,NO,KUMASI
295,2026-05-25 14:29:59,VLan20,Finance,Mobile,DNS,298,3.25,6,NO,TAKORADI
296,2026-05-25 14:25:27,VLan20,Finance,Mobile,DNS,416,1.54,4,NO,TAKORADI
297,2026-12-02 23:47:49,VLan10,HR,Server,HTTPS,597,0.77,0,NO,KUMASI
298,2026-05-12 05:07:41,VLan40,Sales,Desktop,HTTP,465,0.12,1,NO,ACCRA
299,2026-07-12 05:21:57,VLan40,Sales,Desktop,HTTP,564,0.42,14,NO,TEMA
300,2026-05-14 18:52:08,VLan40,Sales,Desktop,SSH,109,2.79,12,NO,ACCRA
301,2026-07-21 01:07:47,VLan10,HR,Server,HTTPS,674,0.14,5,NO,Tamale
302,2026-04-09 20:20:01,VLan20,Finance,Mobile,DNS,213,0.1,13,NO,ACCRA
303,2026-04-26 16:53:20,VLan20,Finance,Server,SMTP,323,2.62,4,NO,KUMASI
304,2026-07-19 18:02:10,VLan30,IT,Router,FTP,1061,2.69,0,YES,ACCRA
305,2026-03-01 21:42:33,VLan10,HR,Router,DNS,302,3.88,15,NO,TAKORADI
306,2026-09-12 18:36:38,VLan10,HR,Mobile,HTTP,571,0.31,3,NO,TAKORADI
307,2026-10-16 14:54:46,VLan10,HR,Server,SSH,551,3.38,5,NO,Tamale
308,2026-05-16 17:01:01,VLan40,Sales,Mobile,HTTP,450,2.54,10,NO,TEMA
309,2026-12-14 10:26:21,VLan40,Sales,Mobile,DNS,552,4.07,1,NO,TEMA
310,2026-02-25 17:47:55,VLan30,IT,Server,HTTP,1080,4.76,11,NO,TAKORADI
311,2026-12-20 02:41:52,VLan30,IT,Mobile,FTP,704,4.5,8,NO,Tamale
312,2026-09-05 08:30:54,VLan10,HR,Server,SSH,689,3.18,9,NO,TAKORADI
313,2026-10-18 19:23:56,VLan10,HR,Mobile,SMTP,179,2.26,15,NO,ACCRA
314,2026-08-13 00:18:17,VLan10,HR,Desktop,SMTP,350,2.03,4,NO,TEMA
315,2026-11-22 00:21:46,VLan40,Sales,Server,FTP,385,1.04,7,NO,TAKORADI
316,2026-02-23 19:48:01,VLan30,IT,Laptop,HTTP,846,3.22,13,NO,Tamale
317,2026-06-20 17:34:14,VLan10,HR,Laptop,DNS,265,1.71,10,NO,Tamale
318,2026-03-30 17:55:18,VLan10,HR,Router,SSH,621,1.39,6,NO,ACCRA
319,2026-08-11 14:31:33,VLan10,HR,Router,HTTP,547,4.91,10,NO,KUMASI
320,2026-08-21 10:17:28,VLan20,Finance,Desktop,SSH,272,1.59,1,NO,KUMASI
321,2026-10-04 14:16:08,VLan40,Sales,Desktop,FTP,407,0.44,7,NO,TEMA
322,2026-08-25 04:54:17,VLan20,Finance,Desktop,SMTP,573,3.79,1,NO,Tamale
323,2026-02-06 11:54:43,VLan10,HR,Desktop,SSH,550,2.93,1,NO,TEMA
324,2026-06-09 20:20:02,VLan30,IT,Laptop,HTTPS,603,1.39,4,NO,TAKORADI
325,2026-10-11 01:34:39,VLan20,Finance,Router,FTP,691,4.99,3,NO,Tamale
326,2026-08-26 00:03:10,VLan40,Sales,Laptop,FTP,436,0.92,5,NO,Tamale
327,2026-09-04 20:29:12,VLan20,Finance,Server,HTTP,184,2.89,5,NO,ACCRA
328,2026-12-06 22:14:36,VLan20,Finance,Server,SSH,133,2.6,9,NO,TAKORADI
329,2026-03-18 07:24:28,VLan10,HR,Router,SMTP,122,1.47,15,NO,TAKORADI
330,2026-10-27 14:35:16,VLan20,Finance,Server,DNS,466,4.88,1,NO,KUMASI
331,2026-09-27 21:28:58,VLan20,Finance,Server,FTP,428,0.49,4,NO,TAKORADI
332,2026-06-09 19:04:10,VLan30,IT,Mobile,DNS,1058,0.63,5,NO,KUMASI
333,2026-06-09 13:09:11,VLan40,Sales,Mobile,FTP,305,1.24,0,NO,KUMASI
334,2026-12-13 22:08:12,VLan10,HR,Router,SSH,331,2.96,8,NO,TAKORADI
335,2026-11-21 06:52:37,VLan10,HR,Router,HTTPS,431,3.75,1,NO,TAKORADI
336,2026-09-02 12:30:22,VLan40,Sales,Desktop,SMTP,341,1.5,1,NO,TEMA
337,2026-06-28 21:58:19,VLan30,IT,Laptop,SMTP,668,0.69,2,NO,Tamale
338,2026-02-20 03:25:12,VLan10,HR,Server,SSH,544,0.39,5,NO,ACCRA
339,2026-04-28 12:51:53,VLan20,Finance,Router,HTTPS,417,0.15,6,NO,ACCRA
340,2026-12-19 11:28:10,VLan30,IT,Laptop,SSH,887,0.19,3,NO,ACCRA
341,2026-02-22 11:34:33,VLan30,IT,Mobile,DNS,1074,2.73,13,NO,TEMA
342,2026-10-15 17:55:06,VLan30,IT,Desktop,HTTP,792,3.1,14,NO,Tamale
343,2026-05-13 03:26:02,VLan20,Finance,Mobile,SSH,436,0.34,0,NO,ACCRA
344,2026-01-13 20:31:10,VLan40,Sales,Desktop,HTTPS,505,3.51,3,NO,Tamale
345,2026-09-15 18:15:44,VLan40,Sales,Laptop,SMTP,517,4.26,7,NO,TAKORADI
346,2026-04-19 20:06:26,VLan30,IT,Desktop,HTTPS,975,1.75,7,NO,ACCRA
347,2026-11-01 00:23:46,VLan20,Finance,Router,SMTP,656,0.28,7,NO,KUMASI
348,2026-03-11 00:22:36,VLan20,Finance,Desktop,FTP,623,4.1,15,NO,TAKORADI
349,2026-09-17 13:00:26,VLan40,Sales,Router,SSH,632,4.76,14,NO,TEMA
350,2026-06-12 00:47:39,VLan10,HR,Desktop,HTTP,434,0.01,8,NO,KUMASI
351,2026-03-15 16:07:43,VLan30,IT,Router,FTP,1139,4.12,10,YES,TEMA
352,2026-05-03 18:40:57,VLan20,Finance,Mobile,SMTP,425,1.35,1,NO,Tamale
353,2026-05-24 23:49:57,VLan40,Sales,Desktop,FTP,475,4.36,6,NO,TEMA
354,2026-12-24 22:35:19,VLan10,HR,Laptop,SMTP,184,4.56,8,NO,TAKORADI
355,2026-12-07 09:20:56,VLan30,IT,Laptop,DNS,825,2.57,7,NO,TAKORADI
356,2026-06-30 04:51:28,VLan10,HR,Laptop,SSH,206,1.41,7,NO,KUMASI
357,2026-05-31 10:17:46,VLan40,Sales,Mobile,FTP,145,2.33,13,NO,KUMASI
358,2026-10-25 16:39:31,VLan20,Finance,Mobile,HTTP,269,0.92,4,NO,TEMA
359,2026-07-21 19:17:09,VLan10,HR,Mobile,SSH,612,2.64,0,NO,KUMASI
360,2026-10-06 14:00:01,VLan10,HR,Mobile,FTP,576,3.94,6,NO,TAKORADI
361,2026-08-18 03:26:25,VLan40,Sales,Mobile,HTTP,181,0.2,0,NO,TEMA
362,2026-10-02 01:56:18,VLan20,Finance,Mobile,DNS,281,4.21,2,NO,TAKORADI
363,2026-02-01 18:23:39,VLan20,Finance,Desktop,HTTP,278,3.41,11,NO,Tamale
364,2026-06-20 12:31:09,VLan10,HR,Laptop,HTTP,337,4.17,11,NO,ACCRA
365,2026-06-09 00:28:55,VLan10,HR,Desktop,DNS,671,2.68,0,NO,KUMASI
366,2026-06-21 20:55:35,VLan40,Sales,Mobile,DNS,557,4.05,13,NO,TAKORADI
367,2026-07-11 10:56:53,VLan20,Finance,Router,DNS,507,2.06,13,NO,KUMASI
368,2026-11-04 07:22:42,VLan40,Sales,Mobile,DNS,512,2.64,2,NO,ACCRA
369,2026-11-26 00:06:17,VLan30,IT,Server,DNS,630,0.02,13,NO,KUMASI
370,2026-10-03 07:56:41,VLan20,Finance,Router,DNS,170,3.15,13,NO,Tamale
371,2026-01-22 11:44:22,VLan20,Finance,Router,SMTP,283,0.28,9,NO,ACCRA
372,2026-10-13 14:34:57,VLan10,HR,Server,SMTP,297,4.15,9,NO,TAKORADI
373,2026-02-12 12:48:39,VLan40,Sales,Laptop,SMTP,471,1.92,3,NO,KUMASI
374,2026-03-02 11:31:40,VLan40,Sales,Mobile,HTTP,554,4.94,13,NO,TEMA
375,2026-08-24 17:18:51,VLan30,IT,Mobile,DNS,980,4.19,8,NO,TAKORADI
376,2026-01-05 22:35:48,VLan40,Sales,Server,SSH,675,2.28,8,NO,Tamale
377,2026-09-20 15:29:31,VLan40,Sales,Mobile,SSH,524,3.91,5,NO,KUMASI
378,2026-11-24 04:54:04,VLan40,Sales,Router,HTTPS,433,1.31,11,NO,ACCRA
379,2026-09-23 07:51:52,VLan20,Finance,Server,HTTP,178,2.96,1,NO,TEMA
380,2026-08-21 23:03:57,VLan40,Sales,Desktop,SMTP,441,2.17,6,NO,ACCRA
381,2026-09-22 09:47:47,VLan10,HR,Laptop,DNS,275,0.97,8,NO,TEMA
382,2026-06-26 19:11:30,VLan10,HR,Router,SMTP,431,2.37,11,NO,ACCRA
383,2026-12-24 10:45:23,VLan30,IT,Desktop,SSH,1150,4.79,3,YES,TAKORADI
384,2026-02-28 19:28:07,VLan10,HR,Server,HTTP,287,0.01,8,NO,KUMASI
385,2026-08-14 07:59:38,VLan10,HR,Laptop,HTTPS,667,2.76,2,NO,KUMASI
386,2026-01-14 10:07:01,VLan40,Sales,Server,DNS,524,1.91,1,NO,ACCRA
387,2026-07-25 22:35:33,VLan20,Finance,Mobile,DNS,401,2.89,15,NO,Tamale
388,2026-06-23 10:06:42,VLan40,Sales,Mobile,HTTP,608,3.4,5,NO,TEMA
389,2026-02-10 12:16:23,VLan10,HR,Laptop,SMTP,691,3.51,12,NO,TEMA
390,2026-11-13 03:10:02,VLan40,Sales,Desktop,FTP,277,2.6,4,NO,TEMA
391,2026-07-03 10:03:38,VLan20,Finance,Laptop,SMTP,498,2.34,12,NO,KUMASI
392,2026-06-02 04:32:37,VLan10,HR,Router,SMTP,407,0.35,1,NO,TEMA
393,2026-06-11 18:53:39,VLan10,HR,Server,FTP,668,2.5,12,NO,TEMA
394,2026-09-17 09:37:57,VLan10,HR,Router,HTTPS,560,0.9,5,NO,Tamale
395,2026-04-19 21:44:31,VLan40,Sales,Desktop,DNS,674,4.01,8,NO,KUMASI
396,2026-08-05 10:02:28,VLan10,HR,Desktop,HTTPS,328,4.6,14,NO,TAKORADI
397,2026-02-16 05:11:22,VLan40,Sales,Laptop,DNS,341,2.09,10,NO,TEMA
398,2026-11-03 13:36:45,VLan10,HR,Router,DNS,647,1.49,15,NO,KUMASI
399,2026-11-10 18:14:56,VLan40,Sales,Mobile,SSH,661,2.59,10,NO,KUMASI
400,2026-06-25 11:51:12,VLan30,IT,Router,SMTP,848,0.71,5,NO,Tamale
401,2026-02-04 12:24:41,VLan30,IT,Server,HTTP,1191,1.51,15,NO,TEMA
402,2026-03-19 18:02:49,VLan10,HR,Desktop,DNS,341,1.14,5,NO,KUMASI
403,2026-07-28 08:49:55,VLan10,HR,Desktop,FTP,538,2.42,4,NO,TEMA
404,2026-11-08 04:27:31,VLan10,HR,Laptop,SMTP,283,1.2,11,NO,Tamale
405,2026-01-14 01:20:54,VLan20,Finance,Router,SSH,120,0.66,2,NO,TAKORADI
406,2026-02-06 13:44:47,VLan10,HR,Laptop,HTTPS,342,0.87,13,NO,Tamale
407,2026-08-07 07:54:29,VLan30,IT,Server,HTTPS,1126,2.42,15,NO,TAKORADI
408,2026-01-14 06:25:26,VLan10,HR,Mobile,HTTPS,116,3.37,1,NO,TEMA
409,2026-10-11 21:13:44,VLan40,Sales,Desktop,HTTPS,609,0.48,15,NO,KUMASI
410,2026-07-04 07:05:07,VLan10,HR,Desktop,SSH,110,2.31,14,NO,TEMA
411,2026-05-18 17:44:24,VLan20,Finance,Mobile,HTTP,463,1.78,6,NO,ACCRA
412,2026-04-09 18:13:22,VLan20,Finance,Router,DNS,607,4.12,8,NO,KUMASI
413,2026-01-08 00:50:45,VLan40,Sales,Router,DNS,469,1.72,14,NO,ACCRA
414,2026-10-28 19:48:52,VLan20,Finance,Router,SMTP,528,3.03,11,NO,TEMA
415,2026-07-26 07:27:22,VLan40,Sales,Desktop,FTP,539,0.43,6,NO,ACCRA
416,2026-06-09 14:06:46,VLan40,Sales,Mobile,HTTP,353,2.39,13,NO,TEMA
417,2026-06-07 05:04:46,VLan30,IT,Router,DNS,903,4.51,4,NO,TEMA
418,2026-05-24 23:38:31,VLan10,HR,Desktop,HTTP,583,1.95,7,NO,Tamale
419,2026-10-10 20:02:16,VLan20,Finance,Mobile,HTTPS,478,4.71,0,NO,TAKORADI
420,2026-11-15 00:50:31,VLan10,HR,Router,FTP,153,4.26,5,NO,ACCRA
421,2026-12-18 10:52:55,VLan40,Sales,Mobile,SSH,585,2.5,1,NO,ACCRA
422,2026-08-19 06:09:27,VLan20,Finance,Desktop,SSH,377,4.73,9,NO,Tamale
423,2026-08-24 03:41:30,VLan40,Sales,Server,SSH,225,1.86,13,NO,ACCRA
424,2026-10-23 02:19:49,VLan40,Sales,Desktop,FTP,517,4.9,9,NO,TEMA
425,2026-01-26 11:24:50,VLan40,Sales,Mobile,FTP,538,1.03,7,NO,TEMA
426,2026-04-14 17:50:13,VLan20,Finance,Laptop,FTP,349,0.64,13,NO,KUMASI
427,2026-05-27 09:40:03,VLan30,IT,Mobile,HTTP,954,1.68,4,NO,TAKORADI
428,2026-02-03 20:31:51,VLan30,IT,Router,FTP,871,2,9,NO,ACCRA
429,2026-01-25 16:08:02,VLan30,IT,Server,SMTP,639,0.81,4,NO,TAKORADI
430,2026-01-27 05:24:58,VLan40,Sales,Mobile,SSH,655,1.3,12,NO,TAKORADI
431,2026-03-06 13:44:54,VLan40,Sales,Desktop,SMTP,663,1.54,12,NO,KUMASI
432,2026-04-03 05:21:18,VLan40,Sales,Mobile,HTTPS,555,0.42,12,NO,Tamale
433,2026-11-24 12:09:00,VLan10,HR,Server,HTTP,539,2.31,14,NO,TEMA
434,2026-11-29 04:44:49,VLan20,Finance,Desktop,HTTPS,619,0.19,10,NO,ACCRA
435,2026-12-05 11:31:45,VLan40,Sales,Router,HTTP,193,0.56,8,NO,KUMASI
436,2026-03-25 02:00:13,VLan20,Finance,Desktop,SSH,137,2.19,14,NO,TAKORADI
437,2026-06-22 11:45:09,VLan20,Finance,Server,SSH,178,1.61,14,NO,ACCRA
438,2026-04-15 21:51:46,VLan10,HR,Server,SMTP,376,1.03,1,NO,KUMASI
439,2026-11-12 17:56:12,VLan10,HR,Laptop,DNS,681,4.92,6,NO,TEMA
440,2026-08-17 15:22:33,VLan10,HR,Router,DNS,125,1.5,9,NO,ACCRA
441,2026-11-24 18:17:51,VLan30,IT,Server,FTP,874,3.64,11,NO,Tamale
442,2026-03-22 01:33:29,VLan30,IT,Desktop,HTTPS,627,3.92,12,NO,Tamale
443,2026-10-19 01:41:37,VLan20,Finance,Desktop,SMTP,129,3.37,13,NO,ACCRA
444,2026-06-20 16:39:42,VLan40,Sales,Laptop,SMTP,235,3.51,15,NO,TAKORADI
445,2026-07-13 08:53:50,VLan20,Finance,Laptop,HTTPS,538,4.53,8,NO,TEMA
446,2026-08-08 03:04:01,VLan30,IT,Router,DNS,630,0.06,8,NO,TEMA
447,2026-07-13 12:29:29,VLan10,HR,Router,FTP,151,4.17,10,NO,ACCRA
448,2026-06-19 21:06:01,VLan20,Finance,Router,HTTPS,391,2.24,5,NO,ACCRA
449,2026-06-17 07:53:25,VLan40,Sales,Laptop,SMTP,601,3.03,10,NO,TAKORADI
450,2026-02-10 13:09:27,VLan10,HR,Mobile,FTP,521,2.9,12,NO,TEMA
451,2026-07-03 08:06:49,VLan40,Sales,Mobile,FTP,422,1.55,15,NO,ACCRA
452,2026-09-27 06:35:17,VLan10,HR,Server,FTP,510,2.22,7,NO,KUMASI
453,2026-05-27 18:32:16,VLan40,Sales,Router,FTP,290,3.98,0,NO,TAKORADI
454,2026-07-26 20:25:36,VLan40,Sales,Router,FTP,192,2.7,1,NO,Tamale
455,2026-11-26 01:50:06,VLan40,Sales,Desktop,SSH,132,2.41,2,NO,ACCRA
456,2026-03-23 16:54:55,VLan40,Sales,Server,DNS,653,3.01,5,NO,KUMASI
457,2026-10-31 10:22:15,VLan40,Sales,Laptop,DNS,427,2.15,5,NO,TEMA
458,2026-07-30 14:19:38,VLan40,Sales,Router,SMTP,329,0.88,14,NO,TEMA
459,2026-03-19 19:37:38,VLan10,HR,Router,FTP,656,4.96,1,NO,TEMA
460,2026-10-08 03:35:02,VLan10,HR,Router,DNS,286,2.78,5,NO,Tamale
461,2026-02-26 21:00:04,VLan40,Sales,Server,SMTP,381,1.93,12,NO,TEMA
462,2026-06-15 11:41:06,VLan20,Finance,Server,HTTPS,364,4.95,14,NO,TAKORADI
463,2026-05-16 21:04:05,VLan10,HR,Mobile,FTP,431,4.38,2,NO,KUMASI
464,2026-06-07 20:10:31,VLan20,Finance,Laptop,FTP,647,2.36,6,NO,ACCRA
465,2026-07-10 09:00:09,VLan30,IT,Laptop,FTP,522,0.86,14,NO,Tamale
466,2026-06-30 22:52:13,VLan10,HR,Server,HTTP,665,2.36,9,NO,ACCRA
467,2026-07-14 16:57:53,VLan20,Finance,Server,SMTP,191,2.58,7,NO,KUMASI
468,2026-08-03 21:28:24,VLan30,IT,Router,HTTPS,803,1.47,14,NO,KUMASI
469,2026-02-08 17:54:45,VLan20,Finance,Desktop,DNS,355,1.11,7,NO,TEMA
470,2026-08-06 20:22:34,VLan20,Finance,Desktop,HTTPS,353,3.2,5,NO,TEMA
471,2026-12-20 09:52:25,VLan30,IT,Desktop,HTTPS,955,2.36,3,NO,KUMASI
472,2026-02-25 10:27:40,VLan40,Sales,Desktop,HTTP,202,2.47,6,NO,TEMA
473,2026-06-21 06:53:36,VLan40,Sales,Router,SMTP,474,2.41,4,NO,TEMA
474,2026-04-13 08:38:10,VLan20,Finance,Server,HTTP,204,3.61,0,NO,TEMA
475,2026-07-25 14:01:07,VLan30,IT,Desktop,FTP,609,2.7,9,NO,TEMA
476,2026-02-27 22:38:30,VLan40,Sales,Laptop,HTTP,328,1.06,14,NO,KUMASI
477,2026-11-05 06:01:59,VLan20,Finance,Server,HTTPS,263,4.63,4,NO,KUMASI
478,2026-03-19 18:46:37,VLan30,IT,Mobile,SSH,1029,2.86,5,YES,KUMASI
479,2026-06-20 10:54:34,VLan20,Finance,Server,SSH,569,4.84,8,NO,TAKORADI
480,2026-03-08 19:06:39,VLan20,Finance,Router,DNS,477,1.86,13,NO,ACCRA
481,2026-12-19 12:53:06,VLan40,Sales,Mobile,DNS,460,0.5,6,NO,KUMASI
482,2026-11-20 14:51:07,VLan30,IT,Router,HTTP,658,1.26,4,NO,TAKORADI
483,2026-03-30 13:35:48,VLan10,HR,Desktop,SMTP,435,4.31,2,NO,TEMA
484,2026-05-03 04:41:01,VLan10,HR,Server,DNS,286,4.17,10,NO,TAKORADI
485,2026-11-16 10:41:45,VLan40,Sales,Server,FTP,639,2.3,0,NO,TEMA
486,2026-04-25 12:35:32,VLan10,HR,Server,SSH,253,4.37,14,NO,Tamale
487,2026-09-08 15:47:44,VLan30,IT,Desktop,SSH,1164,1.7,1,YES,TAKORADI
488,2026-06-12 20:21:32,VLan30,IT,Server,FTP,1134,3.75,5,YES,TAKORADI
489,2026-07-21 08:15:23,VLan40,Sales,Server,FTP,137,3.25,3,NO,KUMASI
490,2026-04-28 08:58:55,VLan40,Sales,Desktop,SSH,628,1.02,6,NO,Tamale
491,2026-03-18 01:44:43,VLan40,Sales,Desktop,SSH,441,4.42,13,NO,Tamale
492,2026-12-14 07:37:21,VLan10,HR,Mobile,SSH,573,3.54,7,NO,ACCRA
493,2026-07-07 10:24:35,VLan20,Finance,Server,HTTP,684,2.22,3,NO,KUMASI
494,2026-04-11 21:49:18,VLan10,HR,Router,FTP,258,3.35,13,NO,TAKORADI
495,2026-02-08 09:26:52,VLan40,Sales,Server,SMTP,170,4.13,9,NO,Tamale
496,2026-01-19 01:42:23,VLan10,HR,Router,DNS,469,3.46,0,NO,TEMA
497,2026-08-28 12:40:40,VLan20,Finance,Desktop,HTTPS,197,2.58,13,NO,TAKORADI
498,2026-05-19 17:29:50,VLan10,HR,Laptop,HTTPS,345,0.53,14,NO,TEMA
499,2026-02-14 08:54:31,VLan40,Sales,Server,SMTP,585,1.2,5,NO,KUMASI
500,2026-03-06 09:13:06,VLan30,IT,Server,FTP,748,4.79,4,NO,KUMASI
501,2026-10-10 21:40:57,VLan40,Sales,Server,FTP,272,1.92,4,NO,KUMASI
502,2026-07-10 05:04:43,VLan40,Sales,Router,HTTP,471,3.83,13,NO,Tamale
503,2026-07-08 14:38:26,VLan20,Finance,Mobile,DNS,464,2.82,11,NO,TAKORADI
504,2026-07-31 09:31:30,VLan10,HR,Desktop,HTTPS,486,2.49,10,NO,Tamale
505,2026-08-04 20:21:00,VLan20,Finance,Router,SMTP,253,0.64,14,NO,TAKORADI
506,2026-07-26 08:19:57,VLan10,HR,Mobile,DNS,295,1.47,7,NO,TEMA
507,2026-08-08 02:21:46,VLan30,IT,Mobile,FTP,834,3.62,11,NO,Tamale
508,2026-01-25 21:54:44,VLan30,IT,Server,HTTPS,1015,0.67,3,NO,KUMASI
509,2026-01-31 03:36:20,VLan30,IT,Mobile,HTTPS,643,1.6,11,NO,TEMA
510,2026-09-03 19:35:52,VLan30,IT,Laptop,FTP,819,2.02,6,NO,TEMA
511,2026-10-31 19:14:05,VLan10,HR,Desktop,FTP,586,3.52,4,NO,Tamale
512,2026-12-25 18:52:25,VLan30,IT,Desktop,HTTPS,925,2.54,11,NO,KUMASI
513,2026-12-19 16:12:46,VLan10,HR,Server,FTP,572,4.66,13,NO,TAKORADI
514,2026-10-13 20:47:19,VLan30,IT,Router,SMTP,704,1.19,2,NO,ACCRA
515,2026-08-20 10:53:24,VLan10,HR,Mobile,HTTP,297,4.92,0,NO,Tamale
516,2026-06-21 08:05:19,VLan30,IT,Mobile,SMTP,1071,4.93,10,NO,TAKORADI
517,2026-05-11 08:07:50,VLan30,IT,Server,SMTP,966,2.46,4,NO,ACCRA
518,2026-02-07 19:20:54,VLan10,HR,Desktop,DNS,160,4.31,15,NO,ACCRA
519,2026-04-28 11:13:46,VLan40,Sales,Laptop,DNS,149,3.49,13,NO,ACCRA
520,2026-09-06 03:16:12,VLan10,HR,Desktop,HTTP,508,3.5,13,NO,TEMA
521,2026-07-28 10:46:36,VLan10,HR,Laptop,HTTP,171,0.17,14,NO,TEMA
522,2026-08-10 09:58:15,VLan30,IT,Desktop,SSH,1075,4.39,4,YES,KUMASI
523,2026-11-08 19:35:46,VLan40,Sales,Router,FTP,478,2.57,2,NO,TEMA
524,2026-05-13 05:56:51,VLan30,IT,Mobile,DNS,652,4.64,2,NO,Tamale
525,2026-11-04 14:19:26,VLan30,IT,Server,DNS,1166,1.57,13,NO,TAKORADI
526,2026-07-14 21:46:43,VLan40,Sales,Mobile,FTP,172,4.65,11,NO,Tamale
527,2026-08-23 15:30:46,VLan40,Sales,Desktop,DNS,143,0.86,13,NO,TEMA
528,2026-09-11 16:23:58,VLan30,IT,Laptop,SMTP,893,3.87,10,NO,KUMASI
529,2026-05-21 08:13:47,VLan40,Sales,Laptop,SSH,225,4.54,7,NO,Tamale
530,2026-10-05 22:39:36,VLan10,HR,Router,SSH,387,4.74,11,NO,KUMASI
531,2026-11-05 08:25:15,VLan40,Sales,Mobile,HTTP,248,1.3,5,NO,ACCRA
532,2026-05-06 10:03:31,VLan30,IT,Laptop,SMTP,1168,4,8,NO,TAKORADI
533,2026-09-24 22:07:58,VLan20,Finance,Laptop,HTTPS,289,2.01,8,NO,KUMASI
534,2026-12-30 19:23:40,VLan40,Sales,Router,FTP,526,3.57,10,NO,TEMA
535,2026-12-03 17:50:32,VLan10,HR,Mobile,HTTP,270,3.53,9,NO,ACCRA
536,2026-01-11 00:26:33,VLan10,HR,Laptop,SMTP,371,1.53,13,NO,ACCRA
537,2026-06-14 14:57:04,VLan10,HR,Desktop,HTTP,675,3.54,9,NO,TEMA
538,2026-04-21 21:48:59,VLan30,IT,Mobile,HTTPS,575,1.62,8,NO,TEMA
539,2026-02-03 22:13:23,VLan40,Sales,Desktop,SMTP,671,3,9,NO,Tamale
540,2026-04-25 18:44:31,VLan20,Finance,Server,SMTP,465,5,2,NO,TEMA
541,2026-04-29 04:00:03,VLan20,Finance,Router,FTP,524,2.13,7,NO,KUMASI
542,2026-01-20 17:54:05,VLan40,Sales,Server,DNS,339,3.38,5,NO,ACCRA
543,2026-02-17 16:43:34,VLan30,IT,Desktop,DNS,1157,3.19,0,NO,KUMASI
544,2026-01-03 10:43:02,VLan30,IT,Desktop,DNS,1175,4.06,13,NO,Tamale
545,2026-04-30 20:57:59,VLan40,Sales,Mobile,HTTP,106,0.08,11,NO,ACCRA
546,2026-03-04 07:37:49,VLan30,IT,Router,DNS,569,2.14,6,NO,TEMA
547,2026-02-18 18:12:20,VLan10,HR,Router,SMTP,626,2.68,3,NO,Tamale
548,2026-01-12 20:22:58,VLan30,IT,Laptop,SMTP,1169,1.61,1,NO,TEMA
549,2026-01-19 00:38:55,VLan20,Finance,Server,DNS,351,2.99,4,NO,TAKORADI
550,2026-05-07 10:36:30,VLan30,IT,Router,SMTP,895,4.33,11,NO,Tamale
551,2026-04-12 09:33:52,VLan10,HR,Mobile,DNS,694,4.04,4,NO,Tamale
552,2026-09-14 09:42:06,VLan20,Finance,Mobile,FTP,469,0.58,3,NO,KUMASI
553,2026-08-08 04:15:32,VLan40,Sales,Laptop,SSH,573,2.63,8,NO,TEMA
554,2026-10-21 17:14:55,VLan20,Finance,Laptop,HTTPS,389,3.95,8,NO,ACCRA
555,2026-05-29 12:57:49,VLan20,Finance,Router,SSH,287,4.62,4,NO,KUMASI
556,2026-05-26 08:50:47,VLan10,HR,Server,HTTPS,575,2,5,NO,KUMASI
557,2026-11-08 03:03:53,VLan20,Finance,Mobile,DNS,386,2.86,10,NO,TEMA
558,2026-12-05 12:49:02,VLan20,Finance,Desktop,SMTP,129,4.84,0,NO,TAKORADI
559,2026-11-24 16:00:51,VLan30,IT,Desktop,HTTP,660,1.21,7,NO,TEMA
560,2026-01-16 09:27:05,VLan30,IT,Desktop,DNS,969,0.8,15,NO,ACCRA
561,2026-05-31 07:44:07,VLan40,Sales,Laptop,HTTPS,101,4.8,4,NO,Tamale
562,2026-12-10 14:55:54,VLan40,Sales,Desktop,FTP,623,1.74,12,NO,Tamale
563,2026-08-10 03:18:19,VLan30,IT,Mobile,SSH,950,1.82,6,YES,Tamale
564,2026-06-29 07:22:05,VLan40,Sales,Laptop,SSH,559,3.17,3,NO,Tamale
565,2026-12-01 10:25:30,VLan10,HR,Router,HTTPS,487,0.61,12,NO,Tamale
566,2026-10-22 22:54:47,VLan30,IT,Desktop,SSH,808,3.07,10,NO,TAKORADI
567,2026-02-08 12:40:39,VLan40,Sales,Laptop,DNS,118,3.12,11,NO,TEMA
568,2026-07-08 07:23:24,VLan20,Finance,Server,FTP,657,0.02,7,NO,Tamale
569,2026-09-07 22:22:45,VLan20,Finance,Mobile,HTTPS,577,2.83,3,NO,ACCRA
570,2026-04-18 06:07:57,VLan10,HR,Router,HTTP,140,3.61,2,NO,KUMASI
571,2026-03-16 12:53:48,VLan10,HR,Server,SSH,134,3.85,1,NO,TAKORADI
572,2026-02-16 04:44:49,VLan10,HR,Desktop,HTTP,178,2.67,14,NO,Tamale
573,2026-03-18 18:41:59,VLan20,Finance,Server,SMTP,139,3.93,9,NO,TAKORADI
574,2026-04-27 14:31:55,VLan20,Finance,Router,HTTPS,180,3.35,2,NO,TAKORADI
575,2026-06-20 17:41:53,VLan40,Sales,Server,HTTP,473,3.59,7,NO,TEMA
576,2026-09-28 11:25:25,VLan30,IT,Router,DNS,734,4.17,6,NO,KUMASI
577,2026-05-02 17:42:59,VLan20,Finance,Laptop,FTP,216,3.2,15,NO,Tamale
578,2026-10-25 15:17:52,VLan30,IT,Laptop,SSH,876,3.98,4,NO,KUMASI
579,2026-12-12 03:10:30,VLan40,Sales,Router,DNS,670,3.38,12,NO,TAKORADI
580,2026-03-29 22:38:23,VLan40,Sales,Server,FTP,285,3.98,11,NO,Tamale
581,2026-03-31 12:07:16,VLan10,HR,Server,HTTPS,511,4.51,12,NO,Tamale
582,2026-01-20 18:45:23,VLan20,Finance,Desktop,SSH,631,4.59,7,NO,TEMA
583,2026-09-25 22:37:52,VLan10,HR,Router,SMTP,454,2.48,3,NO,ACCRA
584,2026-02-20 05:00:18,VLan30,IT,Server,HTTP,1056,1.23,6,NO,Tamale
585,2026-11-19 09:16:40,VLan10,HR,Desktop,FTP,431,1.66,3,NO,KUMASI
586,2026-04-27 00:31:37,VLan40,Sales,Router,DNS,626,2.2,7,NO,Tamale
587,2026-11-30 06:32:20,VLan40,Sales,Desktop,DNS,175,1.24,6,NO,TAKORADI
588,2026-12-14 10:57:01,VLan20,Finance,Laptop,HTTP,495,1.79,11,NO,ACCRA
589,2026-06-26 01:46:27,VLan20,Finance,Laptop,FTP,156,2.41,12,NO,ACCRA
590,2026-06-30 19:02:50,VLan10,HR,Mobile,FTP,638,2.47,14,NO,Tamale
591,2026-01-27 19:11:19,VLan20,Finance,Server,HTTPS,227,1.53,2,NO,Tamale
592,2026-01-13 14:37:30,VLan40,Sales,Mobile,SMTP,420,3.22,3,NO,ACCRA
593,2026-10-30 07:01:09,VLan30,IT,Router,DNS,1032,3.71,13,NO,Tamale
594,2026-08-26 21:28:46,VLan40,Sales,Laptop,HTTP,696,0.02,15,NO,TEMA
595,2026-04-23 16:37:50,VLan20,Finance,Router,SMTP,483,4.05,13,NO,KUMASI
596,2026-10-19 17:31:26,VLan40,Sales,Server,SSH,238,3.44,6,NO,TEMA
597,2026-07-12 17:07:43,VLan10,HR,Mobile,SMTP,176,1.28,3,NO,KUMASI
598,2026-09-08 00:58:21,VLan40,Sales,Laptop,SMTP,579,2.73,0,NO,KUMASI
599,2026-10-17 22:16:38,VLan40,Sales,Server,SMTP,102,4.85,3,NO,TAKORADI
600,2026-09-21 15:14:42,VLan20,Finance,Laptop,SSH,666,2.66,2,NO,ACCRA
601,2026-10-04 12:07:20,VLan30,IT,Mobile,HTTPS,539,4.69,4,NO,TEMA
602,2026-02-04 11:34:34,VLan10,HR,Laptop,HTTPS,430,4.72,5,NO,Tamale
603,2026-05-03 13:04:32,VLan40,Sales,Router,HTTP,414,1.43,5,NO,TEMA
604,2026-12-24 16:51:57,VLan10,HR,Router,HTTPS,105,1.64,9,NO,TAKORADI
605,2026-05-15 04:54:03,VLan30,IT,Server,SSH,735,3.45,14,NO,TAKORADI
606,2026-09-04 23:52:59,VLan10,HR,Server,FTP,152,2.6,8,NO,TAKORADI
607,2026-06-06 19:25:49,VLan10,HR,Desktop,SMTP,535,0.23,11,NO,TAKORADI
608,2026-09-23 13:43:22,VLan20,Finance,Desktop,DNS,362,3.2,7,NO,Tamale
609,2026-03-01 21:51:29,VLan40,Sales,Router,FTP,150,4.23,8,NO,Tamale
610,2026-08-07 15:26:33,VLan30,IT,Server,SSH,1039,2.71,15,YES,Tamale
611,2026-08-26 09:57:45,VLan40,Sales,Mobile,HTTP,402,4.43,5,NO,KUMASI
612,2026-07-22 06:24:45,VLan30,IT,Mobile,FTP,1124,3.58,2,YES,TEMA
613,2026-03-31 00:05:32,VLan30,IT,Mobile,SSH,842,0.93,15,NO,ACCRA
614,2026-10-15 16:38:47,VLan30,IT,Laptop,HTTP,858,4.52,8,NO,KUMASI
615,2026-06-16 01:18:21,VLan10,HR,Router,SSH,546,0.08,15,NO,Tamale
616,2026-08-07 13:34:32,VLan40,Sales,Mobile,HTTPS,226,2.37,14,NO,ACCRA
617,2026-01-17 15:22:29,VLan20,Finance,Laptop,SMTP,445,2.21,3,NO,TAKORADI
618,2026-09-07 23:55:39,VLan30,IT,Router,SSH,1018,1.72,0,YES,ACCRA
619,2026-10-31 14:43:42,VLan10,HR,Laptop,DNS,600,3.42,2,NO,KUMASI
620,2026-03-28 19:19:53,VLan10,HR,Mobile,HTTPS,109,2.58,5,NO,KUMASI
621,2026-04-01 12:14:48,VLan30,IT,Laptop,SMTP,910,4.87,10,NO,TEMA
622,2026-11-05 23:10:10,VLan30,IT,Router,DNS,975,1.96,13,NO,TAKORADI
623,2026-06-14 20:19:05,VLan20,Finance,Laptop,FTP,349,0.29,6,NO,TEMA
624,2026-03-22 17:37:48,VLan30,IT,Mobile,HTTPS,581,4.11,2,NO,TAKORADI
625,2026-09-09 15:08:06,VLan10,HR,Desktop,SMTP,102,2.23,6,NO,Tamale
626,2026-05-25 09:43:09,VLan10,HR,Mobile,FTP,622,4.68,9,NO,Tamale
627,2026-12-03 11:15:31,VLan20,Finance,Router,SMTP,330,3.66,13,NO,Tamale
628,2026-04-25 07:49:36,VLan30,IT,Router,HTTPS,819,3.32,15,NO,KUMASI
629,2026-02-17 06:26:06,VLan40,Sales,Laptop,SMTP,625,1.07,12,NO,ACCRA
630,2026-12-12 10:46:38,VLan40,Sales,Desktop,SMTP,150,1.52,14,NO,ACCRA
631,2026-10-16 01:32:03,VLan40,Sales,Laptop,HTTP,257,0.06,12,NO,KUMASI
632,2026-09-27 12:44:04,VLan30,IT,Laptop,DNS,607,1.22,1,NO,TEMA
633,2026-09-30 10:57:49,VLan20,Finance,Laptop,FTP,356,3.98,11,NO,ACCRA
634,2026-05-06 17:22:22,VLan40,Sales,Router,HTTPS,193,4.19,7,NO,Tamale
635,2026-04-22 08:31:33,VLan20,Finance,Server,DNS,603,4.01,13,NO,KUMASI
636,2026-08-07 05:37:50,VLan10,HR,Laptop,HTTPS,214,1.26,4,NO,Tamale
637,2026-03-01 22:37:50,VLan30,IT,Desktop,HTTPS,523,4.9,14,NO,TEMA
638,2026-05-23 07:38:31,VLan20,Finance,Laptop,DNS,478,4.78,13,NO,KUMASI
639,2026-05-29 15:43:43,VLan10,HR,Laptop,HTTP,617,2.36,0,NO,TAKORADI
640,2026-11-03 04:11:30,VLan40,Sales,Mobile,HTTP,212,4.57,12,NO,ACCRA
641,2026-05-13 16:55:59,VLan40,Sales,Router,DNS,164,2.6,14,NO,KUMASI
642,2026-04-12 17:59:37,VLan40,Sales,Desktop,SSH,359,3.98,5,NO,KUMASI
643,2026-10-30 16:13:14,VLan40,Sales,Desktop,SSH,221,3.28,10,NO,TEMA
644,2026-08-09 08:02:42,VLan30,IT,Laptop,HTTP,549,0.22,12,NO,TAKORADI
645,2026-04-29 05:29:13,VLan10,HR,Mobile,HTTPS,321,0.33,4,NO,KUMASI
646,2026-12-08 01:39:35,VLan40,Sales,Router,SSH,519,0.86,2,NO,KUMASI
647,2026-04-24 05:39:34,VLan10,HR,Router,SMTP,349,3.63,4,NO,TAKORADI
648,2026-06-08 02:43:24,VLan40,Sales,Desktop,SMTP,154,3.97,8,NO,Tamale
649,2026-11-06 17:01:36,VLan40,Sales,Server,DNS,150,3.13,0,NO,TAKORADI
650,2026-01-04 17:36:47,VLan30,IT,Router,FTP,860,2.54,9,NO,KUMASI
651,2026-06-10 09:36:14,VLan30,IT,Router,SMTP,981,3.08,10,NO,ACCRA
652,2026-04-30 10:23:18,VLan10,HR,Laptop,DNS,429,4.66,11,NO,KUMASI
653,2026-05-25 11:37:08,VLan30,IT,Router,FTP,544,1.81,10,NO,KUMASI
654,2026-05-04 19:34:49,VLan20,Finance,Laptop,DNS,625,3.37,9,NO,TAKORADI
655,2026-08-07 08:31:18,VLan40,Sales,Server,SMTP,685,4.23,3,NO,ACCRA
656,2026-03-06 07:18:38,VLan20,Finance,Desktop,HTTPS,262,1.91,9,NO,ACCRA
657,2026-11-02 10:04:14,VLan20,Finance,Desktop,HTTP,367,0.82,13,NO,Tamale
658,2026-10-31 12:01:59,VLan40,Sales,Desktop,DNS,287,3.51,3,NO,Tamale
659,2026-11-27 02:15:22,VLan40,Sales,Desktop,HTTP,308,4.19,14,NO,Tamale
660,2026-12-24 12:41:21,VLan10,HR,Server,SMTP,579,4.42,6,NO,Tamale
661,2026-12-01 18:10:16,VLan10,HR,Server,DNS,451,1.82,10,NO,TEMA
662,2026-10-17 19:15:24,VLan40,Sales,Mobile,SMTP,422,4.53,4,NO,KUMASI
663,2026-01-21 08:36:58,VLan30,IT,Router,SMTP,533,0.92,12,NO,KUMASI
664,2026-08-15 08:54:10,VLan10,HR,Mobile,DNS,171,1.55,13,NO,KUMASI
665,2026-03-20 17:54:37,VLan20,Finance,Desktop,HTTPS,561,3.19,8,NO,TAKORADI
666,2026-06-15 17:07:14,VLan40,Sales,Mobile,DNS,232,0.19,8,NO,KUMASI
667,2026-05-11 10:51:55,VLan20,Finance,Router,SSH,510,4.31,3,NO,ACCRA
668,2026-04-06 20:56:22,VLan40,Sales,Router,SMTP,443,1.23,10,NO,Tamale
669,2026-03-13 12:39:06,VLan30,IT,Mobile,FTP,1148,3.48,11,YES,TAKORADI
670,2026-07-20 09:45:13,VLan10,HR,Desktop,HTTPS,615,3.51,5,NO,TAKORADI
671,2026-07-17 09:12:08,VLan10,HR,Mobile,FTP,586,4.64,7,NO,TAKORADI
672,2026-12-06 08:59:26,VLan10,HR,Mobile,SMTP,599,1.27,1,NO,ACCRA
673,2026-11-25 22:09:35,VLan20,Finance,Mobile,DNS,617,0.51,9,NO,Tamale
674,2026-01-30 01:17:35,VLan10,HR,Mobile,DNS,327,1.29,6,NO,KUMASI
675,2026-08-22 04:19:56,VLan20,Finance,Mobile,FTP,592,2.47,4,NO,ACCRA
676,2026-08-01 15:50:36,VLan20,Finance,Router,SMTP,543,2.48,11,NO,KUMASI
677,2026-01-09 13:17:07,VLan10,HR,Router,HTTPS,227,1.77,13,NO,TEMA
678,2026-10-24 10:00:42,VLan40,Sales,Router,SMTP,438,3.19,3,NO,ACCRA
679,2026-03-12 08:01:19,VLan40,Sales,Desktop,HTTP,210,1.49,4,NO,KUMASI
680,2026-09-11 07:03:00,VLan10,HR,Desktop,SMTP,263,3.15,1,NO,ACCRA
681,2026-04-27 12:22:19,VLan10,HR,Router,DNS,397,0.17,14,NO,TEMA
682,2026-08-09 09:35:33,VLan40,Sales,Laptop,SMTP,191,2.03,4,NO,ACCRA
683,2026-09-18 09:56:23,VLan10,HR,Server,SSH,127,3.82,5,NO,ACCRA
684,2026-01-10 15:40:27,VLan30,IT,Mobile,DNS,754,1.64,13,NO,ACCRA
685,2026-06-23 22:25:45,VLan40,Sales,Mobile,SMTP,691,1.6,4,NO,Tamale
686,2026-07-16 14:47:16,VLan30,IT,Laptop,SSH,666,0.73,3,NO,TEMA
687,2026-11-06 17:25:37,VLan20,Finance,Server,SMTP,625,0.47,14,NO,TEMA
688,2026-01-22 15:34:50,VLan10,HR,Server,FTP,675,0.52,0,NO,TEMA
689,2026-01-13 08:14:07,VLan20,Finance,Server,SSH,646,4.7,0,NO,TAKORADI
690,2026-04-18 01:28:41,VLan10,HR,Router,HTTPS,248,4.18,8,NO,Tamale
691,2026-10-16 20:29:20,VLan10,HR,Desktop,FTP,604,4.82,3,NO,Tamale
692,2026-06-09 05:57:01,VLan20,Finance,Desktop,HTTPS,281,0.31,5,NO,KUMASI
693,2026-11-29 18:46:08,VLan30,IT,Server,HTTP,981,4.87,7,NO,ACCRA
694,2026-07-12 08:11:38,VLan20,Finance,Router,FTP,107,3.11,1,NO,Tamale
695,2026-02-25 19:33:44,VLan30,IT,Desktop,DNS,1188,0.44,3,NO,TEMA
696,2026-12-05 18:38:14,VLan40,Sales,Router,FTP,506,0.61,12,NO,ACCRA
697,2026-09-09 20:20:52,VLan40,Sales,Desktop,HTTPS,310,3.49,4,NO,Tamale
698,2026-12-03 11:22:47,VLan20,Finance,Laptop,FTP,184,4.75,7,NO,KUMASI
699,2026-05-16 00:49:16,VLan20,Finance,Laptop,HTTP,139,2.7,3,NO,KUMASI
700,2026-05-13 07:04:54,VLan30,IT,Router,SSH,502,0.49,13,NO,Tamale
701,2026-10-11 04:51:16,VLan10,HR,Server,SSH,266,3,6,NO,KUMASI
702,2026-09-23 07:03:15,VLan20,Finance,Server,HTTP,621,2.27,8,NO,TEMA
703,2026-02-28 17:29:24,VLan40,Sales,Mobile,DNS,117,3.4,6,NO,TAKORADI
704,2026-01-09 15:14:59,VLan40,Sales,Laptop,HTTPS,522,1.44,9,NO,ACCRA
705,2026-08-09 05:46:06,VLan40,Sales,Router,SMTP,420,4.98,5,NO,Tamale
706,2026-11-08 20:03:50,VLan30,IT,Laptop,SMTP,994,1.73,0,NO,KUMASI
707,2026-03-29 08:34:39,VLan20,Finance,Desktop,HTTPS,346,4.39,5,NO,KUMASI
708,2026-07-16 05:21:40,VLan40,Sales,Router,FTP,188,3.79,14,NO,KUMASI
709,2026-08-05 12:35:22,VLan40,Sales,Desktop,SMTP,518,4.46,12,NO,TEMA
710,2026-07-25 10:11:11,VLan10,HR,Desktop,HTTPS,469,0.41,9,NO,TAKORADI
711,2026-12-29 23:15:44,VLan40,Sales,Server,SMTP,617,4.01,2,NO,TEMA
712,2026-07-30 12:09:05,VLan20,Finance,Router,HTTP,629,3.23,6,NO,KUMASI
713,2026-10-12 13:38:54,VLan40,Sales,Desktop,HTTP,306,2.41,2,NO,KUMASI
714,2026-02-19 12:05:45,VLan10,HR,Server,HTTP,298,4.36,9,NO,TEMA
715,2026-05-26 09:00:19,VLan10,HR,Server,FTP,466,0.26,0,NO,Tamale
716,2026-09-20 03:34:06,VLan10,HR,Laptop,HTTP,651,0.28,4,NO,Tamale
717,2026-10-26 17:55:20,VLan30,IT,Router,DNS,637,2.27,15,NO,KUMASI
718,2026-01-07 00:21:55,VLan40,Sales,Router,FTP,383,1.39,15,NO,KUMASI
719,2026-10-05 17:44:15,VLan20,Finance,Mobile,SMTP,679,0.07,2,NO,TAKORADI
720,2026-05-08 11:39:10,VLan20,Finance,Desktop,HTTP,255,0.3,8,NO,TAKORADI
721,2026-01-15 17:25:18,VLan10,HR,Laptop,HTTP,159,4.88,15,NO,ACCRA
722,2026-09-02 09:55:52,VLan30,IT,Laptop,SMTP,501,4.91,12,NO,KUMASI
723,2026-12-17 15:29:40,VLan20,Finance,Laptop,HTTPS,620,2.4,5,NO,KUMASI
724,2026-07-23 06:02:25,VLan40,Sales,Laptop,FTP,504,4.12,0,NO,TEMA
725,2026-03-12 11:11:49,VLan30,IT,Router,SMTP,635,2.99,3,NO,ACCRA
726,2026-04-28 09:34:54,VLan30,IT,Router,SMTP,1160,2.84,4,NO,TAKORADI
727,2026-01-06 11:37:49,VLan20,Finance,Laptop,HTTPS,300,2.77,1,NO,TAKORADI
728,2026-10-28 22:36:18,VLan10,HR,Mobile,DNS,686,0.82,9,NO,KUMASI
729,2026-07-17 08:19:07,VLan10,HR,Laptop,SMTP,646,1.11,5,NO,TEMA
730,2026-02-14 01:45:11,VLan20,Finance,Laptop,DNS,366,2.42,12,NO,Tamale
731,2026-01-31 06:12:09,VLan30,IT,Server,DNS,538,2.73,6,NO,ACCRA
732,2026-12-14 02:46:39,VLan40,Sales,Server,HTTP,379,2.18,0,NO,TEMA
733,2026-07-15 13:45:54,VLan40,Sales,Server,HTTP,519,1.09,2,NO,Tamale
734,2026-01-26 01:25:45,VLan30,IT,Server,DNS,1194,1.73,5,NO,TAKORADI
735,2026-11-25 17:53:19,VLan10,HR,Mobile,DNS,666,2.77,3,NO,KUMASI
736,2026-07-07 14:48:40,VLan20,Finance,Desktop,SMTP,195,1.03,0,NO,Tamale
737,2026-07-23 04:08:23,VLan30,IT,Desktop,HTTPS,982,3.57,1,NO,Tamale
738,2026-03-14 23:49:46,VLan40,Sales,Router,SSH,212,3.74,3,NO,ACCRA
739,2026-07-12 22:04:29,VLan20,Finance,Desktop,SMTP,307,4.37,11,NO,TAKORADI
740,2026-08-09 13:43:29,VLan10,HR,Mobile,DNS,604,0.56,0,NO,KUMASI
741,2026-03-18 10:23:56,VLan10,HR,Mobile,SSH,532,3.64,3,NO,TAKORADI
742,2026-12-14 10:11:39,VLan30,IT,Router,HTTP,1127,3.98,5,NO,TAKORADI
743,2026-02-14 02:28:19,VLan40,Sales,Router,FTP,206,2.25,2,NO,Tamale
744,2026-03-02 23:24:13,VLan20,Finance,Server,SMTP,437,4.27,2,NO,TAKORADI
745,2026-08-28 08:25:29,VLan40,Sales,Router,SSH,680,1.96,7,NO,KUMASI
746,2026-07-19 04:45:02,VLan30,IT,Router,FTP,1087,4.82,12,YES,Tamale
747,2026-12-27 08:39:41,VLan30,IT,Desktop,SMTP,501,2.73,14,NO,TEMA
748,2026-04-06 14:02:04,VLan30,IT,Server,DNS,698,4.51,13,NO,ACCRA
749,2026-11-21 03:16:47,VLan30,IT,Mobile,HTTPS,742,0.91,13,NO,ACCRA
750,2026-06-11 21:41:31,VLan20,Finance,Desktop,SMTP,549,3.72,13,NO,TAKORADI
751,2026-02-20 02:14:25,VLan20,Finance,Server,SMTP,157,3.79,15,NO,KUMASI
752,2026-08-29 08:03:52,VLan40,Sales,Mobile,HTTP,467,2.45,13,NO,TAKORADI
753,2026-05-06 10:07:09,VLan30,IT,Desktop,SSH,1160,0.29,4,YES,KUMASI
754,2026-06-12 14:33:00,VLan40,Sales,Desktop,SMTP,487,3.59,4,NO,TAKORADI
755,2026-06-12 19:24:46,VLan10,HR,Router,DNS,346,3.9,7,NO,ACCRA
756,2026-10-07 22:14:44,VLan30,IT,Laptop,HTTP,582,5,11,NO,ACCRA
757,2026-08-17 14:31:05,VLan20,Finance,Desktop,HTTP,331,0.5,10,NO,TAKORADI
758,2026-07-13 13:02:11,VLan10,HR,Desktop,FTP,325,1.08,8,NO,KUMASI
759,2026-06-25 02:31:08,VLan40,Sales,Laptop,DNS,529,4.05,8,NO,Tamale
760,2026-02-16 19:29:07,VLan20,Finance,Desktop,DNS,241,0.88,6,NO,Tamale
761,2026-10-05 20:12:11,VLan40,Sales,Mobile,FTP,515,0.91,3,NO,Tamale
762,2026-08-20 12:38:04,VLan40,Sales,Server,HTTP,510,4.29,1,NO,KUMASI
763,2026-05-21 14:36:07,VLan20,Finance,Mobile,DNS,594,0.74,10,NO,KUMASI
764,2026-12-16 04:36:47,VLan10,HR,Server,SSH,511,3.64,0,NO,KUMASI
765,2026-04-12 21:49:12,VLan20,Finance,Router,HTTPS,618,0.03,13,NO,TAKORADI
766,2026-06-19 23:01:32,VLan10,HR,Router,SSH,554,4.99,13,NO,TAKORADI
767,2026-07-09 17:14:02,VLan20,Finance,Router,DNS,489,3.83,13,NO,Tamale
768,2026-03-04 00:05:07,VLan40,Sales,Server,DNS,442,0.66,9,NO,Tamale
769,2026-07-17 15:58:06,VLan10,HR,Desktop,SMTP,216,3.04,8,NO,Tamale
770,2026-10-12 05:38:57,VLan10,HR,Server,HTTP,593,2.66,12,NO,ACCRA
771,2026-08-19 11:00:52,VLan40,Sales,Laptop,DNS,239,1.57,13,NO,Tamale
772,2026-01-18 07:08:22,VLan30,IT,Router,DNS,935,0.01,13,NO,TEMA
773,2026-04-05 18:40:32,VLan20,Finance,Router,HTTP,574,0.58,5,NO,TEMA
774,2026-11-22 22:22:09,VLan10,HR,Laptop,HTTPS,157,2.15,1,NO,TAKORADI
775,2026-02-07 11:38:24,VLan20,Finance,Desktop,SSH,256,4.65,5,NO,Tamale
776,2026-03-01 03:41:53,VLan40,Sales,Desktop,HTTPS,581,0.79,2,NO,Tamale
777,2026-12-19 17:43:38,VLan30,IT,Mobile,SSH,929,4.38,0,YES,KUMASI
778,2026-10-11 22:36:07,VLan40,Sales,Laptop,SSH,150,1.64,9,NO,TAKORADI
779,2026-08-01 23:35:30,VLan20,Finance,Router,DNS,198,3.11,1,NO,Tamale
780,2026-03-19 19:01:55,VLan20,Finance,Laptop,SMTP,603,4.1,4,NO,KUMASI
781,2026-11-25 05:54:22,VLan30,IT,Desktop,FTP,865,3.27,0,NO,ACCRA
782,2026-02-22 00:02:18,VLan30,IT,Router,HTTPS,512,2.03,15,NO,Tamale
783,2026-03-12 23:47:58,VLan10,HR,Server,HTTP,640,4.05,2,NO,TEMA
784,2026-06-05 03:52:32,VLan30,IT,Mobile,HTTPS,966,0.53,9,NO,KUMASI
785,2026-05-05 22:56:10,VLan10,HR,Router,HTTP,470,1.24,14,NO,Tamale
786,2026-04-01 23:28:14,VLan30,IT,Router,HTTPS,1102,4.25,4,NO,KUMASI
787,2026-08-23 07:49:54,VLan30,IT,Router,SMTP,1156,0.62,7,NO,TAKORADI
788,2026-03-14 22:15:19,VLan30,IT,Server,HTTP,693,4.18,1,NO,TEMA
789,2026-02-02 02:36:36,VLan40,Sales,Router,SMTP,273,2.8,14,NO,TEMA
790,2026-03-01 15:24:46,VLan20,Finance,Router,FTP,605,3.64,1,NO,ACCRA
791,2026-04-13 10:35:46,VLan30,IT,Router,HTTPS,1056,2.11,2,NO,Tamale
792,2026-12-13 14:54:25,VLan10,HR,Mobile,FTP,100,2.3,8,NO,KUMASI
793,2026-12-28 18:32:03,VLan30,IT,Laptop,HTTPS,684,1.08,14,NO,TAKORADI
794,2026-12-01 03:50:21,VLan30,IT,Mobile,SSH,1164,1.63,11,YES,TEMA
795,2026-12-20 17:30:44,VLan10,HR,Router,DNS,342,0.94,14,NO,TAKORADI
796,2026-05-13 03:17:46,VLan30,IT,Server,SSH,655,2.35,11,NO,TAKORADI
797,2026-04-28 14:56:27,VLan40,Sales,Desktop,SSH,135,2.34,15,NO,TAKORADI
798,2026-01-18 01:47:36,VLan30,IT,Router,HTTPS,912,4.16,3,NO,TAKORADI
799,2026-07-16 02:35:46,VLan20,Finance,Laptop,SSH,311,2.54,14,NO,Tamale
800,2026-06-15 23:24:54,VLan20,Finance,Laptop,SMTP,147,4.97,4,NO,TEMA
801,2026-10-13 04:02:51,VLan20,Finance,Laptop,HTTPS,459,3.3,8,NO,Tamale
802,2026-07-27 06:15:25,VLan30,IT,Mobile,FTP,1164,1.02,2,YES,KUMASI
803,2026-03-01 03:53:44,VLan30,IT,Router,SMTP,732,3.72,11,NO,KUMASI
804,2026-11-14 20:32:21,VLan20,Finance,Router,HTTP,645,0.82,12,NO,ACCRA
805,2026-04-05 12:57:00,VLan30,IT,Mobile,DNS,889,2.81,8,NO,TEMA
806,2026-03-07 02:31:23,VLan40,Sales,Mobile,SSH,600,3.62,10,NO,Tamale
807,2026-06-23 05:32:03,VLan10,HR,Mobile,SMTP,247,0.88,1,NO,Tamale
808,2026-03-09 01:11:53,VLan20,Finance,Mobile,HTTP,657,2.47,11,NO,TEMA
809,2026-02-04 03:14:36,VLan20,Finance,Mobile,HTTP,218,1.93,9,NO,ACCRA
810,2026-04-30 04:18:24,VLan30,IT,Mobile,SMTP,704,2.51,3,NO,ACCRA
811,2026-06-04 11:41:55,VLan10,HR,Server,FTP,518,0.24,2,NO,ACCRA
812,2026-08-15 11:20:15,VLan20,Finance,Mobile,SSH,133,3.93,4,NO,ACCRA
813,2026-01-26 11:41:03,VLan10,HR,Mobile,FTP,564,3.59,2,NO,TAKORADI
814,2026-04-14 11:15:07,VLan20,Finance,Router,FTP,142,3.81,4,NO,TAKORADI
815,2026-09-04 20:16:37,VLan40,Sales,Laptop,FTP,462,3.8,14,NO,Tamale
816,2026-02-03 13:23:51,VLan20,Finance,Router,SMTP,372,1.68,10,NO,KUMASI
817,2026-07-27 21:15:07,VLan40,Sales,Laptop,FTP,211,4,3,NO,TAKORADI
818,2026-03-05 17:35:43,VLan30,IT,Desktop,FTP,972,1.7,13,YES,ACCRA
819,2026-05-29 12:00:36,VLan10,HR,Desktop,SMTP,218,4.26,8,NO,TEMA
820,2026-08-14 20:36:45,VLan20,Finance,Mobile,FTP,519,4.68,5,NO,KUMASI
821,2026-06-14 17:02:01,VLan10,HR,Server,HTTP,693,1.68,8,NO,TAKORADI
822,2026-11-28 09:55:12,VLan40,Sales,Server,FTP,162,4.52,8,NO,ACCRA
823,2026-08-25 18:58:52,VLan20,Finance,Desktop,HTTPS,446,0.31,15,NO,TAKORADI
824,2026-01-30 15:18:27,VLan30,IT,Server,DNS,909,2.32,15,NO,TEMA
825,2026-11-26 04:34:36,VLan10,HR,Router,HTTPS,345,2.79,5,NO,Tamale
826,2026-11-19 09:15:43,VLan20,Finance,Server,SMTP,536,4.04,4,NO,TAKORADI
827,2026-01-27 22:43:50,VLan30,IT,Router,HTTPS,622,4.16,9,NO,TAKORADI
828,2026-05-06 08:48:10,VLan40,Sales,Desktop,SSH,435,1.17,14,NO,ACCRA
829,2026-12-14 10:51:28,VLan10,HR,Router,FTP,192,2.57,15,NO,TEMA
830,2026-11-29 18:38:15,VLan30,IT,Mobile,SSH,610,4.23,15,NO,KUMASI
831,2026-11-23 01:13:31,VLan40,Sales,Mobile,FTP,392,3.07,8,NO,ACCRA
832,2026-10-23 13:00:00,VLan30,IT,Router,SSH,608,3.09,8,NO,ACCRA
833,2026-06-09 19:33:27,VLan10,HR,Mobile,DNS,572,1.42,7,NO,KUMASI
834,2026-08-11 09:15:42,VLan40,Sales,Laptop,HTTP,557,3.83,6,NO,ACCRA
835,2026-04-30 00:14:20,VLan10,HR,Desktop,SMTP,571,3.19,10,NO,Tamale
836,2026-04-07 19:04:56,VLan20,Finance,Desktop,SMTP,370,3.03,6,NO,Tamale
837,2026-09-05 05:57:11,VLan30,IT,Router,SSH,564,3.97,6,NO,TAKORADI
838,2026-12-14 05:55:42,VLan20,Finance,Mobile,FTP,113,1.66,7,NO,Tamale
839,2026-06-05 09:37:39,VLan10,HR,Router,HTTPS,622,1.88,5,NO,ACCRA
840,2026-10-05 01:12:44,VLan10,HR,Server,HTTPS,443,1.08,5,NO,TAKORADI
841,2026-06-04 00:12:12,VLan30,IT,Desktop,DNS,1029,3.45,1,NO,ACCRA
842,2026-12-13 16:20:17,VLan40,Sales,Router,HTTP,374,1.26,0,NO,KUMASI
843,2026-06-12 07:46:37,VLan10,HR,Mobile,HTTPS,269,2.64,15,NO,TAKORADI
844,2026-12-24 01:00:57,VLan10,HR,Laptop,DNS,428,3.57,9,NO,KUMASI
845,2026-12-26 01:29:39,VLan30,IT,Server,DNS,702,2.55,2,NO,Tamale
846,2026-08-21 10:18:13,VLan30,IT,Router,SSH,510,0.64,12,NO,Tamale
847,2026-01-26 05:41:03,VLan30,IT,Desktop,SMTP,821,0.54,6,NO,TAKORADI
848,2026-12-11 07:00:48,VLan30,IT,Server,DNS,1194,3.9,4,NO,KUMASI
849,2026-03-02 15:57:08,VLan20,Finance,Desktop,HTTP,144,3.53,5,NO,KUMASI
850,2026-06-04 05:02:34,VLan20,Finance,Server,SSH,653,0.77,10,NO,KUMASI
851,2026-06-21 08:29:28,VLan10,HR,Mobile,FTP,427,2.88,11,NO,Tamale
852,2026-10-28 03:44:47,VLan30,IT,Router,SSH,996,0.48,0,YES,TAKORADI
853,2026-11-13 11:39:11,VLan20,Finance,Desktop,SMTP,188,4,12,NO,Tamale
854,2026-07-28 14:39:27,VLan10,HR,Router,SMTP,394,2.73,12,NO,TEMA
855,2026-06-17 16:20:20,VLan30,IT,Laptop,FTP,619,2.26,12,NO,TEMA
856,2026-11-02 10:47:51,VLan30,IT,Laptop,HTTP,1152,2.22,1,NO,TEMA
857,2026-06-02 18:18:36,VLan40,Sales,Desktop,SMTP,107,3.67,0,NO,Tamale
858,2026-07-24 18:48:51,VLan40,Sales,Router,HTTPS,692,2.75,14,NO,Tamale
859,2026-03-19 05:26:55,VLan20,Finance,Server,FTP,168,4.88,8,NO,Tamale
860,2026-06-02 22:21:44,VLan10,HR,Laptop,SSH,479,4.06,15,NO,Tamale
861,2026-12-03 12:09:59,VLan30,IT,Desktop,HTTPS,1077,3.19,0,NO,KUMASI
862,2026-01-01 13:46:08,VLan10,HR,Server,FTP,221,0.88,12,NO,KUMASI
863,2026-11-18 01:41:55,VLan30,IT,Server,HTTP,896,3.65,10,NO,KUMASI
864,2026-10-11 03:42:23,VLan20,Finance,Desktop,FTP,129,2.84,4,NO,ACCRA
865,2026-04-30 19:23:37,VLan10,HR,Mobile,FTP,503,1.58,12,NO,KUMASI
866,2026-10-06 02:59:22,VLan30,IT,Server,SSH,671,2.93,1,NO,TAKORADI
867,2026-07-03 00:07:42,VLan30,IT,Desktop,DNS,1045,3.51,4,NO,KUMASI
868,2026-06-02 00:37:55,VLan30,IT,Mobile,SSH,789,2.74,11,NO,TEMA
869,2026-01-04 13:55:23,VLan10,HR,Router,FTP,695,0.74,14,NO,TEMA
870,2026-11-04 23:15:55,VLan20,Finance,Laptop,SSH,413,2.95,10,NO,TEMA
871,2026-07-31 23:54:49,VLan10,HR,Server,DNS,683,4.1,9,NO,TEMA
872,2026-04-23 05:39:49,VLan30,IT,Desktop,SMTP,551,1.72,12,NO,Tamale
873,2026-09-15 10:47:10,VLan10,HR,Desktop,FTP,157,2.89,10,NO,ACCRA
874,2026-08-30 20:57:08,VLan30,IT,Server,HTTP,1048,1.37,15,NO,Tamale
875,2026-09-20 20:03:50,VLan10,HR,Desktop,HTTP,639,1.48,12,NO,ACCRA
876,2026-04-12 09:36:50,VLan20,Finance,Laptop,SSH,116,3.08,10,NO,TEMA
877,2026-08-12 12:49:07,VLan40,Sales,Mobile,FTP,381,4.48,1,NO,KUMASI
878,2026-04-17 00:11:58,VLan30,IT,Mobile,HTTP,660,4.38,15,NO,TEMA
879,2026-06-06 06:43:07,VLan30,IT,Router,HTTPS,1164,3.59,11,NO,ACCRA
880,2026-12-17 20:17:05,VLan10,HR,Laptop,SSH,526,4.09,1,NO,Tamale
881,2026-09-17 01:36:20,VLan40,Sales,Router,SMTP,437,1.39,7,NO,KUMASI
882,2026-04-08 18:30:52,VLan30,IT,Server,SSH,1143,1.34,5,YES,TAKORADI
883,2026-04-22 21:00:45,VLan10,HR,Desktop,SSH,219,4.76,1,NO,KUMASI
884,2026-09-23 14:44:47,VLan20,Finance,Laptop,SMTP,537,0.86,12,NO,TEMA
885,2026-12-20 01:12:57,VLan20,Finance,Server,DNS,147,2.95,2,NO,TAKORADI
886,2026-02-15 21:28:59,VLan40,Sales,Router,SSH,332,2.27,9,NO,ACCRA
887,2026-10-07 14:24:16,VLan10,HR,Laptop,HTTPS,501,4.16,6,NO,ACCRA
888,2026-02-20 03:26:02,VLan30,IT,Router,HTTPS,500,4.48,9,NO,Tamale
889,2026-06-12 00:48:45,VLan10,HR,Desktop,FTP,664,2.72,6,NO,KUMASI
890,2026-03-28 01:55:59,VLan10,HR,Server,FTP,414,2.17,13,NO,TAKORADI
891,2026-09-21 04:41:54,VLan30,IT,Desktop,DNS,754,0.75,13,NO,TEMA
892,2026-12-13 17:32:51,VLan20,Finance,Laptop,HTTPS,607,2.52,5,NO,TEMA
893,2026-08-10 11:49:52,VLan20,Finance,Server,FTP,469,0.48,13,NO,TAKORADI
894,2026-11-02 13:37:14,VLan10,HR,Router,SMTP,192,2.26,9,NO,TEMA
895,2026-05-10 02:53:38,VLan10,HR,Mobile,SSH,498,0.32,14,NO,Tamale
896,2026-09-21 08:10:00,VLan30,IT,Laptop,FTP,664,1.66,9,NO,ACCRA
897,2026-09-23 06:23:55,VLan30,IT,Mobile,DNS,908,4.03,6,NO,KUMASI
898,2026-03-26 03:34:58,VLan30,IT,Router,DNS,802,2.27,0,NO,Tamale
899,2026-12-18 23:13:25,VLan40,Sales,Desktop,FTP,177,4.9,11,NO,KUMASI
900,2026-07-22 02:50:50,VLan30,IT,Mobile,SSH,1062,4.12,2,YES,ACCRA
901,2026-04-20 04:46:29,VLan10,HR,Laptop,SSH,607,1.03,4,NO,Tamale
902,2026-03-23 23:14:10,VLan10,HR,Mobile,HTTP,624,1.68,3,NO,KUMASI
903,2026-07-20 21:41:02,VLan40,Sales,Server,HTTPS,172,3.15,8,NO,TEMA
904,2026-01-05 04:06:28,VLan10,HR,Mobile,HTTP,454,0.26,2,NO,Tamale
905,2026-06-02 10:20:14,VLan40,Sales,Router,DNS,276,1.51,15,NO,TEMA
906,2026-06-14 23:33:46,VLan20,Finance,Laptop,HTTPS,390,2.63,12,NO,KUMASI
907,2026-04-08 07:55:15,VLan10,HR,Router,HTTP,409,0.66,4,NO,Tamale
908,2026-04-02 00:53:17,VLan20,Finance,Mobile,DNS,628,4.55,7,NO,Tamale
909,2026-01-21 12:25:19,VLan40,Sales,Desktop,FTP,512,3.92,7,NO,TEMA
910,2026-06-11 18:36:26,VLan40,Sales,Router,SMTP,498,0.48,4,NO,KUMASI
911,2026-05-11 17:36:45,VLan40,Sales,Server,FTP,573,1.63,5,NO,ACCRA
912,2026-01-28 00:54:12,VLan30,IT,Router,FTP,807,1.01,13,NO,ACCRA
913,2026-07-24 04:04:37,VLan40,Sales,Router,FTP,402,0.31,11,NO,ACCRA
914,2026-06-18 01:42:40,VLan40,Sales,Router,SSH,176,0.35,14,NO,ACCRA
915,2026-06-05 13:30:53,VLan30,IT,Desktop,SMTP,1054,1.76,3,NO,TAKORADI
916,2026-06-16 13:43:16,VLan30,IT,Desktop,HTTPS,1042,0.05,6,NO,TEMA
917,2026-02-13 00:57:46,VLan20,Finance,Router,SSH,382,4.51,7,NO,TEMA
918,2026-10-28 11:06:27,VLan40,Sales,Mobile,FTP,118,3.67,10,NO,TAKORADI
919,2026-02-11 17:30:07,VLan20,Finance,Desktop,DNS,412,0.31,10,NO,TAKORADI
920,2026-02-04 15:22:09,VLan20,Finance,Router,HTTPS,202,2.74,9,NO,KUMASI
921,2026-08-31 22:47:20,VLan10,HR,Router,DNS,567,1.82,8,NO,ACCRA
922,2026-08-22 08:14:07,VLan10,HR,Router,SMTP,458,0.82,13,NO,Tamale
923,2026-06-17 14:33:10,VLan30,IT,Desktop,HTTPS,557,4.15,11,NO,Tamale
924,2026-02-19 02:36:05,VLan40,Sales,Mobile,DNS,541,3.56,15,NO,KUMASI
925,2026-04-25 11:20:52,VLan30,IT,Server,DNS,1176,0.33,15,NO,Tamale
926,2026-05-21 19:58:48,VLan20,Finance,Router,DNS,394,2.59,14,NO,KUMASI
927,2026-06-08 13:07:50,VLan40,Sales,Laptop,DNS,359,1.89,13,NO,TAKORADI
928,2026-05-01 09:27:49,VLan40,Sales,Laptop,SMTP,177,3.09,1,NO,TEMA
929,2026-01-27 18:30:09,VLan40,Sales,Desktop,SMTP,326,1.91,7,NO,TEMA
930,2026-04-19 09:14:35,VLan40,Sales,Desktop,HTTPS,365,4.16,13,NO,TAKORADI
931,2026-01-27 11:04:20,VLan10,HR,Router,SMTP,652,1.58,2,NO,TAKORADI
932,2026-11-27 03:41:58,VLan30,IT,Laptop,HTTPS,684,3.59,5,NO,TEMA
933,2026-05-14 15:55:37,VLan20,Finance,Router,SSH,256,1.31,8,NO,Tamale
934,2026-09-12 16:03:55,VLan40,Sales,Router,FTP,367,3.12,13,NO,KUMASI
935,2026-08-13 03:35:13,VLan30,IT,Desktop,SSH,842,3.67,9,NO,ACCRA
936,2026-09-20 04:26:27,VLan20,Finance,Desktop,SSH,653,0.09,4,NO,KUMASI
937,2026-06-18 20:09:05,VLan20,Finance,Server,DNS,647,3.59,11,NO,Tamale
938,2026-11-23 08:56:46,VLan30,IT,Server,SSH,819,0.24,10,NO,ACCRA
939,2026-08-04 21:07:30,VLan30,IT,Mobile,HTTP,645,0.95,0,NO,TEMA
940,2026-11-06 12:31:12,VLan20,Finance,Laptop,SMTP,176,0.67,5,NO,ACCRA
941,2026-12-16 13:13:40,VLan20,Finance,Desktop,SMTP,415,0.12,2,NO,Tamale
942,2026-05-25 05:09:29,VLan20,Finance,Router,HTTP,132,1.44,10,NO,TEMA
943,2026-08-10 04:59:31,VLan10,HR,Laptop,DNS,383,4.45,10,NO,TAKORADI
944,2026-09-10 23:12:48,VLan10,HR,Server,SSH,400,4.62,15,NO,TEMA
945,2026-05-20 17:10:52,VLan10,HR,Mobile,HTTP,538,4.35,7,NO,TAKORADI
946,2026-10-24 16:24:50,VLan20,Finance,Mobile,HTTPS,315,2.92,14,NO,TEMA
947,2026-11-24 05:03:33,VLan20,Finance,Desktop,HTTPS,313,3.96,8,NO,KUMASI
948,2026-02-11 20:57:25,VLan40,Sales,Router,SSH,182,1.22,10,NO,Tamale
949,2026-09-08 14:39:21,VLan20,Finance,Mobile,HTTP,331,4.28,6,NO,ACCRA
950,2026-04-19 14:54:35,VLan10,HR,Desktop,SMTP,142,0.49,4,NO,Tamale
951,2026-03-21 18:23:45,VLan40,Sales,Laptop,HTTP,506,4.71,8,NO,TAKORADI
952,2026-02-14 22:32:40,VLan10,HR,Router,HTTPS,650,3.44,14,NO,TEMA
953,2026-01-18 15:26:39,VLan20,Finance,Laptop,DNS,352,4.12,0,NO,TAKORADI
954,2026-08-28 08:51:05,VLan40,Sales,Router,SSH,161,3.85,9,NO,TEMA
955,2026-05-11 09:26:43,VLan10,HR,Mobile,SMTP,689,2.01,14,NO,TEMA
956,2026-10-16 08:19:30,VLan10,HR,Laptop,HTTP,359,1.41,1,NO,TAKORADI
957,2026-09-04 08:40:44,VLan30,IT,Router,DNS,1066,4.73,10,NO,TAKORADI
958,2026-11-21 13:11:43,VLan30,IT,Desktop,DNS,975,1.45,14,NO,KUMASI
959,2026-08-19 18:44:15,VLan20,Finance,Server,SMTP,333,1.71,9,NO,KUMASI
960,2026-10-15 14:00:30,VLan20,Finance,Server,SMTP,358,1.25,2,NO,ACCRA
961,2026-08-30 23:38:29,VLan30,IT,Mobile,HTTPS,1092,1.67,12,NO,KUMASI
962,2026-12-12 21:42:24,VLan40,Sales,Desktop,FTP,487,2.59,4,NO,TEMA
963,2026-12-11 18:23:16,VLan20,Finance,Laptop,FTP,638,0.47,3,NO,Tamale
964,2026-12-16 22:58:16,VLan30,IT,Desktop,SMTP,1044,4.32,11,NO,TEMA
965,2026-09-24 17:16:14,VLan40,Sales,Router,FTP,110,0.05,7,NO,TAKORADI
966,2026-06-04 20:19:35,VLan20,Finance,Laptop,FTP,544,0.3,8,NO,TAKORADI
967,2026-06-13 12:16:06,VLan20,Finance,Laptop,HTTP,267,0.94,11,NO,TEMA
968,2026-12-05 10:05:00,VLan20,Finance,Server,DNS,405,3.88,7,NO,KUMASI
969,2026-06-06 17:07:33,VLan30,IT,Server,HTTP,1067,1.71,7,NO,TAKORADI
970,2026-06-15 20:02:59,VLan30,IT,Desktop,DNS,788,0.03,5,NO,ACCRA
971,2026-06-21 22:42:20,VLan10,HR,Desktop,DNS,608,1.1,14,NO,ACCRA
972,2026-07-20 17:56:57,VLan30,IT,Mobile,SMTP,952,0.17,7,NO,ACCRA
973,2026-03-10 08:50:15,VLan20,Finance,Router,SMTP,460,2.44,1,NO,ACCRA
974,2026-08-01 04:56:17,VLan20,Finance,Laptop,DNS,358,0.55,1,NO,TEMA
975,2026-05-18 15:06:24,VLan20,Finance,Laptop,HTTP,642,3.87,6,NO,ACCRA
976,2026-08-07 04:28:01,VLan30,IT,Laptop,DNS,892,3.52,8,NO,TAKORADI
977,2026-12-26 21:05:16,VLan30,IT,Laptop,HTTP,539,1.78,0,NO,TAKORADI
978,2026-05-16 20:59:53,VLan20,Finance,Router,HTTP,675,3.27,14,NO,KUMASI
979,2026-10-28 16:29:47,VLan20,Finance,Mobile,HTTPS,335,3.44,3,NO,TAKORADI
980,2026-12-16 17:55:21,VLan40,Sales,Laptop,SSH,462,4.7,5,NO,Tamale
981,2026-02-17 10:51:24,VLan20,Finance,Server,FTP,672,4.32,15,NO,Tamale
982,2026-04-23 11:59:07,VLan30,IT,Desktop,DNS,1111,2.68,9,NO,Tamale
983,2026-01-05 18:57:02,VLan40,Sales,Desktop,HTTP,446,0.47,14,NO,Tamale
984,2026-01-02 05:30:24,VLan30,IT,Laptop,SMTP,1121,4.29,12,NO,ACCRA
985,2026-03-18 07:31:01,VLan40,Sales,Desktop,DNS,588,0.25,9,NO,TEMA
986,2026-03-03 10:41:34,VLan20,Finance,Router,FTP,423,0.61,4,NO,TEMA
987,2026-05-24 13:18:22,VLan20,Finance,Router,HTTPS,627,3.7,0,NO,TEMA
988,2026-10-21 10:33:48,VLan40,Sales,Mobile,SMTP,615,0.98,3,NO,ACCRA
989,2026-12-06 20:15:27,VLan10,HR,Laptop,SSH,382,1.23,6,NO,Tamale
990,2026-03-27 19:55:21,VLan40,Sales,Router,FTP,679,4.5,15,NO,TEMA
991,2026-01-09 06:46:18,VLan10,HR,Desktop,FTP,518,4.67,0,NO,TAKORADI
992,2026-05-21 20:18:57,VLan10,HR,Router,FTP,333,1.9,7,NO,TEMA
993,2026-10-13 17:00:55,VLan40,Sales,Laptop,HTTP,179,0.88,9,NO,ACCRA
994,2026-05-02 18:00:41,VLan20,Finance,Router,FTP,369,1.79,0,NO,ACCRA
995,2026-07-30 12:15:31,VLan20,Finance,Desktop,HTTP,510,0.28,9,NO,KUMASI
996,2026-12-21 16:33:47,VLan20,Finance,Mobile,HTTPS,205,0.86,10,NO,KUMASI
997,2026-07-21 03:55:47,VLan10,HR,Mobile,FTP,108,1.95,12,NO,TAKORADI
998,2026-08-03 19:57:43,VLan40,Sales,Router,FTP,207,0.5,0,NO,TAKORADI
999,2026-05-16 10:03:33,VLan30,IT,Laptop,FTP,1079,2.85,9,YES,TAKORADI
1000,2026-11-17 16:52:38,VLan40,Sales,Desktop,FTP,354,4.71,3,NO,ACCRA
1001,2026-08-12 21:29:25,VLan40,Sales,Mobile,SMTP,294,4.09,14,NO,Tamale
1002,2026-08-03 03:32:58,VLan20,Finance,Router,SMTP,511,1.09,14,NO,KUMASI
1003,2026-11-27 04:34:16,VLan10,HR,Desktop,HTTPS,629,2.15,12,NO,TAKORADI
1004,2026-12-15 20:48:23,VLan30,IT,Router,SMTP,882,1.19,9,NO,TEMA
1005,2026-12-05 06:05:04,VLan40,Sales,Desktop,SSH,476,1.66,6,NO,Tamale
1006,2026-01-09 08:41:59,VLan20,Finance,Router,FTP,215,4.32,0,NO,TEMA
1007,2026-03-18 08:13:12,VLan40,Sales,Desktop,DNS,689,0,1,NO,TEMA
1008,2026-12-08 10:56:41,VLan10,HR,Mobile,HTTP,561,1.09,8,NO,ACCRA
1009,2026-05-24 04:48:59,VLan10,HR,Server,HTTPS,537,4.98,6,NO,TEMA
1010,2026-01-29 01:46:54,VLan40,Sales,Laptop,HTTP,147,1.3,15,NO,TEMA
1011,2026-04-14 18:46:27,VLan30,IT,Desktop,HTTPS,863,3.58,2,NO,TAKORADI
1012,2026-07-12 07:51:27,VLan40,Sales,Mobile,DNS,686,2.2,0,NO,Tamale
1013,2026-12-12 20:43:45,VLan40,Sales,Router,SMTP,440,3.19,13,NO,TEMA
1014,2026-04-24 20:26:17,VLan40,Sales,Mobile,DNS,169,2.65,3,NO,KUMASI
1015,2026-07-09 23:39:53,VLan40,Sales,Laptop,HTTP,401,3.37,8,NO,Tamale
1016,2026-09-20 16:14:40,VLan10,HR,Server,HTTP,517,0.8,4,NO,Tamale
1017,2026-09-06 04:12:12,VLan40,Sales,Desktop,SSH,295,0.27,7,NO,Tamale
1018,2026-12-22 05:54:21,VLan20,Finance,Desktop,SMTP,545,2.8,10,NO,ACCRA
1019,2026-02-23 03:33:10,VLan10,HR,Server,HTTPS,307,4.48,4,NO,KUMASI
1020,2026-06-10 08:31:35,VLan30,IT,Desktop,SSH,777,3.78,3,NO,ACCRA
1021,2026-10-04 04:00:51,VLan10,HR,Desktop,HTTP,495,1.09,8,NO,KUMASI
1022,2026-11-22 07:42:09,VLan20,Finance,Server,SSH,155,0.08,7,NO,KUMASI
1023,2026-03-28 20:24:19,VLan20,Finance,Desktop,FTP,395,2.87,9,NO,TEMA
1024,2026-06-24 18:57:12,VLan10,HR,Server,HTTPS,228,1.72,0,NO,TAKORADI
1025,2026-05-12 11:19:06,VLan20,Finance,Server,SSH,354,1.83,14,NO,TAKORADI
1026,2026-03-17 10:11:46,VLan40,Sales,Server,SMTP,407,0.81,7,NO,TAKORADI
1027,2026-10-29 15:07:29,VLan20,Finance,Server,SMTP,623,3.19,14,NO,Tamale
1028,2026-03-29 12:17:36,VLan20,Finance,Desktop,SMTP,203,3.57,3,NO,TAKORADI
1029,2026-03-13 10:38:13,VLan40,Sales,Server,SSH,338,3.6,8,NO,TEMA
1030,2026-10-27 10:05:16,VLan40,Sales,Laptop,DNS,625,1.67,3,NO,TEMA
1031,2026-09-21 14:01:00,VLan40,Sales,Desktop,HTTPS,376,1.73,7,NO,TAKORADI
1032,2026-09-09 02:44:01,VLan10,HR,Desktop,DNS,488,4.6,6,NO,TEMA
1033,2026-08-10 20:41:41,VLan30,IT,Router,SSH,887,1.76,14,NO,ACCRA
1034,2026-06-28 09:18:27,VLan10,HR,Server,HTTP,286,0.77,2,NO,TAKORADI
1035,2026-10-04 15:31:33,VLan10,HR,Router,HTTP,503,4.16,9,NO,TAKORADI
1036,2026-03-25 17:08:08,VLan30,IT,Laptop,SMTP,633,3.39,12,NO,TAKORADI
1037,2026-05-23 09:08:28,VLan10,HR,Router,FTP,105,3.64,1,NO,ACCRA
1038,2026-04-24 03:06:19,VLan20,Finance,Mobile,HTTPS,390,0.89,13,NO,Tamale
1039,2026-02-17 15:58:38,VLan20,Finance,Mobile,DNS,175,0.52,6,NO,KUMASI
1040,2026-06-23 02:43:25,VLan10,HR,Server,FTP,260,1.98,7,NO,TAKORADI
1041,2026-03-16 15:15:02,VLan40,Sales,Desktop,DNS,112,0.51,2,NO,Tamale
1042,2026-09-15 20:00:33,VLan10,HR,Desktop,HTTP,372,1.9,6,NO,KUMASI
1043,2026-01-15 23:39:01,VLan30,IT,Mobile,HTTP,562,3.85,8,NO,Tamale
1044,2026-01-23 00:52:09,VLan20,Finance,Mobile,DNS,545,3.84,10,NO,TAKORADI
1045,2026-11-12 12:33:12,VLan20,Finance,Server,HTTPS,154,4.17,12,NO,ACCRA
1046,2026-11-30 22:03:13,VLan30,IT,Laptop,HTTPS,1097,3.28,12,NO,ACCRA
1047,2026-01-15 20:32:30,VLan20,Finance,Laptop,SSH,228,1.67,15,NO,TEMA
1048,2026-02-13 18:41:30,VLan30,IT,Server,SMTP,917,1.05,12,NO,ACCRA
1049,2026-12-16 02:10:52,VLan20,Finance,Server,SSH,432,4.31,10,NO,KUMASI
1050,2026-12-19 10:28:23,VLan20,Finance,Desktop,DNS,408,0.64,2,NO,Tamale
1051,2026-03-02 09:40:12,VLan40,Sales,Laptop,DNS,159,2.09,11,NO,KUMASI
1052,2026-09-30 19:00:30,VLan10,HR,Desktop,HTTPS,463,0.2,3,NO,KUMASI
1053,2026-11-19 01:39:33,VLan40,Sales,Mobile,HTTP,369,2.58,11,NO,Tamale
1054,2026-12-30 06:58:44,VLan10,HR,Desktop,HTTPS,585,1.24,8,NO,TEMA
1055,2026-02-12 14:49:45,VLan20,Finance,Router,FTP,373,3.08,15,NO,TAKORADI
1056,2026-05-16 12:37:46,VLan30,IT,Desktop,FTP,656,0.16,3,NO,TEMA
1057,2026-09-06 20:59:40,VLan40,Sales,Mobile,FTP,558,1.7,4,NO,ACCRA
1058,2026-06-17 01:30:56,VLan40,Sales,Desktop,SSH,263,3.57,5,NO,TEMA
1059,2026-04-28 17:14:03,VLan10,HR,Mobile,HTTP,688,1.18,9,NO,TAKORADI
1060,2026-02-26 11:19:31,VLan10,HR,Server,HTTP,175,2.75,7,NO,TAKORADI
1061,2026-03-26 23:28:10,VLan20,Finance,Laptop,FTP,247,4.62,2,NO,ACCRA
1062,2026-11-05 14:03:42,VLan20,Finance,Router,FTP,691,3.73,6,NO,TEMA
1063,2026-11-04 14:53:47,VLan40,Sales,Server,HTTPS,291,2.94,9,NO,TEMA
1064,2026-06-02 18:29:36,VLan10,HR,Router,SSH,671,3.32,13,NO,TEMA
1065,2026-02-16 19:19:53,VLan30,IT,Laptop,SMTP,918,1.72,8,NO,Tamale
1066,2026-09-15 00:46:44,VLan10,HR,Mobile,DNS,543,2.41,12,NO,TEMA
1067,2026-05-26 22:09:41,VLan20,Finance,Router,SSH,571,1.76,3,NO,KUMASI
1068,2026-07-30 00:20:27,VLan20,Finance,Laptop,HTTPS,449,0.16,14,NO,TEMA
1069,2026-05-11 23:38:08,VLan30,IT,Router,DNS,584,2.3,9,NO,Tamale
1070,2026-04-29 07:44:28,VLan20,Finance,Router,HTTP,516,3.82,11,NO,ACCRA
1071,2026-07-22 14:59:04,VLan40,Sales,Desktop,SMTP,304,0.75,8,NO,KUMASI
1072,2026-09-11 00:26:48,VLan30,IT,Desktop,SSH,509,0.51,2,NO,KUMASI
1073,2026-01-25 19:24:07,VLan30,IT,Laptop,HTTPS,826,1.38,14,NO,TEMA
1074,2026-04-13 23:56:21,VLan40,Sales,Router,HTTP,667,2.54,1,NO,TAKORADI
1075,2026-04-14 16:25:12,VLan10,HR,Router,HTTPS,333,1.11,10,NO,KUMASI
1076,2026-06-15 01:30:41,VLan30,IT,Desktop,SMTP,642,4.69,0,NO,ACCRA
1077,2026-05-18 08:28:29,VLan20,Finance,Server,SSH,536,4.79,12,NO,ACCRA
1078,2026-02-18 04:34:57,VLan30,IT,Server,SMTP,634,2.01,13,NO,TEMA
1079,2026-01-18 12:28:12,VLan30,IT,Server,DNS,939,0.44,4,NO,KUMASI
1080,2026-04-30 15:18:21,VLan30,IT,Server,SSH,1155,4.98,5,YES,TAKORADI
1081,2026-10-05 14:00:25,VLan40,Sales,Mobile,HTTP,181,1.56,12,NO,KUMASI
1082,2026-01-07 13:29:48,VLan30,IT,Mobile,SMTP,1194,2.55,3,NO,ACCRA
1083,2026-02-03 03:07:30,VLan30,IT,Desktop,FTP,823,2.24,7,NO,TEMA
1084,2026-11-09 01:15:21,VLan10,HR,Laptop,HTTP,605,1.82,12,NO,Tamale
1085,2026-07-14 06:10:43,VLan40,Sales,Mobile,DNS,460,3.54,10,NO,KUMASI
1086,2026-05-17 13:01:07,VLan20,Finance,Laptop,DNS,504,1.45,11,NO,TEMA
1087,2026-03-17 22:41:31,VLan10,HR,Server,SMTP,112,0.08,1,NO,TAKORADI
1088,2026-05-09 02:30:55,VLan30,IT,Server,HTTP,632,0.08,13,NO,ACCRA
1089,2026-10-26 19:39:45,VLan10,HR,Router,HTTPS,633,3.58,3,NO,TAKORADI
1090,2026-12-03 17:38:05,VLan10,HR,Laptop,HTTP,368,0.64,4,NO,KUMASI
1091,2026-04-15 06:36:19,VLan10,HR,Desktop,HTTP,539,0.87,13,NO,ACCRA
1092,2026-01-15 01:10:21,VLan20,Finance,Mobile,SSH,635,0.72,11,NO,Tamale
1093,2026-12-24 04:00:06,VLan30,IT,Laptop,SSH,1106,0.05,13,YES,TEMA
1094,2026-11-04 04:11:52,VLan10,HR,Desktop,SSH,471,3.92,12,NO,KUMASI
1095,2026-02-08 20:46:31,VLan40,Sales,Laptop,SSH,558,2.43,7,NO,TEMA
1096,2026-02-01 10:54:15,VLan30,IT,Router,SMTP,536,0.72,2,NO,KUMASI
1097,2026-11-08 03:24:45,VLan10,HR,Router,FTP,584,4.15,2,NO,KUMASI
1098,2026-05-06 21:09:18,VLan20,Finance,Server,DNS,222,0.89,10,NO,TAKORADI
1099,2026-06-27 05:05:29,VLan30,IT,Mobile,SSH,892,2.51,4,NO,Tamale
1100,2026-11-20 16:39:53,VLan40,Sales,Server,SMTP,417,0.6,12,NO,Tamale
1101,2026-01-04 15:52:39,VLan10,HR,Router,FTP,113,3.4,12,NO,Tamale
1102,2026-07-28 08:06:27,VLan40,Sales,Laptop,FTP,675,0.81,6,NO,Tamale
1103,2026-05-07 13:44:26,VLan40,Sales,Router,HTTP,158,4.84,13,NO,ACCRA
1104,2026-12-20 18:14:51,VLan10,HR,Router,HTTPS,424,0.3,8,NO,ACCRA
1105,2026-12-23 07:43:11,VLan10,HR,Router,FTP,361,0.38,0,NO,TEMA
1106,2026-10-15 03:13:15,VLan40,Sales,Router,DNS,434,0.54,6,NO,TEMA
1107,2026-12-16 02:18:07,VLan30,IT,Router,SSH,692,4.05,2,NO,TEMA
1108,2026-06-01 20:23:34,VLan20,Finance,Mobile,HTTPS,311,0.77,7,NO,TEMA
1109,2026-04-11 00:23:45,VLan40,Sales,Router,HTTPS,596,4.89,10,NO,KUMASI
1110,2026-12-02 18:04:44,VLan10,HR,Server,SSH,627,3.29,0,NO,TEMA
1111,2026-02-24 02:32:35,VLan10,HR,Mobile,HTTPS,582,1.76,9,NO,Tamale
1112,2026-07-28 06:18:39,VLan10,HR,Server,DNS,513,2.5,10,NO,Tamale
1113,2026-09-08 06:53:12,VLan10,HR,Router,HTTPS,639,2.52,10,NO,Tamale
1114,2026-06-15 21:35:02,VLan20,Finance,Mobile,SSH,275,3.98,0,NO,Tamale
1115,2026-02-19 11:24:53,VLan10,HR,Router,SMTP,422,4.05,5,NO,TEMA
1116,2026-09-12 13:34:01,VLan20,Finance,Server,SMTP,369,4.72,0,NO,Tamale
1117,2026-03-02 04:24:00,VLan40,Sales,Router,SMTP,647,0.92,3,NO,ACCRA
1118,2026-09-02 22:43:44,VLan30,IT,Desktop,DNS,610,0.76,6,NO,TAKORADI
1119,2026-12-27 05:52:05,VLan30,IT,Server,DNS,928,4.42,3,NO,ACCRA
1120,2026-04-10 09:16:04,VLan40,Sales,Server,HTTPS,338,4.55,11,NO,KUMASI
1121,2026-04-25 13:19:30,VLan30,IT,Server,SSH,796,3.45,15,NO,Tamale
1122,2026-08-08 09:21:37,VLan20,Finance,Desktop,HTTP,452,0.27,5,NO,KUMASI
1123,2026-04-07 08:07:21,VLan20,Finance,Server,SSH,377,0.83,4,NO,TAKORADI
1124,2026-02-16 15:19:46,VLan20,Finance,Laptop,HTTPS,234,3.74,0,NO,TEMA
1125,2026-05-29 17:35:42,VLan20,Finance,Server,DNS,235,0.92,4,NO,TEMA
1126,2026-01-01 23:31:57,VLan40,Sales,Router,SMTP,523,2.07,11,NO,TAKORADI
1127,2026-01-22 19:45:29,VLan20,Finance,Desktop,HTTPS,522,0.04,1,NO,KUMASI
1128,2026-06-22 08:20:31,VLan20,Finance,Laptop,DNS,665,2.54,8,NO,TEMA
1129,2026-06-06 18:09:27,VLan20,Finance,Router,HTTP,696,0.94,0,NO,TAKORADI
1130,2026-09-28 12:19:35,VLan40,Sales,Mobile,SMTP,646,0.08,9,NO,Tamale
1131,2026-12-08 22:25:28,VLan20,Finance,Laptop,SMTP,591,4.72,11,NO,TAKORADI
1132,2026-11-01 09:48:28,VLan10,HR,Mobile,DNS,352,0.18,12,NO,KUMASI
1133,2026-03-24 08:40:54,VLan30,IT,Server,HTTP,507,2.11,1,NO,TAKORADI
1134,2026-04-11 23:05:49,VLan30,IT,Laptop,HTTPS,1041,4.44,14,NO,KUMASI
1135,2026-11-03 18:18:12,VLan30,IT,Mobile,HTTPS,943,4.96,15,NO,ACCRA
1136,2026-03-12 00:22:34,VLan10,HR,Server,FTP,535,0.25,6,NO,KUMASI
1137,2026-04-30 11:24:46,VLan20,Finance,Desktop,DNS,269,3.8,4,NO,KUMASI
1138,2026-08-07 11:28:22,VLan30,IT,Server,SSH,1047,2.27,8,YES,Tamale
1139,2026-02-16 10:54:11,VLan40,Sales,Router,HTTP,572,3.47,2,NO,KUMASI
1140,2026-03-30 19:47:45,VLan40,Sales,Router,DNS,197,4.22,10,NO,KUMASI
1141,2026-01-31 09:23:07,VLan30,IT,Desktop,DNS,900,1.39,3,NO,Tamale
1142,2026-07-25 23:44:46,VLan10,HR,Mobile,SSH,202,0.05,3,NO,KUMASI
1143,2026-05-24 11:16:12,VLan10,HR,Mobile,FTP,558,3.75,10,NO,TEMA
1144,2026-06-26 23:13:10,VLan30,IT,Desktop,FTP,1187,4.73,14,YES,TEMA
1145,2026-05-31 11:10:43,VLan30,IT,Server,SMTP,1083,0.87,1,NO,TAKORADI
1146,2026-03-09 21:12:12,VLan20,Finance,Router,DNS,692,2.86,9,NO,TAKORADI
1147,2026-12-01 05:20:20,VLan40,Sales,Laptop,HTTP,306,1.99,13,NO,ACCRA
1148,2026-12-19 05:38:39,VLan40,Sales,Server,HTTPS,183,4.21,4,NO,ACCRA
1149,2026-04-25 16:02:34,VLan10,HR,Laptop,FTP,375,2.58,0,NO,TEMA
1150,2026-11-06 20:43:00,VLan10,HR,Laptop,HTTPS,460,2.38,6,NO,ACCRA
1151,2026-12-12 18:37:13,VLan40,Sales,Router,SMTP,238,1.39,2,NO,TAKORADI
1152,2026-09-22 04:18:02,VLan10,HR,Desktop,HTTP,565,1.95,8,NO,Tamale
1153,2026-10-15 02:17:09,VLan10,HR,Router,SSH,318,1.29,8,NO,KUMASI
1154,2026-11-09 10:23:23,VLan30,IT,Server,HTTPS,1164,3.91,11,NO,TEMA
1155,2026-02-26 09:41:46,VLan20,Finance,Router,HTTPS,109,4.09,0,NO,ACCRA
1156,2026-03-27 22:08:02,VLan20,Finance,Router,HTTPS,431,2.58,4,NO,KUMASI
1157,2026-02-06 15:50:00,VLan20,Finance,Server,SMTP,385,0.5,13,NO,ACCRA
1158,2026-07-18 00:31:21,VLan30,IT,Mobile,HTTP,750,4.71,14,NO,ACCRA
1159,2026-04-10 03:02:12,VLan30,IT,Mobile,SSH,1117,3.42,14,YES,KUMASI
1160,2026-10-29 04:07:16,VLan20,Finance,Mobile,SSH,499,4.46,10,NO,ACCRA
1161,2026-07-26 00:17:22,VLan30,IT,Server,SSH,848,3.5,9,NO,TAKORADI
1162,2026-04-01 15:46:40,VLan40,Sales,Desktop,HTTPS,603,4.25,9,NO,TAKORADI
1163,2026-10-02 09:24:31,VLan10,HR,Desktop,DNS,564,4.6,13,NO,TEMA
1164,2026-03-27 06:55:46,VLan20,Finance,Mobile,DNS,286,0.54,3,NO,ACCRA
1165,2026-06-29 06:30:38,VLan20,Finance,Laptop,DNS,415,0.65,9,NO,ACCRA
1166,2026-06-18 23:18:45,VLan30,IT,Desktop,DNS,706,2.52,0,NO,ACCRA
1167,2026-04-23 23:25:13,VLan30,IT,Desktop,HTTP,681,0.75,13,NO,TAKORADI
1168,2026-02-17 09:03:43,VLan40,Sales,Laptop,FTP,144,0.04,5,NO,ACCRA
1169,2026-10-02 21:49:21,VLan30,IT,Desktop,FTP,1101,1.81,10,YES,TEMA
1170,2026-01-19 03:29:37,VLan20,Finance,Server,HTTP,437,4.19,2,NO,KUMASI
1171,2026-11-15 18:03:15,VLan30,IT,Laptop,SSH,999,2.9,6,YES,Tamale
1172,2026-06-26 16:47:45,VLan30,IT,Router,SMTP,1165,3.09,13,NO,ACCRA
1173,2026-08-26 17:17:08,VLan40,Sales,Desktop,FTP,100,1.6,9,NO,TEMA
1174,2026-01-24 18:07:17,VLan10,HR,Laptop,DNS,503,4.15,12,NO,KUMASI
1175,2026-04-27 09:30:42,VLan10,HR,Laptop,DNS,639,4.91,12,NO,KUMASI
1176,2026-12-29 17:37:56,VLan40,Sales,Mobile,HTTP,643,4.77,1,NO,KUMASI
1177,2026-03-04 14:35:08,VLan30,IT,Router,HTTP,715,4.45,8,NO,TAKORADI
1178,2026-08-02 21:54:34,VLan30,IT,Mobile,SSH,508,1.65,2,NO,TAKORADI
1179,2026-11-15 17:20:41,VLan20,Finance,Desktop,HTTPS,676,4.2,13,NO,ACCRA
1180,2026-08-14 08:04:36,VLan30,IT,Mobile,HTTPS,1056,4.63,2,NO,TAKORADI
1181,2026-10-08 05:44:53,VLan40,Sales,Server,FTP,638,1.39,4,NO,Tamale
1182,2026-05-11 23:25:15,VLan40,Sales,Laptop,HTTPS,180,4.73,12,NO,KUMASI
1183,2026-11-25 06:03:39,VLan20,Finance,Laptop,HTTPS,571,1.27,1,NO,Tamale
1184,2026-04-10 22:57:51,VLan40,Sales,Mobile,DNS,443,3.96,1,NO,KUMASI
1185,2026-02-07 00:25:56,VLan40,Sales,Server,HTTPS,314,0.86,4,NO,ACCRA
1186,2026-10-15 19:07:52,VLan30,IT,Server,HTTPS,676,4.32,6,NO,KUMASI
1187,2026-02-08 06:10:23,VLan30,IT,Desktop,DNS,562,3.37,7,NO,ACCRA
1188,2026-09-03 03:28:42,VLan30,IT,Router,HTTP,794,3.01,7,NO,TEMA
1189,2026-10-02 14:10:57,VLan20,Finance,Server,HTTP,164,2.04,14,NO,Tamale
1190,2026-04-23 08:50:56,VLan10,HR,Desktop,SSH,398,2.21,7,NO,Tamale
1191,2026-04-09 12:37:24,VLan40,Sales,Laptop,DNS,418,3.08,5,NO,TAKORADI
1192,2026-02-05 12:17:18,VLan40,Sales,Laptop,SMTP,336,3.57,11,NO,ACCRA
1193,2026-01-25 18:55:35,VLan40,Sales,Router,SMTP,501,3.31,15,NO,Tamale
1194,2026-12-27 09:34:32,VLan10,HR,Laptop,HTTP,270,0.55,12,NO,TAKORADI
1195,2026-02-24 23:01:58,VLan30,IT,Router,HTTPS,1084,1.79,12,NO,TAKORADI
1196,2026-02-26 21:54:24,VLan20,Finance,Router,HTTPS,187,0.49,12,NO,TEMA
1197,2026-06-12 19:33:43,VLan40,Sales,Desktop,SSH,403,3.1,8,NO,KUMASI
1198,2026-10-29 20:38:13,VLan20,Finance,Laptop,FTP,427,4.74,2,NO,TEMA
1199,2026-08-24 18:15:47,VLan30,IT,Desktop,SSH,636,3.72,6,NO,ACCRA
1200,2026-03-09 19:55:55,VLan30,IT,Server,FTP,885,4.91,11,NO,KUMASI
1201,2026-09-19 17:38:41,VLan40,Sales,Mobile,DNS,551,0.52,4,NO,KUMASI
1202,2026-06-26 19:07:58,VLan40,Sales,Desktop,HTTPS,609,1.47,7,NO,ACCRA
1203,2026-10-17 00:47:18,VLan10,HR,Server,SSH,557,1.6,1,NO,ACCRA
1204,2026-07-30 00:46:38,VLan40,Sales,Server,SSH,372,1.66,2,NO,TAKORADI
1205,2026-06-08 00:42:33,VLan40,Sales,Laptop,SMTP,456,3.78,2,NO,Tamale
1206,2026-08-06 09:06:55,VLan30,IT,Laptop,SMTP,953,0.14,5,NO,TEMA
1207,2026-05-30 11:18:38,VLan20,Finance,Server,SSH,550,2.35,11,NO,KUMASI
1208,2026-04-26 15:23:56,VLan20,Finance,Laptop,FTP,556,0.41,2,NO,Tamale
1209,2026-03-06 13:08:18,VLan10,HR,Server,FTP,669,1.56,6,NO,Tamale
1210,2026-07-02 11:19:33,VLan30,IT,Router,DNS,757,1.86,4,NO,Tamale
1211,2026-04-13 07:39:49,VLan20,Finance,Laptop,HTTPS,203,0.02,14,NO,KUMASI
1212,2026-01-27 15:18:05,VLan30,IT,Laptop,DNS,974,1.69,8,NO,TEMA
1213,2026-01-10 14:05:29,VLan30,IT,Router,FTP,781,0.78,5,NO,TEMA
1214,2026-03-11 12:38:49,VLan30,IT,Router,SSH,968,4.35,1,YES,ACCRA
1215,2026-04-13 21:13:00,VLan20,Finance,Desktop,DNS,214,4.69,12,NO,TAKORADI
1216,2026-04-15 07:13:33,VLan10,HR,Mobile,FTP,562,2.44,3,NO,ACCRA
1217,2026-03-01 05:48:25,VLan30,IT,Router,HTTP,1121,1.23,5,NO,Tamale
1218,2026-08-14 05:22:16,VLan40,Sales,Server,HTTPS,632,2.25,14,NO,Tamale
1219,2026-09-02 21:09:22,VLan20,Finance,Router,HTTP,466,1.63,4,NO,TAKORADI
1220,2026-12-03 23:27:15,VLan40,Sales,Server,FTP,333,3.08,13,NO,ACCRA
1221,2026-02-24 21:19:41,VLan30,IT,Server,SMTP,729,1.16,10,NO,TAKORADI
1222,2026-12-05 02:05:42,VLan20,Finance,Laptop,DNS,497,0.03,4,NO,TAKORADI
1223,2026-07-02 15:04:24,VLan40,Sales,Router,FTP,248,4.31,5,NO,KUMASI
1224,2026-07-03 17:39:44,VLan20,Finance,Router,FTP,449,3.04,6,NO,TAKORADI
1225,2026-10-11 11:06:32,VLan20,Finance,Router,SSH,207,2.34,12,NO,KUMASI
1226,2026-02-23 09:05:26,VLan10,HR,Mobile,SMTP,318,4.35,4,NO,Tamale
1227,2026-06-07 16:54:51,VLan20,Finance,Laptop,HTTP,582,3.91,14,NO,ACCRA
1228,2026-02-12 01:00:00,VLan30,IT,Desktop,HTTPS,853,4.12,5,NO,Tamale
1229,2026-08-22 04:20:55,VLan20,Finance,Server,HTTP,223,0.55,14,NO,TEMA
1230,2026-04-26 15:44:27,VLan10,HR,Laptop,HTTPS,509,2.08,0,NO,TAKORADI
1231,2026-10-31 10:43:35,VLan40,Sales,Server,FTP,571,2.59,7,NO,ACCRA
1232,2026-05-31 02:22:44,VLan40,Sales,Router,HTTP,442,2.89,8,NO,ACCRA
1233,2026-06-08 07:22:30,VLan40,Sales,Server,SSH,586,2.15,1,NO,Tamale
1234,2026-07-17 06:04:51,VLan20,Finance,Server,DNS,342,3.97,5,NO,TEMA
1235,2026-01-04 00:25:39,VLan20,Finance,Mobile,HTTPS,393,1.31,11,NO,TEMA
1236,2026-06-17 18:54:07,VLan20,Finance,Router,DNS,175,0.54,13,NO,KUMASI
1237,2026-01-14 18:06:16,VLan40,Sales,Desktop,DNS,138,3.86,1,NO,KUMASI
1238,2026-04-12 21:56:44,VLan10,HR,Server,SMTP,258,3.6,14,NO,Tamale
1239,2026-01-19 05:41:45,VLan40,Sales,Router,DNS,273,0.71,10,NO,KUMASI
1240,2026-09-30 23:42:43,VLan20,Finance,Router,DNS,149,0.11,15,NO,KUMASI
1241,2026-04-08 23:07:50,VLan20,Finance,Desktop,FTP,538,3.75,14,NO,TAKORADI
1242,2026-11-03 23:33:19,VLan20,Finance,Router,DNS,402,1.06,15,NO,ACCRA
1243,2026-01-25 07:21:20,VLan20,Finance,Server,DNS,666,4.94,3,NO,Tamale
1244,2026-09-26 16:03:15,VLan20,Finance,Mobile,SMTP,412,1.6,9,NO,TAKORADI
1245,2026-11-07 19:28:23,VLan30,IT,Router,SMTP,1109,2.91,1,NO,TAKORADI
1246,2026-04-13 04:01:07,VLan40,Sales,Laptop,DNS,288,0.6,3,NO,TEMA
1247,2026-10-01 08:33:53,VLan10,HR,Desktop,SSH,436,3.56,9,NO,ACCRA
1248,2026-06-25 19:15:24,VLan40,Sales,Server,SSH,581,1.18,2,NO,KUMASI
1249,2026-12-20 22:37:48,VLan40,Sales,Router,DNS,460,0.31,2,NO,TEMA
1250,2026-10-18 14:08:47,VLan40,Sales,Mobile,FTP,360,1.34,14,NO,Tamale
1251,2026-10-21 15:09:07,VLan10,HR,Laptop,HTTPS,181,4.25,8,NO,ACCRA
1252,2026-10-17 20:10:43,VLan40,Sales,Laptop,HTTPS,491,4.29,7,NO,Tamale
1253,2026-08-08 23:47:57,VLan30,IT,Server,HTTP,765,3.88,8,NO,TEMA
1254,2026-04-27 00:12:06,VLan40,Sales,Server,HTTPS,458,3.2,11,NO,Tamale
1255,2026-08-14 09:19:35,VLan20,Finance,Router,SSH,560,0.51,11,NO,TEMA
1256,2026-05-09 01:28:38,VLan10,HR,Laptop,SMTP,401,3.42,6,NO,Tamale
1257,2026-11-28 13:58:08,VLan10,HR,Laptop,SSH,611,2.95,1,NO,ACCRA
1258,2026-04-15 09:12:24,VLan40,Sales,Router,HTTP,128,2.94,4,NO,ACCRA
1259,2026-04-22 04:49:56,VLan10,HR,Server,DNS,332,4.74,8,NO,TEMA
1260,2026-05-20 20:35:12,VLan10,HR,Router,HTTP,218,0.58,0,NO,TEMA
1261,2026-12-22 10:13:40,VLan40,Sales,Laptop,HTTP,262,1.39,15,NO,ACCRA
1262,2026-11-27 07:29:14,VLan20,Finance,Desktop,SSH,525,0.38,6,NO,Tamale
1263,2026-05-17 19:22:31,VLan10,HR,Desktop,FTP,154,2.23,6,NO,TEMA
1264,2026-12-19 08:15:06,VLan20,Finance,Laptop,SSH,118,4.01,11,NO,KUMASI
1265,2026-09-01 13:02:57,VLan10,HR,Router,DNS,639,2.99,13,NO,TEMA
1266,2026-04-22 06:56:32,VLan20,Finance,Desktop,SSH,374,3.23,11,NO,KUMASI
1267,2026-08-11 01:23:53,VLan30,IT,Mobile,HTTPS,1085,0.81,7,NO,Tamale
1268,2026-03-20 10:04:05,VLan30,IT,Laptop,SMTP,1180,2.83,4,NO,TAKORADI
1269,2026-12-18 11:10:49,VLan20,Finance,Router,HTTPS,231,3.09,0,NO,TAKORADI
1270,2026-04-07 13:03:38,VLan30,IT,Desktop,DNS,763,0.42,2,NO,ACCRA
1271,2026-09-03 21:13:36,VLan10,HR,Server,SMTP,514,2.16,15,NO,Tamale
1272,2026-12-21 23:41:04,VLan30,IT,Server,HTTPS,1010,3.94,5,NO,TEMA
1273,2026-03-03 02:14:03,VLan30,IT,Desktop,HTTPS,1103,4.66,14,NO,Tamale
1274,2026-11-18 22:41:55,VLan30,IT,Router,DNS,1023,1.32,3,NO,TEMA
1275,2026-10-03 18:50:43,VLan10,HR,Server,SSH,558,4.81,6,NO,TAKORADI
1276,2026-04-13 09:23:24,VLan40,Sales,Desktop,SMTP,416,3.39,12,NO,TEMA
1277,2026-10-29 21:08:00,VLan20,Finance,Laptop,HTTPS,537,4.5,5,NO,KUMASI
1278,2026-07-19 03:53:02,VLan20,Finance,Server,SMTP,699,2.57,10,NO,ACCRA
1279,2026-07-09 07:45:15,VLan10,HR,Mobile,DNS,139,1.7,2,NO,TEMA
1280,2026-10-05 19:01:30,VLan20,Finance,Mobile,SMTP,409,2.47,6,NO,TEMA
1281,2026-01-21 11:10:04,VLan20,Finance,Laptop,SMTP,426,2.33,5,NO,TEMA
1282,2026-02-27 08:39:29,VLan40,Sales,Server,DNS,283,0.92,3,NO,KUMASI
1283,2026-08-19 10:22:39,VLan30,IT,Laptop,SMTP,1186,4.61,0,NO,Tamale
1284,2026-07-24 07:18:40,VLan20,Finance,Router,HTTPS,362,4.31,1,NO,TAKORADI
1285,2026-06-04 18:25:50,VLan10,HR,Mobile,HTTP,628,2.85,4,NO,Tamale
1286,2026-12-07 07:12:22,VLan30,IT,Router,DNS,971,2.76,10,NO,ACCRA
1287,2026-11-08 01:28:57,VLan30,IT,Desktop,FTP,522,2.63,0,NO,TEMA
1288,2026-03-30 00:05:26,VLan10,HR,Desktop,HTTPS,262,1.35,14,NO,TAKORADI
1289,2026-12-30 07:30:06,VLan10,HR,Laptop,SSH,621,0.62,2,NO,Tamale
1290,2026-06-29 10:14:45,VLan40,Sales,Desktop,SMTP,561,4.23,13,NO,KUMASI
1291,2026-02-11 03:00:48,VLan30,IT,Mobile,DNS,715,4.1,4,NO,TAKORADI
1292,2026-06-01 16:46:50,VLan20,Finance,Desktop,SSH,173,0.81,0,NO,ACCRA
1293,2026-03-07 00:22:16,VLan20,Finance,Mobile,SMTP,584,4.33,15,NO,ACCRA
1294,2026-06-26 14:01:38,VLan40,Sales,Server,SSH,157,3.95,12,NO,Tamale
1295,2026-05-29 15:48:03,VLan40,Sales,Mobile,SSH,425,1.68,4,NO,KUMASI
1296,2026-05-24 11:04:13,VLan10,HR,Server,FTP,181,0.48,7,NO,KUMASI
1297,2026-12-05 23:24:56,VLan20,Finance,Server,SSH,352,3.13,8,NO,Tamale
1298,2026-08-10 08:44:40,VLan20,Finance,Laptop,DNS,694,1.14,8,NO,Tamale
1299,2026-06-01 14:38:05,VLan10,HR,Router,SMTP,248,0.3,2,NO,Tamale
1300,2026-04-25 02:19:10,VLan40,Sales,Laptop,FTP,655,4.56,3,NO,KUMASI
1301,2026-04-11 21:55:35,VLan20,Finance,Router,FTP,110,3.13,8,NO,TAKORADI
1302,2026-06-10 06:45:28,VLan30,IT,Mobile,DNS,538,3.81,8,NO,TAKORADI
1303,2026-06-24 09:00:44,VLan10,HR,Laptop,HTTPS,247,4.19,7,NO,TEMA
1304,2026-01-23 04:46:35,VLan40,Sales,Desktop,HTTPS,587,3.47,11,NO,KUMASI
1305,2026-10-27 03:55:11,VLan10,HR,Laptop,FTP,240,0.89,13,NO,TAKORADI
1306,2026-02-09 09:17:26,VLan30,IT,Mobile,SSH,913,3.08,3,YES,TAKORADI
1307,2026-03-31 16:58:17,VLan40,Sales,Mobile,DNS,117,1.18,1,NO,ACCRA
1308,2026-09-15 02:26:01,VLan40,Sales,Mobile,DNS,406,4.28,0,NO,Tamale
1309,2026-02-06 14:49:30,VLan10,HR,Server,HTTP,252,0.23,0,NO,TAKORADI
1310,2026-03-09 15:56:35,VLan10,HR,Mobile,HTTPS,164,3.01,3,NO,KUMASI
1311,2026-01-16 11:19:55,VLan40,Sales,Server,SMTP,335,2.09,3,NO,ACCRA
1312,2026-08-13 14:05:14,VLan30,IT,Mobile,FTP,1196,0.73,11,YES,KUMASI
1313,2026-01-03 01:57:37,VLan30,IT,Router,HTTPS,1085,0.01,14,NO,ACCRA
1314,2026-02-07 00:20:50,VLan20,Finance,Mobile,SMTP,237,3.27,8,NO,TAKORADI
1315,2026-01-22 05:53:36,VLan40,Sales,Router,HTTP,112,2.03,10,NO,Tamale
1316,2026-04-25 06:27:56,VLan40,Sales,Laptop,HTTP,550,2.52,14,NO,TAKORADI
1317,2026-09-29 06:48:12,VLan10,HR,Desktop,FTP,217,2.34,2,NO,ACCRA
1318,2026-11-07 05:58:39,VLan30,IT,Server,FTP,591,1.16,3,NO,Tamale
1319,2026-12-03 03:51:44,VLan20,Finance,Server,DNS,102,2.37,15,NO,TEMA
1320,2026-05-20 12:23:22,VLan40,Sales,Router,HTTP,293,2.09,1,NO,KUMASI
1321,2026-03-24 07:27:48,VLan40,Sales,Desktop,SMTP,589,1.11,15,NO,Tamale
1322,2026-10-04 12:06:11,VLan30,IT,Desktop,SSH,740,3.53,0,NO,TEMA
1323,2026-01-09 11:20:23,VLan10,HR,Desktop,SMTP,626,1.71,14,NO,TEMA
1324,2026-01-30 18:50:53,VLan30,IT,Desktop,DNS,965,3.8,15,NO,TEMA
1325,2026-03-11 06:01:52,VLan10,HR,Desktop,SMTP,299,0.22,0,NO,KUMASI
1326,2026-07-28 07:13:24,VLan40,Sales,Router,HTTPS,577,3.1,6,NO,ACCRA
1327,2026-01-11 04:12:02,VLan30,IT,Laptop,DNS,1005,2.78,14,NO,TAKORADI
1328,2026-12-28 01:28:29,VLan20,Finance,Router,SSH,244,1.74,5,NO,TAKORADI
1329,2026-07-28 14:58:13,VLan20,Finance,Desktop,SSH,567,0.49,1,NO,TAKORADI
1330,2026-09-11 18:53:55,VLan40,Sales,Desktop,FTP,218,2.78,4,NO,ACCRA
1331,2026-11-09 23:27:25,VLan40,Sales,Server,SSH,212,2.94,4,NO,ACCRA
1332,2026-01-23 11:23:39,VLan40,Sales,Laptop,HTTP,246,0.38,4,NO,TEMA
1333,2026-04-14 02:57:43,VLan20,Finance,Desktop,FTP,176,4.45,15,NO,TAKORADI
1334,2026-03-25 14:01:55,VLan10,HR,Desktop,FTP,145,3.11,0,NO,TAKORADI
1335,2026-08-23 14:47:16,VLan10,HR,Laptop,SMTP,242,2.56,5,NO,ACCRA
1336,2026-03-23 20:52:38,VLan40,Sales,Desktop,HTTP,583,3.05,3,NO,KUMASI
1337,2026-04-29 21:57:53,VLan40,Sales,Desktop,DNS,503,1.26,1,NO,ACCRA
1338,2026-11-10 02:52:15,VLan40,Sales,Laptop,SSH,216,4.37,7,NO,TEMA
1339,2026-08-03 05:01:14,VLan20,Finance,Laptop,HTTPS,377,4.25,5,NO,TAKORADI
1340,2026-11-22 11:56:10,VLan30,IT,Server,SMTP,773,4.54,3,NO,ACCRA
1341,2026-08-06 00:46:48,VLan30,IT,Router,SMTP,713,1.27,1,NO,Tamale
1342,2026-10-13 05:37:21,VLan40,Sales,Laptop,HTTPS,141,4.86,10,NO,ACCRA
1343,2026-05-02 20:35:48,VLan40,Sales,Mobile,HTTPS,400,3.56,5,NO,Tamale
1344,2026-02-11 19:30:09,VLan40,Sales,Laptop,FTP,246,3.39,10,NO,TAKORADI
1345,2026-09-09 23:48:11,VLan10,HR,Desktop,FTP,567,3,0,NO,TEMA
1346,2026-01-02 23:15:52,VLan30,IT,Laptop,DNS,786,0.53,15,NO,Tamale
1347,2026-03-04 14:22:11,VLan30,IT,Laptop,HTTPS,805,1.95,2,NO,KUMASI
1348,2026-08-08 03:51:18,VLan30,IT,Server,HTTPS,621,0.52,15,NO,TEMA
1349,2026-03-16 20:13:29,VLan20,Finance,Desktop,HTTP,334,0.34,0,NO,ACCRA
1350,2026-10-02 21:58:54,VLan40,Sales,Server,HTTPS,429,0.82,7,NO,ACCRA
1351,2026-06-10 23:41:28,VLan40,Sales,Server,FTP,141,4.43,5,NO,Tamale
1352,2026-04-25 20:21:28,VLan40,Sales,Mobile,HTTPS,378,0.61,7,NO,Tamale
1353,2026-09-04 07:18:13,VLan40,Sales,Router,FTP,168,1.71,1,NO,KUMASI
1354,2026-01-26 13:23:44,VLan10,HR,Desktop,SMTP,166,0.93,8,NO,TAKORADI
1355,2026-06-19 00:50:03,VLan30,IT,Mobile,SMTP,1197,4.16,13,NO,TAKORADI
1356,2026-11-16 22:44:06,VLan30,IT,Desktop,FTP,1028,2.65,13,YES,Tamale
1357,2026-05-07 11:23:10,VLan40,Sales,Desktop,FTP,647,1.15,3,NO,Tamale
1358,2026-02-20 05:08:11,VLan10,HR,Laptop,HTTPS,119,0.62,9,NO,KUMASI
1359,2026-08-13 16:35:30,VLan20,Finance,Laptop,SMTP,456,3.54,6,NO,Tamale
1360,2026-06-13 01:01:33,VLan40,Sales,Server,HTTPS,283,4.79,1,NO,KUMASI
1361,2026-02-23 02:09:14,VLan40,Sales,Desktop,HTTP,233,0.06,12,NO,TEMA
1362,2026-03-06 00:17:57,VLan30,IT,Mobile,HTTP,632,0.76,3,NO,Tamale
1363,2026-03-05 23:15:59,VLan10,HR,Laptop,FTP,383,3.74,14,NO,TAKORADI
1364,2026-12-26 22:07:14,VLan30,IT,Desktop,HTTPS,538,3.77,13,NO,TEMA
1365,2026-01-27 10:59:06,VLan10,HR,Desktop,HTTP,204,1.41,11,NO,Tamale
1366,2026-07-15 22:23:54,VLan40,Sales,Server,FTP,549,0.34,2,NO,Tamale
1367,2026-04-25 05:02:37,VLan20,Finance,Router,SMTP,299,2.26,11,NO,Tamale
1368,2026-11-04 02:12:52,VLan20,Finance,Mobile,SMTP,551,0.97,10,NO,KUMASI
1369,2026-02-05 05:38:38,VLan20,Finance,Desktop,HTTPS,699,3.32,13,NO,Tamale
1370,2026-11-29 09:51:17,VLan20,Finance,Laptop,HTTP,539,3.69,8,NO,ACCRA
1371,2026-11-13 10:10:20,VLan30,IT,Laptop,DNS,926,2.73,11,NO,TAKORADI
1372,2026-12-09 05:34:20,VLan20,Finance,Server,SSH,403,3.89,5,NO,ACCRA
1373,2026-12-15 08:15:59,VLan40,Sales,Router,HTTPS,174,2.85,14,NO,KUMASI
1374,2026-04-11 06:45:38,VLan30,IT,Desktop,HTTPS,982,1.5,13,NO,ACCRA
1375,2026-12-06 04:53:51,VLan20,Finance,Desktop,DNS,124,3.43,11,NO,TAKORADI
1376,2026-04-20 16:04:57,VLan10,HR,Mobile,SSH,237,0.84,15,NO,KUMASI
1377,2026-10-30 16:19:16,VLan30,IT,Mobile,HTTPS,1114,0.07,15,NO,TAKORADI
1378,2026-07-02 03:24:50,VLan20,Finance,Desktop,SSH,357,1.04,13,NO,TEMA
1379,2026-03-05 22:42:28,VLan30,IT,Laptop,FTP,654,0.6,15,NO,TAKORADI
1380,2026-06-24 15:16:02,VLan40,Sales,Desktop,HTTPS,555,4.78,10,NO,KUMASI
1381,2026-03-23 23:30:10,VLan30,IT,Desktop,FTP,1012,1.68,5,YES,TEMA
1382,2026-10-11 13:55:14,VLan30,IT,Router,SSH,746,0.57,7,NO,TAKORADI
1383,2026-04-24 19:50:56,VLan40,Sales,Mobile,DNS,219,4.19,9,NO,TAKORADI
1384,2026-10-19 19:44:04,VLan20,Finance,Laptop,HTTP,298,4.96,11,NO,ACCRA
1385,2026-07-29 07:14:39,VLan40,Sales,Router,HTTPS,466,2.18,15,NO,ACCRA
1386,2026-11-20 11:08:22,VLan30,IT,Mobile,DNS,1013,4.1,7,NO,TEMA
1387,2026-04-14 21:05:51,VLan10,HR,Desktop,SMTP,637,3.14,5,NO,KUMASI
1388,2026-05-30 16:33:39,VLan10,HR,Server,SMTP,318,0.41,14,NO,KUMASI
1389,2026-04-23 13:26:44,VLan30,IT,Laptop,HTTPS,827,3.42,6,NO,TAKORADI
1390,2026-08-30 22:13:04,VLan40,Sales,Mobile,SSH,284,0.82,7,NO,TEMA
1391,2026-09-09 09:50:18,VLan20,Finance,Laptop,FTP,321,3.43,10,NO,ACCRA
1392,2026-11-06 22:11:12,VLan20,Finance,Mobile,FTP,116,0.75,3,NO,ACCRA
1393,2026-02-13 04:12:27,VLan30,IT,Mobile,FTP,658,0.63,14,NO,ACCRA
1394,2026-03-29 13:53:09,VLan10,HR,Mobile,SMTP,583,4.13,15,NO,TAKORADI
1395,2026-04-28 18:34:50,VLan40,Sales,Router,HTTP,684,2.8,11,NO,ACCRA
1396,2026-05-09 01:11:45,VLan40,Sales,Server,DNS,134,1.13,15,NO,TEMA
1397,2026-01-18 16:48:36,VLan20,Finance,Server,SMTP,350,0.48,6,NO,KUMASI
1398,2026-09-25 05:59:37,VLan20,Finance,Laptop,FTP,640,2.46,11,NO,KUMASI
1399,2026-03-29 03:24:35,VLan20,Finance,Router,FTP,364,1.56,11,NO,TEMA
1400,2026-06-17 22:00:06,VLan40,Sales,Router,DNS,242,0.92,9,NO,KUMASI
1401,2026-12-14 05:46:32,VLan20,Finance,Mobile,FTP,202,4.83,13,NO,ACCRA
1402,2026-02-05 15:02:00,VLan20,Finance,Desktop,DNS,562,0.57,6,NO,Tamale
1403,2026-07-18 14:29:52,VLan30,IT,Laptop,FTP,694,2.27,12,NO,TEMA
1404,2026-12-09 00:00:05,VLan20,Finance,Router,HTTPS,362,3.55,11,NO,Tamale
1405,2026-10-06 20:20:19,VLan30,IT,Router,SSH,1044,0.71,5,YES,KUMASI
1406,2026-05-19 11:31:32,VLan30,IT,Mobile,DNS,585,0.75,9,NO,ACCRA
1407,2026-12-06 15:25:42,VLan40,Sales,Mobile,HTTPS,556,2.1,2,NO,TAKORADI
1408,2026-11-21 20:13:17,VLan30,IT,Mobile,SSH,656,2.17,0,NO,ACCRA
1409,2026-01-25 06:19:59,VLan30,IT,Desktop,SMTP,608,0.22,3,NO,TEMA
1410,2026-08-16 20:54:27,VLan10,HR,Laptop,SSH,672,3.3,6,NO,KUMASI
1411,2026-03-09 01:35:37,VLan20,Finance,Laptop,HTTPS,483,4.61,6,NO,ACCRA
1412,2026-06-05 06:55:45,VLan40,Sales,Server,SSH,250,2.01,0,NO,TAKORADI
1413,2026-01-22 22:16:22,VLan30,IT,Laptop,SSH,648,4.14,12,NO,Tamale
1414,2026-09-26 10:14:51,VLan10,HR,Router,HTTPS,175,1.56,2,NO,ACCRA
1415,2026-10-13 08:44:51,VLan10,HR,Laptop,SSH,592,2.15,4,NO,Tamale
1416,2026-11-27 23:14:32,VLan20,Finance,Server,HTTPS,648,2.41,3,NO,TEMA
1417,2026-12-26 13:28:56,VLan40,Sales,Laptop,DNS,377,2.16,7,NO,KUMASI
1418,2026-11-14 01:21:53,VLan30,IT,Laptop,HTTPS,1026,4.39,9,NO,TEMA
1419,2026-01-23 13:15:55,VLan10,HR,Laptop,FTP,314,4.81,1,NO,TAKORADI
1420,2026-03-13 16:47:43,VLan10,HR,Mobile,SSH,515,1.1,10,NO,Tamale
1421,2026-03-28 03:03:50,VLan30,IT,Mobile,FTP,1163,4.14,4,YES,KUMASI
1422,2026-08-10 06:45:21,VLan40,Sales,Server,HTTP,461,4.82,7,NO,ACCRA
1423,2026-01-14 10:39:11,VLan20,Finance,Mobile,HTTP,224,4.46,15,NO,KUMASI
1424,2026-03-12 16:41:48,VLan20,Finance,Mobile,HTTP,344,4.76,8,NO,KUMASI
1425,2026-11-27 09:15:51,VLan20,Finance,Server,DNS,348,3.83,15,NO,Tamale
1426,2026-03-12 08:19:57,VLan20,Finance,Mobile,HTTPS,357,0.04,0,NO,Tamale
1427,2026-11-12 13:42:02,VLan30,IT,Laptop,DNS,806,3.14,15,NO,Tamale
1428,2026-02-24 04:12:41,VLan20,Finance,Desktop,HTTP,306,4.16,10,NO,ACCRA
1429,2026-10-12 13:16:13,VLan40,Sales,Laptop,HTTP,686,2.45,14,NO,TAKORADI
1430,2026-02-07 19:12:13,VLan10,HR,Mobile,DNS,473,1.11,0,NO,TEMA
1431,2026-07-14 06:15:43,VLan40,Sales,Router,SSH,668,1.99,13,NO,ACCRA
1432,2026-08-22 01:02:05,VLan20,Finance,Laptop,FTP,262,4.24,10,NO,ACCRA
1433,2026-09-18 00:40:05,VLan10,HR,Server,HTTP,575,3.68,11,NO,TAKORADI
1434,2026-07-09 18:20:28,VLan20,Finance,Desktop,SSH,395,4.22,13,NO,ACCRA
1435,2026-11-06 06:20:14,VLan20,Finance,Server,DNS,555,3.16,13,NO,TAKORADI
1436,2026-03-11 04:16:58,VLan30,IT,Mobile,DNS,703,3.18,8,NO,TAKORADI
1437,2026-08-16 06:06:00,VLan40,Sales,Mobile,DNS,188,3.16,9,NO,KUMASI
1438,2026-10-26 08:41:33,VLan10,HR,Mobile,FTP,543,2.62,5,NO,KUMASI
1439,2026-12-10 19:02:22,VLan40,Sales,Router,HTTPS,492,4.06,6,NO,TAKORADI
1440,2026-09-18 11:38:43,VLan20,Finance,Laptop,HTTPS,610,2.86,10,NO,KUMASI
1441,2026-02-17 09:06:27,VLan10,HR,Server,SMTP,489,1.65,1,NO,TEMA
1442,2026-02-26 03:37:23,VLan40,Sales,Server,SSH,538,4.59,2,NO,TEMA
1443,2026-01-31 09:36:12,VLan20,Finance,Laptop,FTP,558,4.01,15,NO,TAKORADI
1444,2026-07-30 02:44:26,VLan40,Sales,Laptop,FTP,201,0.51,10,NO,ACCRA
1445,2026-01-25 23:21:13,VLan20,Finance,Laptop,FTP,308,1.51,11,NO,KUMASI
1446,2026-02-02 19:02:35,VLan10,HR,Desktop,SMTP,150,1.89,9,NO,TAKORADI
1447,2026-01-22 17:57:14,VLan10,HR,Server,DNS,653,4.3,12,NO,TEMA
1448,2026-09-04 03:06:45,VLan30,IT,Laptop,SMTP,731,0.31,5,NO,ACCRA
1449,2026-04-14 13:36:55,VLan20,Finance,Router,SMTP,212,2.06,1,NO,KUMASI
1450,2026-02-15 06:10:17,VLan20,Finance,Laptop,HTTP,378,3.52,7,NO,KUMASI
1451,2026-08-31 02:58:14,VLan10,HR,Server,HTTPS,529,1.29,4,NO,Tamale
1452,2026-10-22 13:48:16,VLan30,IT,Mobile,HTTPS,508,3.95,7,NO,ACCRA
1453,2026-07-17 22:36:17,VLan40,Sales,Mobile,HTTPS,223,4.99,1,NO,TEMA
1454,2026-12-15 16:40:31,VLan40,Sales,Desktop,HTTP,439,4.13,6,NO,KUMASI
1455,2026-11-14 13:36:32,VLan20,Finance,Laptop,HTTPS,183,0.88,15,NO,Tamale
1456,2026-09-03 00:20:36,VLan10,HR,Desktop,FTP,563,3.47,8,NO,Tamale
1457,2026-01-26 00:08:37,VLan30,IT,Laptop,DNS,615,1.29,9,NO,ACCRA
1458,2026-04-04 03:41:06,VLan30,IT,Server,SSH,881,1.01,13,NO,TAKORADI
1459,2026-11-23 12:02:07,VLan20,Finance,Mobile,SSH,165,2.09,0,NO,TEMA
1460,2026-07-25 06:55:04,VLan10,HR,Server,SSH,598,4.45,13,NO,TAKORADI
1461,2026-03-03 17:51:42,VLan10,HR,Desktop,HTTP,448,3.87,13,NO,TAKORADI
1462,2026-12-21 15:48:23,VLan40,Sales,Mobile,SMTP,266,2.38,13,NO,TEMA
1463,2026-12-23 20:01:36,VLan10,HR,Mobile,SMTP,494,2.92,12,NO,TEMA
1464,2026-02-07 18:21:19,VLan40,Sales,Laptop,HTTPS,210,3.46,6,NO,KUMASI
1465,2026-10-12 06:53:45,VLan10,HR,Desktop,HTTP,132,3.35,7,NO,TEMA
1466,2026-08-21 19:22:02,VLan20,Finance,Laptop,HTTP,331,0.53,9,NO,KUMASI
1467,2026-06-09 19:26:26,VLan10,HR,Laptop,SMTP,367,0.91,8,NO,TAKORADI
1468,2026-03-12 08:45:52,VLan40,Sales,Laptop,SMTP,427,4.78,8,NO,TEMA
1469,2026-10-13 19:53:47,VLan20,Finance,Server,FTP,275,3.12,13,NO,TEMA
1470,2026-07-19 19:08:54,VLan30,IT,Laptop,SSH,992,3.35,3,YES,TAKORADI
1471,2026-05-04 20:01:20,VLan10,HR,Desktop,HTTPS,435,1.16,14,NO,TEMA
1472,2026-01-09 10:02:47,VLan10,HR,Laptop,HTTP,120,0.45,11,NO,ACCRA
1473,2026-01-18 11:49:03,VLan30,IT,Server,HTTPS,572,3.86,10,NO,ACCRA
1474,2026-08-07 15:34:40,VLan30,IT,Server,SMTP,952,2.58,14,NO,KUMASI
1475,2026-04-03 05:14:00,VLan10,HR,Router,DNS,317,4.01,8,NO,TAKORADI
1476,2026-04-23 02:24:48,VLan10,HR,Server,HTTPS,233,3.89,8,NO,ACCRA
1477,2026-10-24 15:15:18,VLan30,IT,Server,SMTP,661,4.76,3,NO,ACCRA
1478,2026-07-15 23:29:53,VLan40,Sales,Desktop,SMTP,481,2.88,3,NO,ACCRA
1479,2026-08-28 00:51:23,VLan20,Finance,Server,FTP,411,0.22,2,NO,ACCRA
1480,2026-04-14 00:04:06,VLan40,Sales,Laptop,DNS,672,0.82,2,NO,TEMA
1481,2026-06-22 23:19:23,VLan20,Finance,Desktop,FTP,110,4.67,11,NO,Tamale
1482,2026-05-19 04:27:10,VLan20,Finance,Server,HTTPS,455,4.39,15,NO,TEMA
1483,2026-10-01 11:27:08,VLan40,Sales,Router,HTTPS,507,4.21,8,NO,TEMA
1484,2026-11-11 20:06:38,VLan30,IT,Desktop,SSH,947,2.03,8,YES,KUMASI
1485,2026-07-15 15:40:01,VLan40,Sales,Desktop,SSH,537,0.46,3,NO,KUMASI
1486,2026-09-23 19:12:21,VLan20,Finance,Desktop,HTTP,438,1.32,6,NO,Tamale
1487,2026-05-06 00:15:54,VLan20,Finance,Desktop,HTTPS,650,3.06,6,NO,TEMA
1488,2026-06-25 18:59:14,VLan40,Sales,Desktop,HTTPS,559,1.23,10,NO,TEMA
1489,2026-10-19 18:27:11,VLan10,HR,Laptop,FTP,178,0.88,5,NO,KUMASI
1490,2026-05-16 18:47:51,VLan10,HR,Desktop,HTTPS,568,3.56,8,NO,TEMA
1491,2026-05-31 11:54:17,VLan10,HR,Mobile,HTTPS,460,4.24,14,NO,ACCRA
1492,2026-08-28 01:08:30,VLan10,HR,Laptop,HTTPS,656,4.37,5,NO,ACCRA
1493,2026-05-15 19:25:38,VLan10,HR,Desktop,SSH,263,4.27,4,NO,TEMA
1494,2026-06-06 13:52:56,VLan10,HR,Mobile,HTTPS,165,0.14,12,NO,KUMASI
1495,2026-01-08 17:03:02,VLan40,Sales,Desktop,SSH,476,3.04,3,NO,Tamale
1496,2026-11-20 07:07:59,VLan10,HR,Server,SSH,612,2.31,5,NO,ACCRA
1497,2026-02-16 01:42:26,VLan20,Finance,Server,HTTPS,199,2.76,7,NO,ACCRA
1498,2026-07-23 17:49:03,VLan40,Sales,Server,FTP,130,0.64,11,NO,TEMA
1499,2026-11-17 19:44:00,VLan20,Finance,Desktop,SSH,399,4.31,1,NO,KUMASI
1500,2026-01-31 00:18:26,VLan40,Sales,Server,SSH,198,4.69,8,NO,Tamale
1501,2026-04-05 23:39:58,VLan20,Finance,Laptop,SMTP,626,1.09,13,NO,ACCRA
1502,2026-01-09 22:09:09,VLan40,Sales,Router,DNS,347,0.45,1,NO,ACCRA
1503,2026-11-23 20:28:37,VLan20,Finance,Server,HTTP,601,0.93,9,NO,KUMASI
1504,2026-01-08 08:12:01,VLan30,IT,Server,SSH,589,0.55,9,NO,Tamale
1505,2026-07-04 15:00:14,VLan20,Finance,Desktop,HTTPS,644,3.75,1,NO,Tamale
1506,2026-03-20 08:38:56,VLan20,Finance,Desktop,HTTPS,358,0.76,8,NO,KUMASI
1507,2026-03-02 19:45:33,VLan30,IT,Router,HTTP,853,0.64,9,NO,TEMA
1508,2026-11-23 11:52:04,VLan10,HR,Router,DNS,109,4.03,15,NO,ACCRA
1509,2026-06-19 17:15:00,VLan40,Sales,Laptop,DNS,644,0.79,4,NO,TAKORADI
1510,2026-01-23 05:58:36,VLan40,Sales,Router,DNS,340,3.73,3,NO,TAKORADI
1511,2026-03-13 23:06:07,VLan10,HR,Router,DNS,448,2.34,9,NO,TEMA
1512,2026-05-03 13:14:26,VLan10,HR,Desktop,HTTP,673,1.48,0,NO,ACCRA
1513,2026-04-05 08:02:26,VLan30,IT,Desktop,SSH,953,4.82,12,YES,Tamale
1514,2026-08-27 03:08:18,VLan20,Finance,Server,HTTP,404,3.14,2,NO,ACCRA
1515,2026-09-03 02:46:20,VLan40,Sales,Desktop,HTTP,671,4.28,0,NO,TAKORADI
1516,2026-03-16 11:44:54,VLan40,Sales,Laptop,DNS,320,3.91,4,NO,KUMASI
1517,2026-04-25 09:34:16,VLan20,Finance,Mobile,DNS,309,2.85,14,NO,TAKORADI
1518,2026-05-10 23:23:12,VLan20,Finance,Desktop,DNS,399,3.21,0,NO,ACCRA
1519,2026-11-13 23:00:49,VLan30,IT,Server,DNS,891,2.95,7,NO,KUMASI
1520,2026-03-24 20:19:49,VLan40,Sales,Server,SMTP,615,4.28,11,NO,ACCRA
1521,2026-03-24 15:28:25,VLan30,IT,Laptop,SSH,613,3.39,8,NO,TEMA
1522,2026-09-12 23:35:05,VLan20,Finance,Laptop,HTTPS,452,4.99,5,NO,Tamale
1523,2026-01-05 11:34:07,VLan10,HR,Server,SSH,186,0.78,11,NO,Tamale
1524,2026-09-18 17:48:45,VLan30,IT,Laptop,HTTPS,629,2.07,3,NO,KUMASI
1525,2026-12-29 05:32:48,VLan30,IT,Laptop,DNS,990,0.34,3,NO,TAKORADI
1526,2026-08-05 05:34:02,VLan10,HR,Mobile,DNS,252,4.71,5,NO,ACCRA
1527,2026-06-21 07:19:24,VLan20,Finance,Router,FTP,643,2.81,4,NO,TAKORADI
1528,2026-12-30 17:31:34,VLan20,Finance,Router,SMTP,485,1.7,12,NO,KUMASI
1529,2026-08-26 07:30:29,VLan10,HR,Desktop,FTP,529,2.46,15,NO,TEMA
1530,2026-03-18 10:06:51,VLan40,Sales,Server,FTP,671,3.12,7,NO,TEMA
1531,2026-12-01 09:08:33,VLan30,IT,Laptop,HTTPS,950,3.82,11,NO,TAKORADI
1532,2026-01-08 18:47:21,VLan30,IT,Mobile,HTTPS,903,0.09,0,NO,TAKORADI
1533,2026-01-07 15:17:22,VLan40,Sales,Laptop,SSH,621,2.88,12,NO,Tamale
1534,2026-03-30 20:36:19,VLan10,HR,Mobile,FTP,606,2.55,1,NO,KUMASI
1535,2026-08-07 04:13:17,VLan20,Finance,Laptop,HTTP,351,3.98,4,NO,KUMASI
1536,2026-11-11 23:10:55,VLan40,Sales,Laptop,SSH,432,1.59,7,NO,KUMASI
1537,2026-04-11 02:18:38,VLan30,IT,Desktop,SSH,1016,2.77,2,YES,TAKORADI
1538,2026-04-19 05:57:06,VLan40,Sales,Router,HTTPS,401,0.53,8,NO,TAKORADI
1539,2026-08-23 06:31:52,VLan40,Sales,Desktop,SSH,131,2.14,6,NO,TEMA
1540,2026-10-15 23:28:46,VLan30,IT,Server,HTTPS,1033,2.6,0,NO,TEMA
1541,2026-02-19 11:30:39,VLan20,Finance,Server,SSH,197,0.66,9,NO,TAKORADI
1542,2026-10-19 02:12:40,VLan10,HR,Router,SMTP,241,0.69,15,NO,ACCRA
1543,2026-07-19 01:14:10,VLan10,HR,Desktop,FTP,333,1.12,3,NO,TEMA
1544,2026-09-27 17:38:30,VLan40,Sales,Server,HTTP,374,0.47,14,NO,KUMASI
1545,2026-04-28 06:44:07,VLan30,IT,Laptop,HTTP,1071,0.74,13,NO,ACCRA
1546,2026-05-12 10:30:12,VLan30,IT,Laptop,HTTPS,648,3.75,4,NO,TAKORADI
1547,2026-04-10 07:23:21,VLan20,Finance,Mobile,FTP,339,2.14,4,NO,Tamale
1548,2026-03-06 04:51:50,VLan30,IT,Router,HTTPS,561,0.35,4,NO,KUMASI
1549,2026-06-03 05:15:56,VLan30,IT,Mobile,SMTP,912,3.96,2,NO,KUMASI
1550,2026-08-11 10:41:14,VLan40,Sales,Mobile,SMTP,645,2.09,15,NO,Tamale
1551,2026-03-13 16:37:07,VLan30,IT,Laptop,HTTP,894,0.38,14,NO,TAKORADI
1552,2026-04-15 03:14:37,VLan40,Sales,Laptop,FTP,142,1.79,1,NO,Tamale
1553,2026-02-27 05:11:03,VLan20,Finance,Mobile,DNS,281,0.84,14,NO,KUMASI
1554,2026-10-21 14:42:25,VLan30,IT,Server,FTP,547,3.6,6,NO,TEMA
1555,2026-09-08 13:04:43,VLan40,Sales,Router,DNS,352,0.29,6,NO,Tamale
1556,2026-06-13 05:22:26,VLan30,IT,Server,SMTP,1151,4.38,10,NO,Tamale
1557,2026-11-03 18:40:07,VLan10,HR,Laptop,HTTPS,503,3.62,13,NO,Tamale
1558,2026-05-04 18:20:57,VLan20,Finance,Mobile,HTTP,654,1.23,10,NO,Tamale
1559,2026-11-09 10:22:41,VLan40,Sales,Laptop,HTTPS,651,3.11,10,NO,KUMASI
1560,2026-07-28 21:23:33,VLan40,Sales,Server,HTTPS,597,3.41,5,NO,KUMASI
1561,2026-10-11 14:10:06,VLan10,HR,Server,HTTPS,630,2.92,10,NO,KUMASI
1562,2026-11-22 00:19:15,VLan30,IT,Router,FTP,1058,1.02,15,YES,Tamale
1563,2026-10-23 21:51:54,VLan20,Finance,Mobile,FTP,293,1.95,5,NO,TEMA
1564,2026-09-19 09:49:31,VLan20,Finance,Laptop,DNS,387,2.04,5,NO,TEMA
1565,2026-04-08 15:17:43,VLan30,IT,Server,FTP,780,0.35,14,NO,TEMA
1566,2026-12-17 12:42:56,VLan20,Finance,Desktop,HTTPS,276,4.11,8,NO,TEMA
1567,2026-10-11 08:19:40,VLan30,IT,Mobile,DNS,574,1.59,2,NO,KUMASI
1568,2026-05-30 14:15:30,VLan20,Finance,Server,DNS,238,0.4,7,NO,ACCRA
1569,2026-04-12 08:40:42,VLan10,HR,Laptop,HTTP,391,4.5,6,NO,Tamale
1570,2026-04-24 02:50:40,VLan40,Sales,Desktop,SMTP,244,2.78,12,NO,KUMASI
1571,2026-10-16 06:56:34,VLan40,Sales,Mobile,HTTPS,259,4.35,0,NO,Tamale
1572,2026-09-16 16:01:04,VLan10,HR,Server,FTP,620,3.75,1,NO,ACCRA
1573,2026-11-13 01:15:34,VLan10,HR,Router,FTP,458,3.14,14,NO,KUMASI
1574,2026-07-22 08:36:52,VLan20,Finance,Mobile,HTTP,352,0.55,4,NO,Tamale
1575,2026-05-27 19:26:25,VLan20,Finance,Desktop,HTTP,240,4.85,12,NO,ACCRA
1576,2026-04-01 07:06:23,VLan20,Finance,Router,HTTPS,251,1.22,4,NO,Tamale
1577,2026-05-17 06:31:56,VLan30,IT,Mobile,FTP,1039,4.19,10,YES,KUMASI
1578,2026-12-28 17:58:11,VLan20,Finance,Laptop,SMTP,674,2.31,11,NO,ACCRA
1579,2026-04-18 03:30:13,VLan30,IT,Laptop,HTTPS,1183,0.3,9,NO,ACCRA
1580,2026-05-06 06:21:17,VLan30,IT,Router,FTP,1192,2.38,14,YES,ACCRA
1581,2026-12-30 09:06:27,VLan30,IT,Mobile,SMTP,734,0.92,3,NO,Tamale
1582,2026-10-10 13:56:14,VLan30,IT,Router,SSH,629,3.78,8,NO,TEMA
1583,2026-10-02 02:25:58,VLan10,HR,Router,FTP,696,2.63,6,NO,Tamale
1584,2026-07-18 02:21:26,VLan10,HR,Server,FTP,264,3.55,13,NO,KUMASI
1585,2026-03-21 00:26:50,VLan30,IT,Server,SSH,1153,3.28,1,YES,ACCRA
1586,2026-03-25 14:06:49,VLan30,IT,Server,SMTP,1109,1.71,6,NO,TAKORADI
1587,2026-08-16 14:11:01,VLan20,Finance,Laptop,DNS,330,2.35,7,NO,TAKORADI
1588,2026-07-12 03:03:06,VLan10,HR,Desktop,HTTPS,153,1.78,11,NO,ACCRA
1589,2026-04-05 07:39:02,VLan40,Sales,Desktop,SMTP,275,3.05,7,NO,TAKORADI
1590,2026-04-05 11:40:02,VLan10,HR,Server,HTTP,371,3.26,14,NO,KUMASI
1591,2026-12-03 14:53:44,VLan10,HR,Desktop,FTP,198,1.22,10,NO,TEMA
1592,2026-02-16 10:21:23,VLan10,HR,Router,DNS,283,3.33,0,NO,Tamale
1593,2026-08-02 01:07:59,VLan30,IT,Desktop,SSH,610,2.99,0,NO,KUMASI
1594,2026-07-26 17:04:45,VLan30,IT,Router,DNS,1057,0.65,10,NO,TAKORADI
1595,2026-02-22 07:55:05,VLan10,HR,Server,SMTP,670,3.07,10,NO,KUMASI
1596,2026-06-09 02:36:22,VLan20,Finance,Desktop,HTTPS,284,2.07,4,NO,KUMASI
1597,2026-09-26 04:50:53,VLan20,Finance,Desktop,DNS,619,2.92,14,NO,KUMASI
1598,2026-05-16 09:01:06,VLan40,Sales,Mobile,FTP,444,3.14,12,NO,TAKORADI
1599,2026-09-06 02:03:41,VLan40,Sales,Laptop,SSH,473,4.82,10,NO,ACCRA
1600,2026-05-25 05:13:19,VLan20,Finance,Laptop,SSH,244,3.48,11,NO,ACCRA
1601,2026-04-13 08:14:36,VLan20,Finance,Mobile,HTTPS,696,1.77,13,NO,KUMASI
1602,2026-04-26 04:37:35,VLan40,Sales,Desktop,HTTP,375,2.14,1,NO,TAKORADI
1603,2026-03-22 08:22:46,VLan20,Finance,Desktop,HTTPS,325,1.33,10,NO,Tamale
1604,2026-08-09 06:03:59,VLan10,HR,Mobile,HTTPS,520,4.55,8,NO,TAKORADI
1605,2026-07-27 09:09:00,VLan30,IT,Router,FTP,630,3.88,13,NO,Tamale
1606,2026-01-24 21:48:46,VLan10,HR,Mobile,SMTP,254,1.41,3,NO,TAKORADI
1607,2026-08-23 10:14:22,VLan20,Finance,Mobile,SSH,202,3.71,12,NO,ACCRA
1608,2026-03-08 15:32:14,VLan40,Sales,Laptop,HTTPS,271,3.51,0,NO,TEMA
1609,2026-03-02 03:04:48,VLan30,IT,Laptop,HTTPS,1193,1.33,15,NO,Tamale
1610,2026-02-02 14:46:46,VLan10,HR,Mobile,HTTP,483,1.73,7,NO,KUMASI
1611,2026-05-05 11:37:01,VLan40,Sales,Server,SSH,249,3.71,15,NO,ACCRA
1612,2026-04-13 05:15:22,VLan40,Sales,Router,HTTPS,320,2.77,10,NO,TEMA
1613,2026-07-20 06:24:09,VLan30,IT,Mobile,HTTPS,764,1.53,11,NO,KUMASI
1614,2026-02-20 21:19:23,VLan20,Finance,Server,FTP,249,2.46,2,NO,TAKORADI
1615,2026-04-06 08:08:35,VLan40,Sales,Desktop,DNS,670,2.1,8,NO,TEMA
1616,2026-12-17 12:13:24,VLan40,Sales,Laptop,HTTP,250,1.28,3,NO,KUMASI
1617,2026-04-13 05:04:03,VLan40,Sales,Laptop,DNS,605,1.88,0,NO,TAKORADI
1618,2026-02-24 09:53:27,VLan20,Finance,Mobile,FTP,193,0.47,0,NO,KUMASI
1619,2026-09-12 20:03:14,VLan10,HR,Desktop,SSH,251,0.99,7,NO,ACCRA
1620,2026-05-29 02:02:21,VLan20,Finance,Laptop,HTTP,135,3.76,1,NO,TAKORADI
1621,2026-05-22 09:51:41,VLan10,HR,Desktop,HTTPS,354,2.78,3,NO,TEMA
1622,2026-02-28 10:53:22,VLan40,Sales,Router,DNS,434,2.51,0,NO,ACCRA
1623,2026-02-23 17:01:09,VLan10,HR,Server,SMTP,570,0.44,8,NO,Tamale
1624,2026-09-12 07:33:18,VLan20,Finance,Laptop,HTTPS,678,2.22,13,NO,TEMA
1625,2026-12-25 19:01:01,VLan40,Sales,Desktop,DNS,697,3.71,14,NO,TAKORADI
1626,2026-07-09 04:14:39,VLan20,Finance,Mobile,DNS,432,4.75,2,NO,TAKORADI
1627,2026-08-27 12:56:46,VLan20,Finance,Server,HTTP,465,4.11,0,NO,KUMASI
1628,2026-03-07 00:17:23,VLan20,Finance,Laptop,SSH,362,1.25,13,NO,TEMA
1629,2026-02-03 01:00:50,VLan10,HR,Desktop,HTTP,534,4.34,11,NO,ACCRA
1630,2026-10-03 08:47:13,VLan40,Sales,Desktop,FTP,267,1.27,9,NO,Tamale
1631,2026-12-22 00:54:58,VLan20,Finance,Server,FTP,309,0.41,11,NO,ACCRA
1632,2026-08-29 03:11:07,VLan40,Sales,Server,DNS,510,3.95,13,NO,Tamale
1633,2026-05-01 00:16:04,VLan40,Sales,Desktop,HTTP,226,2.15,11,NO,KUMASI
1634,2026-09-14 13:05:52,VLan20,Finance,Router,DNS,622,0.22,10,NO,ACCRA
1635,2026-04-13 19:19:34,VLan20,Finance,Desktop,HTTP,392,3.29,3,NO,KUMASI
1636,2026-09-01 02:20:36,VLan30,IT,Server,HTTPS,1160,1.65,5,NO,KUMASI
1637,2026-07-02 10:06:00,VLan30,IT,Server,HTTP,918,4.31,3,NO,Tamale
1638,2026-04-12 10:59:39,VLan40,Sales,Server,HTTP,160,1.27,8,NO,KUMASI
1639,2026-01-29 15:49:16,VLan20,Finance,Laptop,SMTP,269,0.5,9,NO,ACCRA
1640,2026-08-01 15:29:27,VLan10,HR,Desktop,FTP,512,0.23,2,NO,Tamale
1641,2026-01-19 11:22:08,VLan30,IT,Router,SMTP,673,4.82,0,NO,ACCRA
1642,2026-10-03 10:56:13,VLan30,IT,Laptop,DNS,616,0.68,4,NO,TAKORADI
1643,2026-11-27 11:13:32,VLan40,Sales,Desktop,HTTPS,592,1.07,14,NO,Tamale
1644,2026-12-27 23:30:09,VLan20,Finance,Server,FTP,430,3.77,12,NO,KUMASI
1645,2026-12-25 03:23:24,VLan20,Finance,Server,HTTPS,535,3.6,4,NO,TAKORADI
1646,2026-07-31 03:33:49,VLan40,Sales,Laptop,SSH,253,2.37,2,NO,ACCRA
1647,2026-04-13 21:01:00,VLan30,IT,Server,FTP,1174,3.74,13,YES,TEMA
1648,2026-11-17 19:03:52,VLan20,Finance,Desktop,FTP,494,0.97,12,NO,TAKORADI
1649,2026-01-07 15:06:44,VLan10,HR,Desktop,HTTPS,364,3.04,13,NO,ACCRA
1650,2026-07-22 14:12:25,VLan30,IT,Desktop,HTTPS,1028,0.86,9,NO,TEMA
1651,2026-10-04 09:00:33,VLan40,Sales,Mobile,SSH,218,1.29,7,NO,KUMASI
1652,2026-12-12 16:03:15,VLan30,IT,Router,DNS,961,0.58,6,NO,TAKORADI
1653,2026-11-20 22:55:34,VLan30,IT,Laptop,FTP,986,4.99,13,YES,Tamale
1654,2026-08-09 12:10:48,VLan30,IT,Router,FTP,1091,3.95,7,YES,ACCRA
1655,2026-05-29 11:22:46,VLan20,Finance,Laptop,HTTPS,140,0.37,4,NO,ACCRA
1656,2026-04-21 03:42:08,VLan40,Sales,Router,HTTPS,615,4.84,0,NO,KUMASI
1657,2026-09-06 15:01:04,VLan20,Finance,Server,FTP,197,0.19,15,NO,TEMA
1658,2026-05-28 06:28:30,VLan10,HR,Laptop,FTP,227,1.26,8,NO,ACCRA
1659,2026-06-13 09:16:55,VLan40,Sales,Router,FTP,620,4.88,4,NO,TAKORADI
1660,2026-02-08 17:39:03,VLan30,IT,Laptop,DNS,1196,1.45,1,NO,TEMA
1661,2026-11-24 18:11:18,VLan40,Sales,Router,HTTP,494,4.79,12,NO,TEMA
1662,2026-10-12 12:09:36,VLan10,HR,Desktop,DNS,119,2.28,10,NO,TEMA
1663,2026-12-15 18:07:07,VLan20,Finance,Laptop,HTTP,216,0.34,6,NO,Tamale
1664,2026-11-20 01:32:04,VLan10,HR,Laptop,FTP,202,1.65,0,NO,KUMASI
1665,2026-06-27 07:10:02,VLan30,IT,Laptop,HTTP,991,2.41,1,NO,KUMASI
1666,2026-05-22 03:30:39,VLan30,IT,Router,FTP,620,4.44,8,NO,KUMASI
1667,2026-07-12 00:01:56,VLan20,Finance,Mobile,SMTP,111,1.29,4,NO,TEMA
1668,2026-06-21 19:21:53,VLan20,Finance,Laptop,SSH,245,1.77,3,NO,TEMA
1669,2026-01-24 06:47:06,VLan40,Sales,Router,SMTP,657,1.18,13,NO,TEMA
1670,2026-06-26 05:38:06,VLan10,HR,Laptop,FTP,349,4.05,8,NO,Tamale
1671,2026-03-26 06:08:00,VLan10,HR,Router,DNS,403,3.7,0,NO,TAKORADI
1672,2026-08-25 21:38:03,VLan40,Sales,Server,DNS,306,0.2,14,NO,TEMA
1673,2026-02-06 18:46:06,VLan40,Sales,Desktop,FTP,111,2.4,8,NO,ACCRA
1674,2026-06-28 03:27:22,VLan10,HR,Desktop,FTP,395,0.77,7,NO,TEMA
1675,2026-01-28 14:06:05,VLan30,IT,Router,SSH,510,4.26,13,NO,Tamale
1676,2026-09-02 23:59:48,VLan40,Sales,Laptop,SSH,289,1.51,10,NO,TAKORADI
1677,2026-01-26 02:14:46,VLan10,HR,Laptop,SMTP,453,3.25,10,NO,TAKORADI
1678,2026-11-23 05:27:03,VLan40,Sales,Laptop,DNS,102,4.13,10,NO,ACCRA
1679,2026-01-23 22:46:14,VLan20,Finance,Server,SMTP,235,1.6,3,NO,Tamale
1680,2026-02-20 18:07:36,VLan40,Sales,Router,HTTPS,346,4.53,2,NO,ACCRA
1681,2026-12-16 06:00:05,VLan30,IT,Server,SMTP,883,1.63,9,NO,Tamale
1682,2026-01-28 03:59:33,VLan40,Sales,Server,DNS,417,1.87,15,NO,ACCRA
1683,2026-11-14 17:57:08,VLan40,Sales,Router,DNS,645,4.77,5,NO,Tamale
1684,2026-05-01 14:43:34,VLan20,Finance,Router,HTTP,424,1.35,4,NO,TAKORADI
1685,2026-02-20 15:55:12,VLan10,HR,Mobile,FTP,179,0.98,13,NO,TAKORADI
1686,2026-03-13 04:00:11,VLan40,Sales,Server,DNS,129,2.33,4,NO,KUMASI
1687,2026-10-13 14:25:29,VLan10,HR,Router,SMTP,102,1.75,11,NO,ACCRA
1688,2026-07-19 16:29:19,VLan30,IT,Mobile,SMTP,1137,0.78,7,NO,TEMA
1689,2026-05-24 03:26:31,VLan30,IT,Server,DNS,810,2.04,12,NO,TEMA
1690,2026-08-29 11:05:50,VLan30,IT,Desktop,HTTP,766,0.01,10,NO,KUMASI
1691,2026-10-21 06:51:15,VLan20,Finance,Laptop,DNS,420,1.36,0,NO,KUMASI
1692,2026-09-03 17:11:44,VLan30,IT,Laptop,SSH,735,2.83,13,NO,TEMA
1693,2026-08-04 23:42:01,VLan40,Sales,Mobile,HTTPS,689,1.31,1,NO,TEMA
1694,2026-01-29 06:15:57,VLan10,HR,Desktop,FTP,325,1.07,13,NO,ACCRA
1695,2026-10-07 14:18:38,VLan20,Finance,Router,FTP,473,3,3,NO,ACCRA
1696,2026-07-18 13:07:20,VLan20,Finance,Desktop,SMTP,657,3.48,14,NO,ACCRA
1697,2026-03-21 02:43:52,VLan20,Finance,Server,HTTPS,262,3.08,5,NO,TAKORADI
1698,2026-07-20 21:59:18,VLan10,HR,Server,HTTPS,372,0.26,6,NO,TAKORADI
1699,2026-12-13 10:30:08,VLan10,HR,Server,HTTPS,371,3.19,8,NO,ACCRA
1700,2026-04-12 11:04:01,VLan30,IT,Server,DNS,924,2.57,11,NO,TEMA
1701,2026-04-04 19:45:19,VLan40,Sales,Desktop,SMTP,265,2.53,1,NO,ACCRA
1702,2026-07-13 19:26:59,VLan10,HR,Router,HTTP,666,2.06,15,NO,KUMASI
1703,2026-04-27 06:30:56,VLan10,HR,Router,DNS,301,0.67,12,NO,Tamale
1704,2026-12-29 02:14:32,VLan30,IT,Server,SSH,707,4.06,3,NO,ACCRA
1705,2026-07-01 17:37:12,VLan30,IT,Desktop,SSH,857,1.63,7,NO,ACCRA
1706,2026-04-17 15:54:10,VLan30,IT,Router,DNS,721,4.64,11,NO,ACCRA
1707,2026-09-08 07:35:20,VLan40,Sales,Desktop,HTTPS,519,0.5,15,NO,KUMASI
1708,2026-06-11 05:14:04,VLan20,Finance,Mobile,FTP,114,2.62,5,NO,KUMASI
1709,2026-12-09 12:34:53,VLan20,Finance,Mobile,FTP,380,3.4,6,NO,TAKORADI
1710,2026-06-27 03:44:27,VLan20,Finance,Router,SMTP,350,4.51,15,NO,Tamale
1711,2026-01-15 09:34:22,VLan30,IT,Desktop,DNS,854,3.93,7,NO,TAKORADI
1712,2026-11-26 03:09:46,VLan30,IT,Server,FTP,783,2.33,10,NO,TEMA
1713,2026-01-04 18:28:42,VLan40,Sales,Router,SMTP,539,3.95,0,NO,KUMASI
1714,2026-11-17 22:52:50,VLan10,HR,Server,HTTPS,605,3.15,8,NO,TEMA
1715,2026-04-09 20:49:34,VLan20,Finance,Mobile,FTP,605,4.97,8,NO,TEMA
1716,2026-07-07 21:21:49,VLan20,Finance,Desktop,DNS,413,4.2,0,NO,KUMASI
1717,2026-01-17 05:07:58,VLan30,IT,Laptop,HTTP,522,4.35,13,NO,KUMASI
1718,2026-07-08 04:21:20,VLan30,IT,Mobile,DNS,674,1.32,8,NO,Tamale
1719,2026-10-22 17:42:59,VLan20,Finance,Server,SMTP,115,2.54,12,NO,Tamale
1720,2026-07-02 13:07:47,VLan40,Sales,Router,HTTPS,446,4.66,5,NO,TEMA
1721,2026-04-10 18:28:37,VLan30,IT,Laptop,SSH,1186,1.49,13,YES,Tamale
1722,2026-12-28 03:14:21,VLan20,Finance,Desktop,SMTP,106,1.54,0,NO,KUMASI
1723,2026-03-23 08:02:14,VLan20,Finance,Router,FTP,575,3.47,1,NO,ACCRA
1724,2026-02-24 23:03:02,VLan10,HR,Router,SMTP,402,1.2,2,NO,Tamale
1725,2026-11-09 17:14:43,VLan20,Finance,Server,SSH,477,4.03,9,NO,TEMA
1726,2026-09-15 11:12:31,VLan20,Finance,Mobile,FTP,111,1.94,13,NO,Tamale
1727,2026-08-18 10:55:25,VLan40,Sales,Router,DNS,256,1.8,0,NO,ACCRA
1728,2026-07-12 10:05:24,VLan30,IT,Router,SSH,935,2.08,11,YES,Tamale
1729,2026-08-06 02:50:10,VLan20,Finance,Laptop,SMTP,592,4.49,4,NO,KUMASI
1730,2026-06-28 06:16:02,VLan20,Finance,Desktop,SMTP,579,4.39,15,NO,Tamale
1731,2026-06-16 19:55:40,VLan40,Sales,Mobile,DNS,383,0.28,11,NO,Tamale
1732,2026-02-03 10:24:52,VLan10,HR,Router,SMTP,635,0.92,4,NO,TAKORADI
1733,2026-03-24 09:00:28,VLan20,Finance,Mobile,SSH,375,4.89,3,NO,ACCRA
1734,2026-01-24 23:12:25,VLan10,HR,Mobile,SMTP,553,1.82,12,NO,KUMASI
1735,2026-10-09 16:51:57,VLan10,HR,Laptop,FTP,180,3.33,10,NO,TAKORADI
1736,2026-01-28 09:58:23,VLan10,HR,Router,SMTP,240,3.87,14,NO,TAKORADI
1737,2026-05-23 06:24:26,VLan40,Sales,Laptop,FTP,569,2.13,10,NO,TEMA
1738,2026-06-15 09:54:23,VLan40,Sales,Mobile,SSH,323,3.08,13,NO,TEMA
1739,2026-11-23 13:57:03,VLan10,HR,Desktop,FTP,687,3.76,9,NO,ACCRA
1740,2026-03-18 14:44:17,VLan40,Sales,Router,SSH,431,1.93,4,NO,TEMA
1741,2026-01-12 11:54:10,VLan40,Sales,Mobile,HTTPS,391,2.88,14,NO,TEMA
1742,2026-07-02 07:39:50,VLan40,Sales,Router,SSH,398,3.78,14,NO,TEMA
1743,2026-01-05 23:56:08,VLan30,IT,Desktop,SSH,707,2.86,2,NO,TEMA
1744,2026-10-16 19:35:54,VLan30,IT,Router,DNS,1056,2.13,4,NO,ACCRA
1745,2026-02-16 21:43:06,VLan10,HR,Server,HTTP,441,4.62,7,NO,Tamale
1746,2026-11-20 00:18:18,VLan10,HR,Laptop,SSH,169,3.04,8,NO,TAKORADI
1747,2026-08-16 05:43:54,VLan40,Sales,Mobile,SSH,203,3.87,7,NO,ACCRA
1748,2026-09-01 01:35:38,VLan20,Finance,Mobile,FTP,319,4.44,14,NO,ACCRA
1749,2026-07-25 15:22:36,VLan20,Finance,Laptop,HTTPS,270,4.51,9,NO,Tamale
1750,2026-12-28 21:59:29,VLan10,HR,Desktop,HTTPS,500,2.08,5,NO,ACCRA
1751,2026-06-29 06:50:08,VLan40,Sales,Laptop,DNS,683,1.59,13,NO,Tamale
1752,2026-07-07 04:17:22,VLan20,Finance,Laptop,SMTP,562,2.95,15,NO,KUMASI
1753,2026-01-14 11:42:52,VLan20,Finance,Mobile,HTTPS,468,1.57,9,NO,TAKORADI
1754,2026-12-03 07:09:32,VLan40,Sales,Router,DNS,250,2.43,14,NO,Tamale
1755,2026-10-16 23:42:30,VLan10,HR,Mobile,DNS,239,3.81,0,NO,ACCRA
1756,2026-12-21 10:09:35,VLan10,HR,Laptop,FTP,299,3.22,8,NO,ACCRA
1757,2026-01-13 20:10:21,VLan10,HR,Mobile,SSH,220,3.09,0,NO,TEMA
1758,2026-11-24 23:28:02,VLan20,Finance,Server,HTTPS,643,2.55,6,NO,KUMASI
1759,2026-10-06 23:06:22,VLan20,Finance,Desktop,FTP,338,2.51,6,NO,Tamale
1760,2026-09-08 17:14:40,VLan10,HR,Server,HTTPS,586,3.6,12,NO,KUMASI
1761,2026-07-12 03:01:08,VLan10,HR,Router,SMTP,177,4.8,14,NO,KUMASI
1762,2026-01-07 08:17:27,VLan10,HR,Laptop,HTTPS,697,2.41,8,NO,TEMA
1763,2026-01-21 08:50:26,VLan40,Sales,Mobile,DNS,265,1.47,1,NO,TAKORADI
1764,2026-05-24 13:08:57,VLan20,Finance,Router,DNS,493,3.76,5,NO,TEMA
1765,2026-11-29 04:18:09,VLan40,Sales,Desktop,SMTP,121,4.3,0,NO,Tamale
1766,2026-04-03 18:45:03,VLan30,IT,Mobile,HTTP,1196,0.46,12,NO,TAKORADI
1767,2026-12-31 03:47:03,VLan10,HR,Desktop,FTP,440,2.79,11,NO,TAKORADI
1768,2026-05-18 14:36:09,VLan40,Sales,Server,HTTPS,220,3.2,11,NO,KUMASI
1769,2026-06-28 01:33:09,VLan30,IT,Server,SMTP,1001,0.35,1,NO,TEMA
1770,2026-05-02 14:46:16,VLan30,IT,Laptop,FTP,597,4.85,11,NO,ACCRA
1771,2026-08-13 00:54:59,VLan40,Sales,Laptop,SSH,304,0.05,6,NO,ACCRA
1772,2026-08-01 11:44:56,VLan30,IT,Laptop,FTP,827,3.04,7,NO,Tamale
1773,2026-05-12 09:38:23,VLan30,IT,Server,DNS,1063,2.06,13,NO,Tamale
1774,2026-12-08 18:51:39,VLan10,HR,Desktop,SSH,224,0.62,5,NO,TAKORADI
1775,2026-02-28 19:40:31,VLan40,Sales,Router,DNS,373,0.91,8,NO,TAKORADI
1776,2026-02-01 10:00:36,VLan30,IT,Server,FTP,1187,4.31,11,YES,KUMASI
1777,2026-06-06 21:46:10,VLan20,Finance,Laptop,HTTP,362,1.61,13,NO,ACCRA
1778,2026-01-24 04:04:01,VLan40,Sales,Server,SSH,422,4.9,7,NO,ACCRA
1779,2026-07-14 19:36:01,VLan10,HR,Laptop,SSH,606,3.07,9,NO,TEMA
1780,2026-08-15 19:31:58,VLan40,Sales,Mobile,SSH,496,2.87,6,NO,Tamale
1781,2026-08-03 12:15:21,VLan40,Sales,Desktop,HTTPS,347,4.76,5,NO,KUMASI
1782,2026-10-14 19:09:38,VLan30,IT,Laptop,DNS,518,2.41,15,NO,ACCRA
1783,2026-09-22 12:48:00,VLan30,IT,Mobile,HTTPS,1026,1.67,6,NO,ACCRA
1784,2026-05-21 22:54:02,VLan40,Sales,Router,HTTPS,449,1.71,11,NO,ACCRA
1785,2026-10-04 15:32:59,VLan40,Sales,Laptop,FTP,540,3.33,6,NO,KUMASI
1786,2026-01-05 03:24:14,VLan20,Finance,Laptop,SMTP,558,4.96,12,NO,TEMA
1787,2026-11-06 05:03:00,VLan30,IT,Mobile,FTP,774,1.69,12,NO,KUMASI
1788,2026-09-08 06:51:12,VLan40,Sales,Desktop,HTTPS,146,3.03,15,NO,TEMA
1789,2026-11-17 01:18:37,VLan10,HR,Router,HTTPS,438,4.1,13,NO,KUMASI
1790,2026-05-06 18:46:36,VLan10,HR,Router,FTP,276,2.86,8,NO,Tamale
1791,2026-03-19 00:52:32,VLan30,IT,Mobile,HTTP,1174,4.9,14,NO,ACCRA
1792,2026-10-25 06:06:37,VLan40,Sales,Router,HTTPS,509,4.9,12,NO,KUMASI
1793,2026-03-27 00:57:16,VLan40,Sales,Laptop,SSH,281,3.12,9,NO,TAKORADI
1794,2026-05-19 08:04:54,VLan40,Sales,Server,HTTPS,249,0.16,8,NO,KUMASI
1795,2026-02-05 17:03:15,VLan30,IT,Desktop,DNS,1158,4.11,1,NO,TEMA
1796,2026-12-22 11:28:52,VLan30,IT,Router,SSH,1160,3.23,4,YES,KUMASI
1797,2026-12-05 13:22:06,VLan20,Finance,Desktop,FTP,185,1.66,3,NO,ACCRA
1798,2026-11-18 06:04:02,VLan10,HR,Desktop,SMTP,683,1.71,14,NO,Tamale
1799,2026-02-22 08:09:48,VLan30,IT,Laptop,SSH,656,1.49,15,NO,KUMASI
1800,2026-01-19 15:24:33,VLan40,Sales,Server,DNS,431,2.69,2,NO,TEMA
1801,2026-08-25 13:56:28,VLan30,IT,Mobile,DNS,1090,0.31,3,NO,ACCRA
1802,2026-06-30 07:18:23,VLan10,HR,Server,SSH,248,0.22,14,NO,TAKORADI
1803,2026-09-03 07:34:09,VLan10,HR,Mobile,DNS,122,1.24,1,NO,TAKORADI
1804,2026-04-04 06:17:10,VLan30,IT,Laptop,HTTPS,910,1.74,5,NO,TAKORADI
1805,2026-05-25 16:08:06,VLan10,HR,Server,FTP,208,0.59,0,NO,Tamale
1806,2026-09-17 11:30:36,VLan20,Finance,Router,SMTP,121,3.4,9,NO,TAKORADI
1807,2026-12-09 05:46:00,VLan20,Finance,Desktop,HTTPS,357,3.79,2,NO,TEMA
1808,2026-09-07 16:57:13,VLan40,Sales,Server,SMTP,410,2.44,11,NO,Tamale
1809,2026-09-14 13:01:49,VLan20,Finance,Server,SSH,345,0.61,11,NO,KUMASI
1810,2026-08-08 18:37:38,VLan40,Sales,Laptop,FTP,602,4.47,14,NO,TEMA
1811,2026-08-17 21:44:43,VLan20,Finance,Router,SMTP,633,3.82,6,NO,ACCRA
1812,2026-03-15 21:08:43,VLan40,Sales,Laptop,SMTP,663,1.56,8,NO,ACCRA
1813,2026-06-20 10:23:55,VLan40,Sales,Router,HTTP,385,1.25,7,NO,TEMA
1814,2026-07-09 11:01:16,VLan20,Finance,Mobile,SMTP,498,0.9,14,NO,TAKORADI
1815,2026-08-31 13:01:24,VLan30,IT,Router,HTTP,555,2.24,8,NO,TEMA
1816,2026-03-01 21:34:21,VLan20,Finance,Desktop,HTTP,404,1.32,12,NO,Tamale
1817,2026-08-31 09:46:35,VLan20,Finance,Laptop,HTTP,293,3.09,2,NO,KUMASI
1818,2026-09-16 19:51:14,VLan20,Finance,Router,SMTP,564,2.34,3,NO,ACCRA
1819,2026-04-21 06:21:41,VLan10,HR,Server,HTTPS,388,1.2,12,NO,TEMA
1820,2026-06-16 00:47:53,VLan10,HR,Laptop,FTP,407,3.59,6,NO,TEMA
1821,2026-07-03 05:11:47,VLan10,HR,Desktop,FTP,184,4.44,2,NO,KUMASI
1822,2026-05-01 02:11:40,VLan10,HR,Laptop,FTP,651,4.41,1,NO,KUMASI
1823,2026-05-04 02:54:51,VLan30,IT,Router,SSH,521,0.07,8,NO,Tamale
1824,2026-02-02 15:21:35,VLan20,Finance,Router,FTP,469,1.89,13,NO,KUMASI
1825,2026-10-08 13:51:37,VLan40,Sales,Mobile,DNS,364,5,4,NO,Tamale
1826,2026-12-09 18:49:58,VLan30,IT,Desktop,HTTP,573,0.35,10,NO,KUMASI
1827,2026-10-31 21:22:35,VLan10,HR,Router,HTTPS,414,1.75,11,NO,KUMASI
1828,2026-11-24 21:27:15,VLan30,IT,Laptop,FTP,968,1.56,15,YES,TEMA
1829,2026-09-21 12:49:26,VLan20,Finance,Desktop,HTTPS,481,4.85,7,NO,Tamale
1830,2026-07-13 21:41:14,VLan20,Finance,Server,HTTP,361,2.2,2,NO,TAKORADI
1831,2026-01-05 05:13:23,VLan30,IT,Mobile,FTP,969,2.04,7,YES,TAKORADI
1832,2026-08-19 19:27:40,VLan20,Finance,Desktop,SSH,102,0.73,7,NO,Tamale
1833,2026-11-21 10:10:03,VLan30,IT,Laptop,DNS,702,3.81,11,NO,TEMA
1834,2026-01-13 04:57:45,VLan40,Sales,Server,SMTP,507,4.74,11,NO,Tamale
1835,2026-06-13 07:24:35,VLan20,Finance,Desktop,SSH,174,0.5,2,NO,KUMASI
1836,2026-04-07 00:05:04,VLan20,Finance,Desktop,SMTP,601,2.61,10,NO,TAKORADI
1837,2026-10-19 08:40:37,VLan30,IT,Laptop,HTTPS,787,2.42,4,NO,TAKORADI
1838,2026-05-17 23:18:26,VLan40,Sales,Desktop,SMTP,533,4.2,14,NO,TAKORADI
1839,2026-11-30 23:45:16,VLan10,HR,Laptop,HTTP,191,1.35,10,NO,Tamale
1840,2026-02-13 11:48:24,VLan30,IT,Mobile,HTTP,742,4.01,11,NO,TEMA
1841,2026-04-17 00:58:35,VLan30,IT,Server,SMTP,945,2.86,10,NO,TAKORADI
1842,2026-12-06 19:54:19,VLan10,HR,Laptop,FTP,186,2.89,10,NO,Tamale
1843,2026-01-22 20:19:41,VLan30,IT,Router,HTTPS,982,0.29,9,NO,Tamale
1844,2026-12-16 14:04:33,VLan20,Finance,Mobile,FTP,697,4.51,5,NO,TEMA
1845,2026-05-07 15:40:27,VLan40,Sales,Mobile,FTP,510,1.47,3,NO,Tamale
1846,2026-12-05 05:56:34,VLan30,IT,Desktop,HTTPS,523,1.1,6,NO,TAKORADI
1847,2026-07-07 20:21:33,VLan20,Finance,Router,SSH,692,1.09,1,NO,KUMASI
1848,2026-10-22 12:44:03,VLan10,HR,Mobile,HTTPS,226,2.45,1,NO,ACCRA
1849,2026-05-08 04:29:49,VLan30,IT,Desktop,FTP,922,4.89,7,YES,KUMASI
1850,2026-12-13 17:53:59,VLan10,HR,Laptop,HTTP,453,1.83,12,NO,ACCRA
1851,2026-10-26 02:53:04,VLan20,Finance,Router,DNS,645,2.74,10,NO,TEMA
1852,2026-06-18 17:41:07,VLan30,IT,Server,HTTPS,630,1.57,8,NO,Tamale
1853,2026-10-25 17:12:10,VLan30,IT,Mobile,HTTPS,965,1.9,2,NO,ACCRA
1854,2026-10-28 16:20:53,VLan30,IT,Desktop,SSH,1179,2.32,3,YES,ACCRA
1855,2026-09-15 00:54:31,VLan30,IT,Laptop,SSH,552,2.53,1,NO,TEMA
1856,2026-02-10 05:30:56,VLan40,Sales,Desktop,HTTPS,216,3.92,4,NO,ACCRA
1857,2026-04-14 14:00:55,VLan20,Finance,Laptop,SMTP,607,2.07,15,NO,TEMA
1858,2026-07-16 15:57:22,VLan20,Finance,Router,HTTP,631,2.8,7,NO,TAKORADI
1859,2026-11-06 15:54:26,VLan10,HR,Server,SMTP,199,2.9,2,NO,KUMASI
1860,2026-07-12 14:12:25,VLan10,HR,Router,DNS,599,2.92,15,NO,TAKORADI
1861,2026-10-07 14:33:42,VLan20,Finance,Laptop,HTTP,478,1.96,5,NO,KUMASI
1862,2026-04-02 03:23:00,VLan10,HR,Laptop,DNS,651,1.48,8,NO,KUMASI
1863,2026-01-24 10:43:31,VLan30,IT,Desktop,HTTP,508,3.97,0,NO,ACCRA
1864,2026-02-27 00:19:44,VLan10,HR,Router,FTP,414,4.69,6,NO,TEMA
1865,2026-09-28 04:53:52,VLan40,Sales,Server,SMTP,403,3.27,6,NO,KUMASI
1866,2026-12-24 03:13:49,VLan30,IT,Router,DNS,649,3.16,8,NO,Tamale
1867,2026-01-25 07:36:46,VLan30,IT,Laptop,SMTP,1132,3.96,6,NO,TAKORADI
1868,2026-01-05 04:04:44,VLan20,Finance,Mobile,HTTPS,199,3.12,1,NO,Tamale
1869,2026-12-13 13:08:28,VLan20,Finance,Mobile,HTTP,359,4.19,1,NO,TAKORADI
1870,2026-07-29 21:37:01,VLan20,Finance,Laptop,HTTPS,468,1.02,0,NO,ACCRA
1871,2026-07-03 21:12:09,VLan30,IT,Mobile,FTP,1079,3.74,6,YES,KUMASI
1872,2026-01-14 21:35:37,VLan40,Sales,Mobile,HTTPS,655,1.29,9,NO,TAKORADI
1873,2026-10-22 08:04:56,VLan30,IT,Router,SMTP,688,0.5,8,NO,TEMA
1874,2026-04-15 13:01:06,VLan40,Sales,Laptop,SSH,142,0.01,2,NO,KUMASI
1875,2026-07-18 14:00:15,VLan10,HR,Mobile,DNS,352,4.83,10,NO,Tamale
1876,2026-07-14 09:38:07,VLan10,HR,Router,HTTPS,379,4.55,5,NO,KUMASI
1877,2026-09-08 07:19:45,VLan30,IT,Router,FTP,813,3.26,7,NO,TEMA
1878,2026-12-05 14:55:23,VLan10,HR,Desktop,HTTP,421,4.24,11,NO,TAKORADI
1879,2026-09-12 14:11:06,VLan10,HR,Router,HTTPS,552,1.71,11,NO,Tamale
1880,2026-11-06 00:11:51,VLan20,Finance,Desktop,FTP,495,3.58,2,NO,Tamale
1881,2026-01-02 13:14:00,VLan10,HR,Mobile,DNS,178,3.76,1,NO,TEMA
1882,2026-02-04 22:39:18,VLan30,IT,Mobile,HTTPS,594,1.17,6,NO,ACCRA
1883,2026-11-30 15:26:46,VLan40,Sales,Laptop,SMTP,340,2.14,6,NO,Tamale
1884,2026-08-24 19:46:18,VLan20,Finance,Router,SMTP,606,3.05,8,NO,TEMA
1885,2026-10-26 14:31:22,VLan30,IT,Mobile,SMTP,701,2.62,8,NO,ACCRA
1886,2026-04-01 23:14:04,VLan10,HR,Desktop,FTP,297,2.1,2,NO,TEMA
1887,2026-12-21 04:30:39,VLan20,Finance,Router,SSH,263,0.93,7,NO,KUMASI
1888,2026-06-01 19:08:04,VLan40,Sales,Server,SSH,110,0.93,10,NO,ACCRA
1889,2026-02-09 18:41:15,VLan10,HR,Desktop,SSH,543,4.59,11,NO,ACCRA
1890,2026-05-30 02:56:20,VLan40,Sales,Desktop,DNS,237,3.98,0,NO,ACCRA
1891,2026-12-17 17:37:39,VLan40,Sales,Laptop,SSH,186,0.98,0,NO,ACCRA
1892,2026-05-15 08:06:20,VLan30,IT,Router,SSH,875,0.66,8,NO,Tamale
1893,2026-07-12 05:47:16,VLan10,HR,Server,SSH,589,2.33,6,NO,Tamale
1894,2026-11-03 16:53:38,VLan40,Sales,Mobile,DNS,341,3.53,7,NO,TAKORADI
1895,2026-12-03 15:29:07,VLan20,Finance,Desktop,FTP,378,3.96,0,NO,TAKORADI
1896,2026-08-27 17:44:00,VLan20,Finance,Desktop,HTTP,639,2.54,12,NO,TAKORADI
1897,2026-08-26 13:56:41,VLan20,Finance,Desktop,SSH,254,0.95,9,NO,KUMASI
1898,2026-10-14 23:08:17,VLan30,IT,Router,HTTPS,1025,2.79,11,NO,KUMASI
1899,2026-05-24 04:12:51,VLan10,HR,Router,FTP,439,2.71,12,NO,TAKORADI
1900,2026-05-13 04:33:43,VLan10,HR,Mobile,FTP,318,4.46,14,NO,ACCRA
1901,2026-10-06 05:36:13,VLan20,Finance,Router,DNS,597,4.24,9,NO,KUMASI
1902,2026-11-06 11:30:47,VLan20,Finance,Mobile,DNS,232,2.23,2,NO,ACCRA
1903,2026-05-21 03:21:35,VLan30,IT,Laptop,DNS,1140,4.24,2,NO,TAKORADI
1904,2026-05-31 13:16:30,VLan30,IT,Server,FTP,815,3.42,5,NO,TEMA
1905,2026-02-21 07:21:41,VLan20,Finance,Server,FTP,159,4.49,5,NO,ACCRA
1906,2026-11-26 13:44:37,VLan20,Finance,Laptop,HTTP,532,0.12,6,NO,KUMASI
1907,2026-01-11 05:02:23,VLan30,IT,Mobile,HTTPS,1095,1.17,6,NO,Tamale
1908,2026-08-14 03:18:15,VLan40,Sales,Server,HTTPS,545,0.2,14,NO,TEMA
1909,2026-03-09 07:18:34,VLan30,IT,Mobile,DNS,1074,0.76,11,NO,Tamale
1910,2026-05-15 01:54:37,VLan20,Finance,Server,HTTP,671,0.72,1,NO,Tamale
1911,2026-10-01 22:48:05,VLan30,IT,Server,FTP,828,4.05,4,NO,ACCRA
1912,2026-08-13 16:53:19,VLan30,IT,Desktop,FTP,849,2.12,11,NO,ACCRA
1913,2026-10-04 02:57:14,VLan40,Sales,Laptop,HTTP,694,0.16,3,NO,KUMASI
1914,2026-03-04 09:24:55,VLan30,IT,Laptop,HTTP,806,2.56,0,NO,TEMA
1915,2026-01-22 19:04:31,VLan40,Sales,Laptop,DNS,245,2.53,4,NO,TEMA
1916,2026-08-30 17:10:24,VLan20,Finance,Mobile,FTP,531,4.52,7,NO,TAKORADI
1917,2026-02-23 02:40:21,VLan10,HR,Server,SMTP,395,2.08,11,NO,TAKORADI
1918,2026-06-02 11:51:55,VLan40,Sales,Router,HTTP,262,0.07,5,NO,KUMASI
1919,2026-04-25 12:47:01,VLan30,IT,Mobile,SMTP,834,0.84,4,NO,TEMA
1920,2026-09-27 07:41:59,VLan30,IT,Desktop,FTP,750,3.36,15,NO,TAKORADI
1921,2026-02-21 15:32:11,VLan40,Sales,Server,HTTP,225,3.75,10,NO,Tamale
1922,2026-06-21 15:00:21,VLan20,Finance,Server,FTP,406,2.75,13,NO,KUMASI
1923,2026-09-29 10:34:33,VLan30,IT,Mobile,FTP,1117,1.84,6,YES,Tamale
1924,2026-01-14 15:55:50,VLan10,HR,Mobile,DNS,637,4.58,12,NO,TEMA
1925,2026-01-07 15:56:48,VLan30,IT,Server,HTTP,515,1.65,2,NO,Tamale
1926,2026-02-10 06:37:30,VLan10,HR,Mobile,HTTP,230,3.35,5,NO,Tamale
1927,2026-02-06 15:38:17,VLan40,Sales,Mobile,HTTP,464,1.05,3,NO,Tamale
1928,2026-03-16 04:59:46,VLan10,HR,Server,FTP,598,4.24,0,NO,ACCRA
1929,2026-03-09 21:45:16,VLan20,Finance,Router,HTTPS,371,3.83,0,NO,Tamale
1930,2026-04-18 03:47:50,VLan30,IT,Desktop,FTP,1052,1.56,13,YES,TEMA
1931,2026-04-08 10:23:55,VLan10,HR,Laptop,SSH,677,1.29,9,NO,ACCRA
1932,2026-01-05 20:49:31,VLan40,Sales,Laptop,DNS,639,4.08,1,NO,KUMASI
1933,2026-04-30 05:00:11,VLan30,IT,Router,SSH,911,0.37,15,YES,KUMASI
1934,2026-05-14 10:43:39,VLan30,IT,Desktop,SSH,728,2.47,14,NO,ACCRA
1935,2026-09-03 01:59:03,VLan30,IT,Mobile,FTP,763,0.65,13,NO,KUMASI
1936,2026-03-01 21:54:39,VLan30,IT,Server,SMTP,579,4.61,11,NO,Tamale
1937,2026-01-15 18:31:49,VLan40,Sales,Mobile,FTP,252,0.16,9,NO,TEMA
1938,2026-11-08 17:04:57,VLan10,HR,Laptop,SMTP,172,2.9,12,NO,KUMASI
1939,2026-10-07 08:43:44,VLan30,IT,Mobile,HTTPS,1166,2.43,7,NO,ACCRA
1940,2026-11-15 18:40:34,VLan30,IT,Router,SMTP,826,3.42,13,NO,Tamale
1941,2026-04-02 02:59:06,VLan10,HR,Laptop,SMTP,168,0.05,1,NO,TEMA
1942,2026-05-21 19:18:16,VLan10,HR,Server,HTTPS,336,2.04,2,NO,TAKORADI
1943,2026-01-10 20:31:23,VLan40,Sales,Laptop,FTP,669,2.61,8,NO,TAKORADI
1944,2026-09-24 01:23:42,VLan30,IT,Laptop,FTP,1105,3.41,1,YES,TAKORADI
1945,2026-02-06 12:12:58,VLan20,Finance,Router,SMTP,677,3.57,13,NO,TAKORADI
1946,2026-01-03 10:49:58,VLan20,Finance,Laptop,HTTP,215,0.36,1,NO,ACCRA
1947,2026-07-02 16:32:43,VLan20,Finance,Laptop,HTTP,120,3.38,5,NO,KUMASI
1948,2026-09-18 08:27:17,VLan30,IT,Desktop,SSH,1043,4.73,8,YES,TAKORADI
1949,2026-03-25 22:55:04,VLan30,IT,Router,DNS,959,4.44,4,NO,Tamale
1950,2026-11-18 02:26:58,VLan40,Sales,Server,HTTPS,637,4.11,14,NO,TEMA
1951,2026-02-21 09:52:38,VLan30,IT,Mobile,DNS,518,4.61,15,NO,ACCRA
1952,2026-04-15 04:24:55,VLan40,Sales,Router,SSH,510,0.99,2,NO,KUMASI
1953,2026-03-24 13:02:36,VLan10,HR,Mobile,HTTPS,380,1.36,2,NO,Tamale
1954,2026-07-14 13:07:03,VLan10,HR,Server,HTTP,287,1.79,7,NO,KUMASI
1955,2026-09-14 11:03:08,VLan20,Finance,Router,HTTPS,560,2.73,2,NO,ACCRA
1956,2026-01-01 16:57:55,VLan30,IT,Desktop,HTTP,660,4.36,5,NO,TAKORADI
1957,2026-10-28 12:33:39,VLan30,IT,Server,FTP,827,1.15,12,NO,TAKORADI
1958,2026-06-29 04:53:13,VLan40,Sales,Router,SSH,103,1.76,14,NO,Tamale
1959,2026-09-28 02:45:19,VLan40,Sales,Mobile,HTTP,127,0.91,12,NO,TEMA
1960,2026-02-26 00:12:16,VLan30,IT,Server,DNS,877,0.76,0,NO,TEMA
1961,2026-07-08 05:12:32,VLan30,IT,Desktop,HTTP,703,0.15,10,NO,TEMA
1962,2026-05-08 16:21:00,VLan30,IT,Mobile,SMTP,1054,2.97,11,NO,ACCRA
1963,2026-10-14 01:15:08,VLan40,Sales,Server,FTP,446,2.46,7,NO,ACCRA
1964,2026-12-13 20:29:36,VLan20,Finance,Laptop,FTP,364,0.57,13,NO,ACCRA
1965,2026-11-01 01:00:34,VLan20,Finance,Laptop,FTP,539,4.64,3,NO,TAKORADI
1966,2026-08-06 09:58:18,VLan30,IT,Mobile,HTTP,693,4.34,11,NO,TEMA
1967,2026-10-28 07:16:05,VLan20,Finance,Router,DNS,254,2.97,13,NO,TEMA
1968,2026-11-20 20:38:08,VLan10,HR,Desktop,DNS,663,1.74,10,NO,ACCRA
1969,2026-03-11 21:05:41,VLan10,HR,Desktop,FTP,158,0.94,7,NO,TEMA
1970,2026-11-27 12:11:52,VLan40,Sales,Desktop,FTP,633,2.56,7,NO,TAKORADI
1971,2026-12-07 23:24:13,VLan10,HR,Mobile,SSH,125,4.79,2,NO,TEMA
1972,2026-04-23 07:27:32,VLan20,Finance,Server,HTTPS,149,1.61,10,NO,KUMASI
1973,2026-09-12 20:15:20,VLan10,HR,Mobile,HTTP,139,1.16,11,NO,ACCRA
1974,2026-05-22 20:01:49,VLan20,Finance,Laptop,SMTP,685,1.8,5,NO,TEMA
1975,2026-11-23 10:34:32,VLan40,Sales,Server,SMTP,290,2.03,2,NO,ACCRA
1976,2026-01-24 13:46:31,VLan20,Finance,Laptop,HTTP,464,1.36,11,NO,ACCRA
1977,2026-06-16 18:49:43,VLan40,Sales,Router,DNS,634,0.96,15,NO,KUMASI
1978,2026-03-05 08:04:50,VLan30,IT,Server,SMTP,1163,2.14,6,NO,TAKORADI
1979,2026-02-19 23:58:00,VLan30,IT,Server,DNS,1176,3.98,15,NO,Tamale
1980,2026-03-29 00:32:58,VLan30,IT,Router,HTTP,685,4.23,9,NO,ACCRA
1981,2026-05-30 07:50:10,VLan10,HR,Desktop,FTP,210,3.94,8,NO,KUMASI
1982,2026-10-05 20:29:33,VLan10,HR,Mobile,HTTPS,152,0.45,9,NO,TAKORADI
1983,2026-02-19 13:24:37,VLan10,HR,Desktop,SMTP,410,4.83,7,NO,TEMA
1984,2026-07-19 14:43:59,VLan40,Sales,Server,SMTP,679,0.25,3,NO,KUMASI
1985,2026-12-27 12:55:54,VLan10,HR,Laptop,DNS,114,0.58,3,NO,ACCRA
1986,2026-01-11 01:15:02,VLan20,Finance,Server,HTTPS,220,0.94,1,NO,ACCRA
1987,2026-02-23 03:33:48,VLan10,HR,Desktop,DNS,579,2.36,9,NO,TEMA
1988,2026-09-15 10:02:04,VLan20,Finance,Desktop,HTTPS,152,4.28,6,NO,TEMA
1989,2026-08-22 05:47:20,VLan30,IT,Desktop,SSH,920,3.86,0,YES,ACCRA
1990,2026-12-06 17:32:33,VLan30,IT,Router,HTTP,979,2.64,7,NO,ACCRA
1991,2026-07-12 16:48:33,VLan40,Sales,Desktop,SSH,297,4.97,5,NO,TAKORADI
1992,2026-12-15 22:12:29,VLan10,HR,Laptop,SSH,145,4.56,1,NO,Tamale
1993,2026-10-04 19:37:27,VLan40,Sales,Laptop,FTP,645,4.93,7,NO,TEMA
1994,2026-08-16 03:42:21,VLan10,HR,Router,HTTP,550,3.65,10,NO,KUMASI
1995,2026-05-04 12:58:54,VLan40,Sales,Desktop,DNS,101,4.4,4,NO,Tamale
1996,2026-09-16 20:40:00,VLan30,IT,Server,HTTP,915,3.69,4,NO,TAKORADI
1997,2026-01-30 09:19:48,VLan20,Finance,Laptop,DNS,543,4.36,0,NO,KUMASI
1998,2026-01-07 14:52:22,VLan10,HR,Desktop,SSH,633,3.63,12,NO,TEMA
1999,2026-06-25 19:52:38,VLan10,HR,Laptop,FTP,367,0.95,15,NO,ACCRA
2000,2026-10-20 20:34:39,VLan20,Finance,Laptop,HTTPS,108,2.58,11,NO,TAKORADI
2001,2026-04-12 05:03:22,VLan20,Finance,Laptop,HTTP,319,1.18,12,NO,KUMASI
2002,2026-12-27 11:06:27,VLan30,IT,Laptop,HTTPS,535,3.93,4,NO,Tamale
2003,2026-07-12 01:15:29,VLan10,HR,Desktop,HTTPS,373,0.12,3,NO,TAKORADI
2004,2026-12-04 05:58:03,VLan30,IT,Router,SMTP,634,4.15,8,NO,TEMA
2005,2026-02-05 02:45:00,VLan20,Finance,Laptop,DNS,468,3.91,12,NO,ACCRA
2006,2026-08-07 10:47:04,VLan40,Sales,Router,DNS,687,1.98,7,NO,ACCRA
2007,2026-07-14 15:25:46,VLan10,HR,Laptop,FTP,648,4.48,11,NO,KUMASI
2008,2026-04-29 20:26:46,VLan20,Finance,Desktop,HTTP,556,0.77,12,NO,ACCRA
2009,2026-08-21 23:47:30,VLan10,HR,Server,HTTPS,218,2.76,11,NO,TAKORADI
2010,2026-12-16 22:23:01,VLan40,Sales,Mobile,HTTPS,195,2.03,5,NO,TEMA
2011,2026-11-25 07:57:36,VLan40,Sales,Router,SSH,662,1.73,9,NO,ACCRA
2012,2026-07-26 20:20:03,VLan30,IT,Mobile,FTP,758,4.01,10,NO,TAKORADI
2013,2026-08-20 03:02:17,VLan30,IT,Router,SSH,905,4.03,8,YES,Tamale
2014,2026-08-05 13:09:32,VLan40,Sales,Mobile,SSH,288,4.72,11,NO,ACCRA
2015,2026-09-24 21:13:47,VLan30,IT,Laptop,DNS,609,3.25,4,NO,TAKORADI
2016,2026-08-28 20:25:48,VLan10,HR,Server,SSH,173,1.28,10,NO,KUMASI
2017,2026-09-12 16:39:37,VLan30,IT,Router,SMTP,1139,4.89,12,NO,KUMASI
2018,2026-09-12 22:16:42,VLan40,Sales,Desktop,FTP,562,0.35,12,NO,TAKORADI
2019,2026-10-13 18:42:59,VLan10,HR,Router,FTP,596,3.72,14,NO,ACCRA
2020,2026-12-30 15:45:04,VLan10,HR,Laptop,FTP,550,3.13,4,NO,TEMA
2021,2026-04-14 12:59:17,VLan20,Finance,Desktop,HTTPS,106,3.81,5,NO,KUMASI
2022,2026-09-09 16:33:54,VLan40,Sales,Desktop,SMTP,285,1.69,6,NO,TEMA
2023,2026-08-24 12:37:25,VLan20,Finance,Laptop,HTTP,252,1.63,2,NO,ACCRA
2024,2026-05-13 21:32:53,VLan10,HR,Desktop,HTTPS,312,2.77,2,NO,TAKORADI
2025,2026-03-13 00:34:10,VLan10,HR,Server,HTTPS,312,1.49,15,NO,ACCRA
2026,2026-11-21 23:47:48,VLan30,IT,Server,HTTPS,505,2.11,7,NO,Tamale
2027,2026-01-04 19:14:11,VLan30,IT,Desktop,SMTP,642,4.08,11,NO,Tamale
2028,2026-02-05 17:51:43,VLan40,Sales,Server,FTP,274,0.25,13,NO,Tamale
2029,2026-03-25 07:24:29,VLan10,HR,Router,HTTP,326,2.22,4,NO,TAKORADI
2030,2026-11-16 09:02:00,VLan10,HR,Router,HTTPS,230,0.77,12,NO,ACCRA
2031,2026-12-21 07:55:49,VLan40,Sales,Router,FTP,236,0.46,3,NO,ACCRA
2032,2026-10-24 13:46:59,VLan30,IT,Server,SSH,1121,2.55,0,YES,TAKORADI
2033,2026-07-03 05:05:17,VLan30,IT,Router,DNS,508,1.56,11,NO,TEMA
2034,2026-04-13 07:13:42,VLan10,HR,Mobile,SMTP,112,1.7,8,NO,TAKORADI
2035,2026-06-03 13:54:38,VLan10,HR,Laptop,HTTPS,448,0.89,10,NO,TAKORADI
2036,2026-07-08 06:42:48,VLan10,HR,Laptop,HTTP,654,2.61,12,NO,TAKORADI
2037,2026-11-02 15:10:38,VLan10,HR,Mobile,SMTP,524,1.16,9,NO,Tamale
2038,2026-01-05 00:08:43,VLan20,Finance,Server,SMTP,426,2.72,7,NO,TEMA
2039,2026-02-07 03:06:26,VLan40,Sales,Mobile,SSH,532,1.25,3,NO,Tamale
2040,2026-02-27 13:08:31,VLan20,Finance,Laptop,HTTPS,127,3.7,2,NO,Tamale
2041,2026-10-16 00:45:11,VLan40,Sales,Mobile,DNS,321,0.79,5,NO,Tamale
2042,2026-12-14 14:35:13,VLan10,HR,Desktop,FTP,296,0.44,8,NO,KUMASI
2043,2026-06-30 21:59:09,VLan20,Finance,Router,DNS,328,2.82,1,NO,ACCRA
2044,2026-06-27 08:30:44,VLan10,HR,Desktop,DNS,569,1.82,1,NO,TAKORADI
2045,2026-09-19 19:51:57,VLan20,Finance,Router,SSH,103,4.29,11,NO,TEMA
2046,2026-04-02 00:00:34,VLan40,Sales,Laptop,SMTP,463,4.99,15,NO,Tamale
2047,2026-12-13 03:11:41,VLan10,HR,Laptop,SMTP,315,4.54,11,NO,ACCRA
2048,2026-11-27 06:42:28,VLan30,IT,Desktop,HTTPS,1181,3.86,11,NO,TAKORADI
2049,2026-12-22 15:20:06,VLan20,Finance,Desktop,DNS,417,1.21,7,NO,TEMA
2050,2026-02-06 05:23:27,VLan30,IT,Server,SMTP,1176,4.25,8,NO,KUMASI
2051,2026-09-18 23:40:13,VLan30,IT,Server,SSH,838,1.93,10,NO,TAKORADI
2052,2026-04-28 15:33:14,VLan20,Finance,Router,HTTP,645,4.52,10,NO,TEMA
2053,2026-10-25 21:34:48,VLan30,IT,Mobile,HTTP,999,4.98,6,NO,Tamale
2054,2026-05-20 06:56:07,VLan10,HR,Mobile,HTTP,277,3.97,13,NO,TEMA
2055,2026-10-10 16:34:02,VLan30,IT,Desktop,DNS,834,0.24,10,NO,TEMA
2056,2026-07-12 22:05:44,VLan10,HR,Laptop,SSH,329,4.03,6,NO,ACCRA
2057,2026-01-02 17:50:39,VLan10,HR,Mobile,HTTP,583,2.38,7,NO,KUMASI
2058,2026-12-05 20:35:01,VLan40,Sales,Router,HTTPS,152,2.31,2,NO,ACCRA
2059,2026-04-26 14:31:47,VLan20,Finance,Laptop,SMTP,174,3.73,6,NO,ACCRA
2060,2026-05-10 17:05:17,VLan10,HR,Server,HTTPS,507,0.47,8,NO,KUMASI
2061,2026-10-15 11:37:10,VLan10,HR,Server,DNS,465,2.63,13,NO,Tamale
2062,2026-05-10 15:43:37,VLan10,HR,Router,FTP,181,4.47,5,NO,TAKORADI
2063,2026-11-15 09:22:22,VLan30,IT,Laptop,DNS,1149,0.7,13,NO,ACCRA
2064,2026-03-04 20:13:55,VLan40,Sales,Desktop,SSH,457,1.51,4,NO,ACCRA
2065,2026-12-21 19:19:38,VLan20,Finance,Mobile,SSH,339,0.51,12,NO,Tamale
2066,2026-04-13 00:37:36,VLan20,Finance,Router,HTTP,437,0.58,10,NO,TEMA
2067,2026-03-31 17:09:56,VLan30,IT,Desktop,FTP,709,4.7,3,NO,KUMASI
2068,2026-11-16 03:05:10,VLan30,IT,Laptop,SMTP,945,1.37,11,NO,TAKORADI
2069,2026-06-27 18:35:52,VLan20,Finance,Mobile,SMTP,525,0.76,6,NO,Tamale
2070,2026-09-15 20:50:23,VLan30,IT,Laptop,DNS,508,2.11,15,NO,KUMASI
2071,2026-03-20 11:28:48,VLan10,HR,Router,DNS,416,1.65,13,NO,KUMASI
2072,2026-04-02 10:05:45,VLan20,Finance,Desktop,HTTPS,578,0.63,1,NO,ACCRA
2073,2026-11-28 23:02:50,VLan10,HR,Server,HTTPS,537,3.42,3,NO,ACCRA
2074,2026-10-13 20:56:52,VLan30,IT,Mobile,DNS,606,3.49,9,NO,KUMASI
2075,2026-01-24 05:08:57,VLan30,IT,Router,HTTP,690,3.49,2,NO,ACCRA
2076,2026-07-24 01:54:53,VLan20,Finance,Router,SMTP,329,4.01,7,NO,TEMA
2077,2026-01-14 13:15:21,VLan40,Sales,Laptop,DNS,691,2.62,15,NO,TAKORADI
2078,2026-10-03 18:53:19,VLan40,Sales,Mobile,SMTP,316,2.11,11,NO,TEMA
2079,2026-02-20 13:37:52,VLan30,IT,Laptop,FTP,649,0.3,6,NO,ACCRA
2080,2026-05-20 00:24:56,VLan30,IT,Router,SMTP,625,2.31,9,NO,TAKORADI
2081,2026-09-14 22:15:19,VLan40,Sales,Mobile,SMTP,207,4.94,6,NO,KUMASI
2082,2026-04-05 08:09:00,VLan20,Finance,Router,SSH,508,1.97,1,NO,Tamale
2083,2026-11-03 19:04:23,VLan10,HR,Laptop,FTP,549,2.29,6,NO,TAKORADI
2084,2026-04-15 07:41:08,VLan40,Sales,Laptop,FTP,518,0.19,0,NO,KUMASI
2085,2026-10-07 09:43:10,VLan40,Sales,Router,HTTPS,417,2.68,6,NO,ACCRA
2086,2026-04-18 02:19:57,VLan10,HR,Desktop,SMTP,470,0.1,15,NO,ACCRA
2087,2026-05-10 18:18:50,VLan30,IT,Laptop,DNS,1100,4.61,9,NO,TAKORADI
2088,2026-02-08 00:20:56,VLan40,Sales,Server,SMTP,382,4.81,0,NO,TAKORADI
2089,2026-01-06 13:27:47,VLan20,Finance,Laptop,HTTPS,621,1.85,3,NO,Tamale
2090,2026-11-19 09:39:32,VLan10,HR,Desktop,FTP,472,0.05,6,NO,TEMA
2091,2026-02-26 19:49:54,VLan10,HR,Router,FTP,549,4.05,5,NO,TEMA
2092,2026-02-02 13:58:42,VLan30,IT,Desktop,HTTP,1076,0.23,6,NO,Tamale
2093,2026-10-23 08:51:53,VLan40,Sales,Laptop,SMTP,168,2.11,15,NO,TEMA
2094,2026-05-01 01:59:57,VLan30,IT,Laptop,SSH,1157,2.46,6,YES,ACCRA
2095,2026-05-19 15:41:20,VLan10,HR,Desktop,FTP,394,0.84,10,NO,TAKORADI
2096,2026-12-30 20:38:06,VLan20,Finance,Mobile,SSH,689,2.1,0,NO,Tamale
2097,2026-02-14 12:58:07,VLan40,Sales,Laptop,SSH,615,4.86,12,NO,KUMASI
2098,2026-08-16 14:46:34,VLan40,Sales,Desktop,SMTP,206,0.43,1,NO,TAKORADI
2099,2026-09-18 09:23:30,VLan40,Sales,Mobile,SSH,172,0.13,4,NO,TAKORADI
2100,2026-05-29 23:20:59,VLan20,Finance,Router,SMTP,505,3.29,14,NO,TEMA
2101,2026-04-11 07:50:46,VLan30,IT,Router,SMTP,759,3.71,6,NO,ACCRA
2102,2026-01-18 05:48:03,VLan20,Finance,Laptop,HTTP,646,3.09,1,NO,KUMASI
2103,2026-02-06 19:08:03,VLan10,HR,Laptop,FTP,386,2.92,12,NO,KUMASI
2104,2026-06-08 12:06:09,VLan20,Finance,Server,SMTP,139,5,6,NO,TEMA
2105,2026-07-24 09:36:52,VLan40,Sales,Server,SMTP,465,2.32,10,NO,Tamale
2106,2026-01-10 08:28:23,VLan30,IT,Router,DNS,624,2.61,9,NO,KUMASI
2107,2026-07-08 05:27:40,VLan40,Sales,Desktop,HTTP,580,2.81,15,NO,KUMASI
2108,2026-03-09 04:27:27,VLan30,IT,Laptop,HTTP,892,3.54,6,NO,ACCRA
2109,2026-11-08 15:02:15,VLan10,HR,Desktop,FTP,382,1.45,5,NO,TEMA
2110,2026-09-15 22:38:25,VLan40,Sales,Desktop,SSH,236,1.02,2,NO,Tamale
2111,2026-09-14 18:38:08,VLan40,Sales,Laptop,HTTPS,315,1.51,10,NO,KUMASI
2112,2026-08-08 14:23:54,VLan30,IT,Mobile,SMTP,1082,0.54,12,NO,ACCRA
2113,2026-02-16 06:25:32,VLan20,Finance,Mobile,HTTPS,700,3.78,7,NO,TAKORADI
2114,2026-10-16 10:48:25,VLan40,Sales,Server,HTTP,202,2.56,3,NO,KUMASI
2115,2026-05-11 08:16:27,VLan20,Finance,Server,FTP,304,4.65,0,NO,Tamale
2116,2026-03-26 18:37:37,VLan10,HR,Mobile,FTP,243,3.34,3,NO,TAKORADI
2117,2026-08-27 10:02:34,VLan30,IT,Server,FTP,880,0.68,6,NO,KUMASI
2118,2026-06-21 22:49:37,VLan40,Sales,Mobile,HTTPS,283,3.43,8,NO,Tamale
2119,2026-07-26 20:01:22,VLan20,Finance,Desktop,SSH,259,4.59,0,NO,TAKORADI
2120,2026-08-17 19:05:01,VLan40,Sales,Server,SMTP,387,1.67,13,NO,Tamale
2121,2026-03-14 23:36:16,VLan10,HR,Mobile,HTTP,385,0.27,10,NO,KUMASI
2122,2026-03-14 05:13:43,VLan10,HR,Server,DNS,329,2.87,10,NO,Tamale
2123,2026-10-12 19:04:39,VLan40,Sales,Server,HTTP,259,1.34,1,NO,ACCRA
2124,2026-12-10 12:55:21,VLan10,HR,Mobile,HTTPS,154,4.18,3,NO,Tamale
2125,2026-06-16 04:16:53,VLan40,Sales,Laptop,DNS,547,1.76,8,NO,TEMA
2126,2026-07-15 11:09:20,VLan30,IT,Server,DNS,902,3.43,13,NO,TAKORADI
2127,2026-07-03 17:01:49,VLan40,Sales,Router,FTP,689,1.72,4,NO,TEMA
2128,2026-02-13 23:19:02,VLan20,Finance,Desktop,DNS,347,4.65,10,NO,TAKORADI
2129,2026-05-13 16:34:14,VLan20,Finance,Laptop,HTTPS,190,4.14,0,NO,Tamale
2130,2026-04-09 14:34:36,VLan10,HR,Laptop,FTP,551,3.03,8,NO,KUMASI
2131,2026-06-21 21:08:02,VLan10,HR,Laptop,SSH,131,4.44,14,NO,TAKORADI
2132,2026-08-03 05:53:30,VLan30,IT,Server,FTP,615,3.16,13,NO,TEMA
2133,2026-05-14 10:14:40,VLan30,IT,Desktop,SMTP,662,4.37,2,NO,TEMA
2134,2026-06-24 06:28:46,VLan10,HR,Router,HTTP,507,2.61,9,NO,KUMASI
2135,2026-03-05 11:21:48,VLan40,Sales,Desktop,HTTPS,294,4.9,3,NO,ACCRA
2136,2026-07-29 03:54:35,VLan40,Sales,Laptop,SSH,152,4.71,8,NO,TAKORADI
2137,2026-03-23 11:50:58,VLan30,IT,Mobile,FTP,634,3.48,8,NO,Tamale
2138,2026-05-17 12:40:41,VLan20,Finance,Server,DNS,214,1.67,3,NO,TAKORADI
2139,2026-05-29 21:10:20,VLan20,Finance,Router,HTTPS,607,2.71,10,NO,Tamale
2140,2026-09-07 00:05:34,VLan30,IT,Router,HTTP,640,0.17,3,NO,TEMA
2141,2026-05-02 03:05:25,VLan30,IT,Server,SMTP,1043,4.13,11,NO,Tamale
2142,2026-08-10 08:52:23,VLan10,HR,Router,SMTP,107,2.49,15,NO,TAKORADI
2143,2026-05-02 06:42:36,VLan30,IT,Mobile,SSH,567,2.7,2,NO,TEMA
2144,2026-02-06 01:45:13,VLan30,IT,Laptop,SSH,732,1.04,8,NO,TAKORADI
2145,2026-06-24 05:24:07,VLan10,HR,Laptop,HTTPS,143,4.27,9,NO,ACCRA
2146,2026-10-06 01:04:54,VLan10,HR,Laptop,FTP,589,2.21,3,NO,KUMASI
2147,2026-06-29 22:30:21,VLan40,Sales,Laptop,HTTPS,162,2.24,7,NO,ACCRA
2148,2026-05-06 11:14:43,VLan10,HR,Desktop,DNS,127,3.6,3,NO,KUMASI
2149,2026-09-14 15:20:17,VLan10,HR,Mobile,FTP,548,4.03,13,NO,ACCRA
2150,2026-10-30 00:34:12,VLan40,Sales,Laptop,SMTP,670,2.99,6,NO,ACCRA
2151,2026-03-21 19:09:14,VLan20,Finance,Router,SMTP,670,4.43,6,NO,KUMASI
2152,2026-07-06 13:14:12,VLan20,Finance,Mobile,FTP,613,3.37,15,NO,ACCRA
2153,2026-05-31 23:30:39,VLan10,HR,Mobile,SSH,110,1.19,8,NO,ACCRA
2154,2026-08-13 00:29:16,VLan10,HR,Server,HTTP,507,0.95,8,NO,KUMASI
2155,2026-02-25 15:13:07,VLan10,HR,Desktop,SSH,159,4.34,11,NO,Tamale
2156,2026-05-27 08:51:38,VLan40,Sales,Laptop,SSH,358,2.58,13,NO,Tamale
2157,2026-11-06 01:01:39,VLan40,Sales,Mobile,HTTP,185,4.67,7,NO,TEMA
2158,2026-08-31 22:06:51,VLan30,IT,Server,HTTPS,916,0.78,0,NO,TAKORADI
2159,2026-01-26 00:16:31,VLan40,Sales,Desktop,DNS,316,4.16,3,NO,ACCRA
2160,2026-10-22 18:11:10,VLan40,Sales,Server,DNS,632,1.31,5,NO,ACCRA
2161,2026-01-01 23:41:09,VLan30,IT,Desktop,HTTPS,566,3.44,3,NO,TAKORADI
2162,2026-10-10 11:05:17,VLan20,Finance,Server,FTP,587,2.93,13,NO,TEMA
2163,2026-12-26 08:14:12,VLan40,Sales,Mobile,HTTPS,329,0.97,11,NO,KUMASI
2164,2026-12-28 02:17:59,VLan30,IT,Laptop,SMTP,1080,3.82,9,NO,ACCRA
2165,2026-09-28 09:38:57,VLan20,Finance,Desktop,HTTP,242,3.41,0,NO,TEMA
2166,2026-05-05 03:04:22,VLan20,Finance,Desktop,SSH,537,3.46,12,NO,TAKORADI
2167,2026-10-26 18:23:00,VLan30,IT,Server,HTTPS,1139,3.86,3,NO,Tamale
2168,2026-06-20 13:27:13,VLan30,IT,Laptop,HTTP,674,0.98,0,NO,TEMA
2169,2026-06-02 21:33:08,VLan30,IT,Desktop,SSH,645,3.86,10,NO,TEMA
2170,2026-05-13 06:07:57,VLan10,HR,Mobile,SMTP,470,4.22,13,NO,TEMA
2171,2026-07-08 23:22:31,VLan30,IT,Laptop,HTTPS,775,1.6,4,NO,TEMA
2172,2026-10-07 14:21:18,VLan30,IT,Desktop,FTP,1175,1.85,5,YES,KUMASI
2173,2026-12-14 07:36:43,VLan40,Sales,Router,DNS,461,0.93,2,NO,Tamale
2174,2026-12-09 12:48:14,VLan40,Sales,Server,DNS,546,4.25,7,NO,ACCRA
2175,2026-10-20 11:15:24,VLan20,Finance,Laptop,SMTP,483,4.02,14,NO,KUMASI
2176,2026-10-10 08:56:15,VLan30,IT,Router,SSH,607,4.14,4,NO,TEMA
2177,2026-10-25 14:30:57,VLan20,Finance,Laptop,FTP,363,4.07,5,NO,KUMASI
2178,2026-02-22 03:41:40,VLan30,IT,Desktop,SSH,1048,4.59,7,YES,TAKORADI
2179,2026-11-05 02:52:23,VLan10,HR,Laptop,FTP,352,0.45,13,NO,TEMA
2180,2026-10-25 03:53:04,VLan20,Finance,Mobile,SMTP,348,0.15,12,NO,Tamale
2181,2026-08-08 04:26:22,VLan40,Sales,Mobile,HTTPS,195,3.84,14,NO,Tamale
2182,2026-03-11 03:09:49,VLan10,HR,Laptop,HTTPS,241,3.81,10,NO,KUMASI
2183,2026-08-28 09:58:29,VLan30,IT,Laptop,DNS,562,3.93,11,NO,TEMA
2184,2026-01-12 20:53:06,VLan30,IT,Desktop,HTTPS,513,1.91,11,NO,TEMA
2185,2026-08-27 11:14:08,VLan30,IT,Mobile,SSH,688,1.84,1,NO,KUMASI
2186,2026-02-06 17:45:54,VLan20,Finance,Laptop,HTTPS,697,1.33,7,NO,Tamale
2187,2026-08-22 01:51:39,VLan20,Finance,Desktop,FTP,567,2.84,12,NO,ACCRA
2188,2026-02-16 18:27:10,VLan20,Finance,Desktop,SMTP,472,3.31,12,NO,TAKORADI
2189,2026-07-29 13:28:58,VLan10,HR,Desktop,DNS,364,3.05,13,NO,TAKORADI
2190,2026-04-11 17:19:49,VLan40,Sales,Router,SSH,496,3.64,7,NO,Tamale
2191,2026-04-24 19:55:02,VLan30,IT,Mobile,SSH,757,2.69,13,NO,TAKORADI
2192,2026-02-13 00:07:25,VLan10,HR,Mobile,DNS,232,1.38,1,NO,TAKORADI
2193,2026-01-06 01:06:26,VLan30,IT,Server,HTTP,1063,0.97,6,NO,TAKORADI
2194,2026-06-02 13:41:40,VLan10,HR,Desktop,DNS,589,3.58,0,NO,TAKORADI
2195,2026-02-27 21:38:04,VLan30,IT,Server,HTTP,817,2.42,8,NO,ACCRA
2196,2026-07-27 13:56:44,VLan40,Sales,Server,SSH,524,0.25,2,NO,Tamale
2197,2026-05-11 12:50:24,VLan40,Sales,Laptop,DNS,199,2.66,7,NO,KUMASI
2198,2026-11-07 12:34:23,VLan20,Finance,Mobile,DNS,260,3.39,11,NO,TAKORADI
2199,2026-03-25 17:57:17,VLan20,Finance,Router,DNS,585,0.46,0,NO,TEMA
2200,2026-04-29 03:28:58,VLan10,HR,Laptop,FTP,449,0.8,5,NO,ACCRA
2201,2026-05-10 10:25:04,VLan40,Sales,Desktop,DNS,411,3.97,15,NO,KUMASI
2202,2026-07-02 02:11:21,VLan40,Sales,Mobile,HTTPS,512,0.65,11,NO,ACCRA
2203,2026-01-05 03:21:52,VLan10,HR,Router,SSH,603,2.2,9,NO,TAKORADI
2204,2026-02-05 07:46:06,VLan10,HR,Desktop,SMTP,410,3.04,13,NO,TEMA
2205,2026-04-02 03:04:22,VLan20,Finance,Server,SMTP,699,2.53,8,NO,ACCRA
2206,2026-11-20 13:53:12,VLan30,IT,Laptop,HTTPS,707,3.06,8,NO,TEMA
2207,2026-05-22 23:53:10,VLan20,Finance,Server,SMTP,394,3.21,0,NO,TAKORADI
2208,2026-04-21 01:23:06,VLan40,Sales,Router,SSH,450,4.85,12,NO,ACCRA
2209,2026-07-15 14:06:22,VLan10,HR,Server,FTP,215,2.26,1,NO,Tamale
2210,2026-04-15 18:51:24,VLan30,IT,Mobile,FTP,1143,0.88,15,YES,TAKORADI
2211,2026-08-07 11:41:23,VLan30,IT,Desktop,SSH,764,3.81,11,NO,TAKORADI
2212,2026-09-21 06:11:34,VLan20,Finance,Laptop,FTP,655,0.08,6,NO,ACCRA
2213,2026-10-01 22:04:54,VLan10,HR,Server,DNS,391,1.14,7,NO,TEMA
2214,2026-09-16 15:07:52,VLan10,HR,Router,DNS,543,3.51,13,NO,Tamale
2215,2026-11-12 04:46:07,VLan20,Finance,Laptop,FTP,421,0.89,1,NO,KUMASI
2216,2026-04-10 12:26:03,VLan20,Finance,Mobile,HTTP,559,3.82,6,NO,ACCRA
2217,2026-02-16 04:46:42,VLan30,IT,Laptop,HTTPS,769,4.24,3,NO,TAKORADI
2218,2026-07-31 09:47:48,VLan30,IT,Desktop,DNS,855,4,8,NO,TEMA
2219,2026-09-23 12:59:58,VLan10,HR,Router,SMTP,635,2.85,10,NO,ACCRA
2220,2026-11-23 03:56:36,VLan20,Finance,Laptop,FTP,264,3.17,10,NO,Tamale
2221,2026-01-09 13:19:13,VLan10,HR,Laptop,DNS,335,0.98,4,NO,Tamale
2222,2026-08-15 08:09:50,VLan40,Sales,Laptop,SMTP,551,0.89,12,NO,Tamale
2223,2026-11-01 23:04:33,VLan40,Sales,Desktop,HTTP,608,2.41,12,NO,TAKORADI
2224,2026-05-03 01:03:47,VLan30,IT,Router,HTTP,1034,2.37,2,NO,TAKORADI
2225,2026-09-05 23:05:37,VLan10,HR,Server,HTTPS,338,1.95,1,NO,TAKORADI
2226,2026-09-02 12:36:20,VLan30,IT,Laptop,HTTPS,935,2.13,11,NO,Tamale
2227,2026-03-31 10:20:05,VLan20,Finance,Router,SSH,139,2.61,0,NO,TAKORADI
2228,2026-07-13 20:45:29,VLan20,Finance,Router,SSH,594,0.38,1,NO,TEMA
2229,2026-03-06 17:01:18,VLan20,Finance,Mobile,FTP,305,3.93,2,NO,TEMA
2230,2026-08-25 13:26:25,VLan40,Sales,Laptop,SMTP,354,2.63,11,NO,ACCRA
2231,2026-12-15 11:00:51,VLan30,IT,Mobile,DNS,955,3.91,7,NO,KUMASI
2232,2026-10-10 01:37:49,VLan40,Sales,Router,HTTP,117,1.94,4,NO,TEMA
2233,2026-04-13 18:29:38,VLan10,HR,Server,HTTPS,451,2.12,6,NO,KUMASI
2234,2026-04-11 19:35:32,VLan20,Finance,Laptop,DNS,174,2.55,1,NO,TEMA
2235,2026-11-22 21:42:09,VLan20,Finance,Router,FTP,503,1.44,4,NO,TAKORADI
2236,2026-10-21 03:18:31,VLan30,IT,Desktop,DNS,757,2.37,5,NO,TEMA
2237,2026-12-01 09:27:15,VLan30,IT,Server,DNS,1115,0.44,3,NO,TAKORADI
2238,2026-03-21 04:44:46,VLan40,Sales,Router,SSH,141,0.45,7,NO,TEMA
2239,2026-09-25 21:09:07,VLan10,HR,Desktop,DNS,617,3.54,1,NO,TEMA
2240,2026-04-23 05:55:14,VLan20,Finance,Router,SMTP,376,0.28,4,NO,TEMA
2241,2026-06-20 14:35:03,VLan30,IT,Router,DNS,801,2.1,13,NO,ACCRA
2242,2026-08-18 00:07:04,VLan40,Sales,Desktop,SSH,264,2.06,0,NO,KUMASI
2243,2026-09-06 20:33:35,VLan10,HR,Laptop,FTP,644,1.44,0,NO,TEMA
2244,2026-03-12 07:15:57,VLan30,IT,Router,SMTP,1042,3.74,3,NO,KUMASI
2245,2026-10-07 21:19:42,VLan10,HR,Router,HTTP,647,3.5,4,NO,TAKORADI
2246,2026-05-29 09:48:36,VLan10,HR,Laptop,HTTPS,291,0.67,5,NO,TEMA
2247,2026-09-04 22:43:05,VLan10,HR,Server,FTP,191,1.3,9,NO,TAKORADI
2248,2026-03-27 19:09:37,VLan10,HR,Laptop,FTP,142,2.32,9,NO,Tamale
2249,2026-07-02 18:30:08,VLan10,HR,Server,SSH,604,2.04,9,NO,TEMA
2250,2026-01-06 20:39:56,VLan20,Finance,Server,FTP,185,2.92,8,NO,KUMASI
2251,2026-03-31 08:57:43,VLan40,Sales,Server,HTTPS,225,3.84,13,NO,KUMASI
2252,2026-08-22 05:22:03,VLan30,IT,Laptop,SMTP,1100,0.62,7,NO,TEMA
2253,2026-07-22 22:47:39,VLan20,Finance,Router,DNS,528,4.69,6,NO,Tamale
2254,2026-04-16 15:24:11,VLan40,Sales,Laptop,SMTP,283,2.27,13,NO,ACCRA
2255,2026-04-28 10:39:42,VLan40,Sales,Mobile,DNS,116,3.97,1,NO,TEMA
2256,2026-12-11 14:16:50,VLan40,Sales,Laptop,SSH,424,4.91,7,NO,TEMA
2257,2026-07-03 18:00:16,VLan30,IT,Mobile,HTTP,1038,3.49,11,NO,ACCRA
2258,2026-11-21 21:19:20,VLan40,Sales,Desktop,SSH,139,1.06,0,NO,ACCRA
2259,2026-02-27 14:32:23,VLan40,Sales,Desktop,DNS,354,0.16,4,NO,ACCRA
2260,2026-09-05 05:57:12,VLan30,IT,Mobile,SSH,1173,4.89,2,YES,Tamale
2261,2026-12-02 10:22:50,VLan30,IT,Router,HTTPS,646,1.44,11,NO,TEMA
2262,2026-03-29 05:32:21,VLan20,Finance,Desktop,SSH,604,4.46,0,NO,ACCRA
2263,2026-08-19 17:55:30,VLan30,IT,Desktop,HTTPS,924,3.25,15,NO,Tamale
2264,2026-11-07 14:56:29,VLan10,HR,Desktop,HTTP,212,3.79,6,NO,ACCRA
2265,2026-03-26 17:12:00,VLan20,Finance,Laptop,HTTPS,394,4.6,4,NO,ACCRA
2266,2026-06-29 07:17:02,VLan30,IT,Server,HTTP,852,0.9,9,NO,Tamale
2267,2026-11-27 15:30:16,VLan30,IT,Laptop,HTTPS,819,0.59,7,NO,Tamale
2268,2026-04-06 06:16:42,VLan40,Sales,Laptop,FTP,130,4.16,9,NO,TAKORADI
2269,2026-05-05 15:48:10,VLan30,IT,Server,HTTP,960,2.67,9,NO,TEMA
2270,2026-08-06 16:28:18,VLan30,IT,Server,HTTP,1110,3.63,5,NO,KUMASI
2271,2026-11-06 10:07:42,VLan20,Finance,Server,FTP,346,4.92,8,NO,ACCRA
2272,2026-07-07 00:26:58,VLan30,IT,Router,SMTP,581,1.91,1,NO,KUMASI
2273,2026-06-29 04:02:02,VLan40,Sales,Router,HTTPS,216,2.05,0,NO,TAKORADI
2274,2026-09-25 08:00:10,VLan10,HR,Server,FTP,121,2.88,9,NO,ACCRA
2275,2026-12-19 07:06:54,VLan30,IT,Server,SMTP,933,2.2,1,NO,TEMA
2276,2026-01-08 20:03:49,VLan30,IT,Router,SMTP,1081,3.01,0,NO,Tamale
2277,2026-11-27 19:25:39,VLan10,HR,Server,DNS,536,3.48,11,NO,KUMASI
2278,2026-05-01 03:39:06,VLan10,HR,Router,SMTP,666,4.27,11,NO,KUMASI
2279,2026-02-13 00:43:04,VLan40,Sales,Router,SSH,313,4.49,0,NO,TEMA
2280,2026-07-20 08:09:36,VLan10,HR,Mobile,DNS,565,3.62,0,NO,TAKORADI
2281,2026-10-20 15:36:15,VLan30,IT,Laptop,SSH,678,2.93,14,NO,Tamale
2282,2026-11-28 12:43:16,VLan20,Finance,Laptop,FTP,667,3.33,9,NO,TEMA
2283,2026-11-28 14:53:53,VLan30,IT,Server,FTP,1166,2.84,14,YES,TAKORADI
2284,2026-10-14 18:54:27,VLan20,Finance,Router,HTTP,342,1.44,0,NO,KUMASI
2285,2026-01-02 00:07:11,VLan20,Finance,Server,SMTP,653,2,14,NO,KUMASI
2286,2026-10-06 22:56:26,VLan40,Sales,Laptop,SSH,574,3.95,13,NO,ACCRA
2287,2026-11-10 06:20:55,VLan20,Finance,Router,HTTP,578,2.23,10,NO,Tamale
2288,2026-03-01 07:51:25,VLan20,Finance,Mobile,FTP,183,0.42,11,NO,TEMA
2289,2026-01-13 19:48:55,VLan20,Finance,Desktop,DNS,650,0.04,8,NO,KUMASI
2290,2026-10-11 09:48:33,VLan20,Finance,Laptop,HTTP,376,0.78,4,NO,Tamale
2291,2026-03-08 16:58:25,VLan40,Sales,Router,SSH,143,4.3,6,NO,TAKORADI
2292,2026-10-10 16:16:04,VLan20,Finance,Desktop,SSH,396,3.94,6,NO,ACCRA
2293,2026-05-04 02:00:13,VLan40,Sales,Laptop,FTP,375,4.19,12,NO,KUMASI
2294,2026-12-02 21:18:22,VLan40,Sales,Server,SSH,572,2.67,4,NO,ACCRA
2295,2026-10-03 14:07:07,VLan10,HR,Mobile,FTP,168,4.18,10,NO,ACCRA
2296,2026-01-26 09:34:19,VLan40,Sales,Server,SMTP,413,0.37,11,NO,Tamale
2297,2026-07-21 05:52:03,VLan40,Sales,Server,FTP,162,3.21,0,NO,TAKORADI
2298,2026-03-07 19:03:14,VLan30,IT,Router,SMTP,856,3.8,6,NO,KUMASI
2299,2026-12-07 17:58:14,VLan40,Sales,Laptop,HTTP,381,1.73,13,NO,TAKORADI
2300,2026-01-12 10:38:50,VLan40,Sales,Mobile,SMTP,451,1.76,2,NO,TAKORADI
2301,2026-06-10 07:58:25,VLan20,Finance,Server,HTTPS,527,4.43,11,NO,Tamale
2302,2026-04-16 11:34:11,VLan10,HR,Desktop,SMTP,664,4.81,9,NO,Tamale
2303,2026-06-17 09:31:19,VLan10,HR,Router,DNS,217,1.75,1,NO,TAKORADI
2304,2026-02-21 01:42:00,VLan10,HR,Router,FTP,177,2.17,6,NO,KUMASI
2305,2026-01-10 22:53:26,VLan30,IT,Desktop,SMTP,845,1.4,12,NO,TEMA
2306,2026-03-08 11:34:27,VLan40,Sales,Desktop,SSH,457,1.25,6,NO,Tamale
2307,2026-02-01 18:00:34,VLan30,IT,Desktop,HTTP,551,1.22,12,NO,TEMA
2308,2026-05-01 02:35:57,VLan40,Sales,Desktop,FTP,323,4.72,13,NO,ACCRA
2309,2026-02-13 16:55:27,VLan10,HR,Mobile,DNS,114,0.93,14,NO,Tamale
2310,2026-03-28 17:33:44,VLan20,Finance,Desktop,HTTP,271,0.67,14,NO,TAKORADI
2311,2026-04-18 14:00:38,VLan40,Sales,Router,HTTPS,489,3.99,7,NO,KUMASI
2312,2026-08-22 06:23:47,VLan30,IT,Mobile,DNS,567,3.5,4,NO,KUMASI
2313,2026-05-02 23:30:13,VLan30,IT,Mobile,SMTP,992,2.09,3,NO,TAKORADI
2314,2026-10-23 15:20:53,VLan30,IT,Desktop,DNS,858,2.68,0,NO,ACCRA
2315,2026-07-05 16:09:27,VLan30,IT,Mobile,FTP,524,4.19,5,NO,TAKORADI
2316,2026-06-18 10:38:19,VLan30,IT,Laptop,DNS,1055,4.05,8,NO,ACCRA
2317,2026-12-08 12:37:19,VLan30,IT,Mobile,SSH,1055,4.65,13,YES,TEMA
2318,2026-12-13 11:43:35,VLan10,HR,Laptop,SMTP,693,3.37,6,NO,Tamale
2319,2026-04-21 19:32:38,VLan10,HR,Desktop,SMTP,470,4.12,13,NO,TAKORADI
2320,2026-12-03 05:22:28,VLan30,IT,Desktop,FTP,1199,4.79,14,YES,Tamale
2321,2026-11-19 00:19:55,VLan30,IT,Router,HTTPS,893,3.41,4,NO,TAKORADI
2322,2026-05-10 18:11:08,VLan10,HR,Mobile,SMTP,264,3.61,14,NO,TAKORADI
2323,2026-08-15 05:15:05,VLan10,HR,Router,SMTP,250,0.54,11,NO,ACCRA
2324,2026-05-14 01:00:15,VLan40,Sales,Desktop,HTTPS,359,3.03,10,NO,KUMASI
2325,2026-08-10 20:17:42,VLan30,IT,Desktop,SMTP,535,3.17,5,NO,TEMA
2326,2026-10-01 01:56:48,VLan30,IT,Laptop,HTTPS,1160,0.99,11,NO,Tamale
2327,2026-04-04 04:10:39,VLan40,Sales,Desktop,FTP,448,0.26,3,NO,TEMA
2328,2026-11-09 17:51:59,VLan20,Finance,Server,HTTPS,684,2.28,7,NO,TAKORADI
2329,2026-11-12 10:05:09,VLan30,IT,Desktop,HTTPS,949,3.68,11,NO,TAKORADI
2330,2026-02-11 07:26:09,VLan30,IT,Mobile,HTTP,551,4.97,3,NO,KUMASI
2331,2026-12-11 02:04:40,VLan40,Sales,Mobile,DNS,238,0.72,5,NO,KUMASI
2332,2026-12-17 05:57:54,VLan40,Sales,Desktop,HTTP,502,0.72,3,NO,ACCRA
2333,2026-06-25 05:55:53,VLan40,Sales,Mobile,DNS,169,3.3,2,NO,KUMASI
2334,2026-12-18 13:09:24,VLan20,Finance,Router,FTP,385,3.3,3,NO,TEMA
2335,2026-07-13 00:01:57,VLan20,Finance,Router,SSH,346,3.2,5,NO,KUMASI
2336,2026-04-16 23:32:45,VLan20,Finance,Router,DNS,423,4.66,6,NO,ACCRA
2337,2026-05-20 00:59:46,VLan20,Finance,Mobile,SSH,628,1.1,0,NO,ACCRA
2338,2026-12-21 04:09:28,VLan30,IT,Desktop,DNS,1063,4.69,11,NO,Tamale
2339,2026-09-09 05:16:33,VLan20,Finance,Server,HTTP,318,1.78,7,NO,Tamale
2340,2026-01-17 21:34:44,VLan20,Finance,Desktop,SSH,547,0.15,8,NO,TEMA
2341,2026-05-30 13:00:00,VLan20,Finance,Desktop,FTP,590,1.37,14,NO,Tamale
2342,2026-08-22 20:27:12,VLan10,HR,Desktop,SSH,236,3.11,7,NO,ACCRA
2343,2026-05-26 23:50:35,VLan10,HR,Router,FTP,558,1.91,8,NO,Tamale
2344,2026-11-01 16:58:42,VLan20,Finance,Mobile,FTP,431,0.82,10,NO,Tamale
2345,2026-01-01 23:13:14,VLan30,IT,Laptop,DNS,919,0.83,1,NO,ACCRA
2346,2026-04-23 05:19:46,VLan40,Sales,Mobile,DNS,328,2.2,14,NO,TEMA
2347,2026-11-29 06:37:48,VLan40,Sales,Desktop,HTTP,328,3.31,4,NO,TAKORADI
2348,2026-10-06 15:56:15,VLan30,IT,Mobile,SSH,663,3.22,8,NO,Tamale
2349,2026-04-07 13:21:41,VLan30,IT,Laptop,SMTP,1020,3.92,5,NO,TEMA
2350,2026-03-03 20:20:15,VLan20,Finance,Server,HTTPS,124,2.22,12,NO,ACCRA
2351,2026-12-10 22:40:05,VLan20,Finance,Laptop,HTTPS,562,0.09,14,NO,Tamale
2352,2026-10-18 21:09:59,VLan40,Sales,Server,HTTPS,254,2.87,15,NO,TAKORADI
2353,2026-09-14 12:11:08,VLan40,Sales,Router,FTP,603,3.25,1,NO,Tamale
2354,2026-10-01 09:04:03,VLan10,HR,Server,HTTP,253,1.64,3,NO,Tamale
2355,2026-11-21 13:06:54,VLan10,HR,Server,HTTP,299,4.73,13,NO,Tamale
2356,2026-01-05 17:01:16,VLan20,Finance,Mobile,DNS,476,1.8,6,NO,TEMA
2357,2026-06-14 20:46:26,VLan40,Sales,Server,FTP,310,3.88,11,NO,Tamale
2358,2026-11-14 06:07:48,VLan20,Finance,Server,SMTP,634,3.17,3,NO,TAKORADI
2359,2026-08-25 02:04:56,VLan40,Sales,Router,HTTPS,614,4.33,7,NO,ACCRA
2360,2026-05-22 21:00:41,VLan40,Sales,Desktop,SMTP,678,1.11,9,NO,ACCRA
2361,2026-03-31 22:03:35,VLan30,IT,Desktop,DNS,1062,3.78,13,NO,KUMASI
2362,2026-04-09 04:02:53,VLan10,HR,Mobile,HTTP,258,0.73,15,NO,Tamale
2363,2026-05-20 01:56:27,VLan40,Sales,Desktop,HTTPS,570,1.79,9,NO,TEMA
2364,2026-11-30 13:13:38,VLan20,Finance,Mobile,SSH,259,3.74,10,NO,TEMA
2365,2026-12-13 07:14:02,VLan10,HR,Mobile,FTP,459,4.58,3,NO,TAKORADI
2366,2026-12-23 00:22:05,VLan10,HR,Mobile,HTTP,404,2.57,5,NO,TEMA
2367,2026-07-09 12:47:20,VLan10,HR,Desktop,HTTPS,551,3.2,5,NO,Tamale
2368,2026-08-09 05:28:22,VLan10,HR,Router,SSH,216,3.72,5,NO,ACCRA
2369,2026-10-01 16:51:18,VLan10,HR,Desktop,SSH,402,1.89,15,NO,KUMASI
2370,2026-08-13 21:05:17,VLan20,Finance,Mobile,SSH,111,4.57,7,NO,TAKORADI
2371,2026-01-23 03:35:16,VLan10,HR,Router,HTTPS,446,4.39,14,NO,TEMA
2372,2026-03-03 00:48:33,VLan30,IT,Laptop,HTTP,1150,3.39,11,NO,TAKORADI
2373,2026-06-22 15:17:18,VLan30,IT,Server,SMTP,1192,3.76,15,NO,ACCRA
2374,2026-10-15 01:17:35,VLan40,Sales,Router,HTTPS,532,3.84,10,NO,TEMA
2375,2026-10-12 10:00:33,VLan10,HR,Server,HTTPS,518,3.95,13,NO,TAKORADI
2376,2026-06-23 06:10:27,VLan20,Finance,Router,HTTP,409,1.75,5,NO,TEMA
2377,2026-07-31 05:27:28,VLan10,HR,Server,DNS,411,4.4,5,NO,Tamale
2378,2026-06-04 21:16:29,VLan20,Finance,Laptop,HTTP,304,1.4,8,NO,Tamale
2379,2026-08-16 17:08:56,VLan10,HR,Server,SSH,472,0.37,12,NO,Tamale
2380,2026-12-03 00:41:00,VLan10,HR,Server,DNS,673,3.46,12,NO,TAKORADI
2381,2026-01-17 15:55:14,VLan20,Finance,Mobile,DNS,453,3.51,14,NO,TEMA
2382,2026-01-21 04:31:09,VLan20,Finance,Desktop,DNS,428,0.96,2,NO,ACCRA
2383,2026-12-04 15:13:29,VLan20,Finance,Router,HTTP,132,1.41,1,NO,ACCRA
2384,2026-07-30 07:30:06,VLan10,HR,Mobile,HTTPS,405,1.61,1,NO,TEMA
2385,2026-02-19 20:04:11,VLan30,IT,Server,HTTP,1196,3.53,1,NO,TEMA
2386,2026-12-07 03:58:02,VLan10,HR,Mobile,HTTPS,497,4.53,15,NO,ACCRA
2387,2026-04-18 23:44:05,VLan40,Sales,Server,HTTP,257,4.62,9,NO,TEMA
2388,2026-01-20 23:40:12,VLan10,HR,Mobile,FTP,123,2.21,15,NO,Tamale
2389,2026-11-21 04:33:41,VLan40,Sales,Desktop,HTTPS,188,4.12,14,NO,TAKORADI
2390,2026-12-14 17:14:12,VLan30,IT,Server,SSH,745,4.09,14,NO,TEMA
2391,2026-01-15 11:34:18,VLan10,HR,Mobile,HTTP,352,0.77,12,NO,KUMASI
2392,2026-06-14 22:28:50,VLan40,Sales,Desktop,FTP,531,0.19,11,NO,Tamale
2393,2026-07-08 04:03:34,VLan10,HR,Mobile,HTTPS,555,1.56,6,NO,TEMA
2394,2026-04-24 17:54:49,VLan30,IT,Mobile,HTTPS,582,4.35,9,NO,TEMA
2395,2026-12-02 02:55:52,VLan20,Finance,Mobile,SMTP,406,0.74,3,NO,Tamale
2396,2026-11-16 11:31:16,VLan20,Finance,Desktop,HTTP,229,3.66,6,NO,Tamale
2397,2026-01-29 06:39:26,VLan30,IT,Server,SMTP,902,0.75,15,NO,ACCRA
2398,2026-08-12 10:55:11,VLan30,IT,Mobile,HTTP,1091,3.13,8,NO,TAKORADI
2399,2026-07-09 13:55:49,VLan10,HR,Laptop,HTTPS,498,3.5,15,NO,ACCRA
2400,2026-08-01 16:44:58,VLan30,IT,Desktop,SMTP,975,4.6,5,NO,KUMASI
2401,2026-06-09 06:06:50,VLan40,Sales,Server,SSH,572,2.64,11,NO,Tamale
2402,2026-03-10 06:47:03,VLan30,IT,Laptop,SMTP,1032,0.88,11,NO,KUMASI
2403,2026-04-28 20:32:15,VLan20,Finance,Server,DNS,279,2.74,13,NO,KUMASI
2404,2026-01-06 21:09:49,VLan10,HR,Desktop,HTTPS,566,4.31,3,NO,TAKORADI
2405,2026-09-02 11:07:13,VLan40,Sales,Server,FTP,287,3.68,13,NO,Tamale
2406,2026-04-30 09:34:26,VLan30,IT,Server,HTTPS,827,0.97,6,NO,Tamale
2407,2026-08-30 23:02:23,VLan40,Sales,Server,HTTPS,112,2.83,3,NO,Tamale
2408,2026-10-19 12:58:36,VLan40,Sales,Mobile,HTTP,486,4.32,6,NO,KUMASI
2409,2026-10-13 06:31:10,VLan10,HR,Mobile,HTTP,690,2.43,10,NO,KUMASI
2410,2026-04-03 12:32:24,VLan10,HR,Router,HTTPS,298,1.81,6,NO,ACCRA
2411,2026-01-01 10:37:50,VLan40,Sales,Mobile,DNS,327,2.19,10,NO,KUMASI
2412,2026-09-03 08:29:32,VLan10,HR,Desktop,FTP,368,0.18,0,NO,TEMA
2413,2026-06-08 10:23:01,VLan40,Sales,Server,SSH,674,4.45,11,NO,KUMASI
2414,2026-07-08 04:36:48,VLan30,IT,Server,HTTPS,1174,1.81,3,NO,TAKORADI
2415,2026-12-17 21:54:48,VLan40,Sales,Mobile,FTP,508,0.11,6,NO,ACCRA
2416,2026-03-02 01:37:14,VLan40,Sales,Desktop,FTP,671,4.69,14,NO,TEMA
2417,2026-05-07 21:53:56,VLan10,HR,Desktop,HTTP,221,2.58,10,NO,KUMASI
2418,2026-01-08 04:23:03,VLan20,Finance,Mobile,DNS,250,2.71,7,NO,ACCRA
2419,2026-04-24 06:52:38,VLan10,HR,Server,HTTPS,194,2.76,11,NO,Tamale
2420,2026-04-15 21:21:19,VLan20,Finance,Router,SSH,181,1.62,1,NO,TEMA
2421,2026-02-16 07:53:32,VLan40,Sales,Mobile,SSH,235,1.79,15,NO,TEMA
2422,2026-08-05 17:25:03,VLan30,IT,Desktop,HTTP,921,3.87,6,NO,ACCRA
2423,2026-08-13 05:44:15,VLan40,Sales,Router,HTTPS,342,1,8,NO,KUMASI
2424,2026-06-10 12:34:02,VLan20,Finance,Desktop,SMTP,468,2.68,7,NO,KUMASI
2425,2026-11-06 00:58:56,VLan10,HR,Server,SSH,647,0.4,1,NO,Tamale
2426,2026-11-24 14:10:42,VLan20,Finance,Laptop,FTP,608,1.94,6,NO,TAKORADI
2427,2026-03-07 19:31:49,VLan20,Finance,Laptop,HTTP,353,1.99,0,NO,KUMASI
2428,2026-11-14 22:01:14,VLan10,HR,Desktop,SSH,416,0.03,9,NO,ACCRA
2429,2026-10-27 05:39:01,VLan20,Finance,Mobile,FTP,291,2.98,2,NO,Tamale
2430,2026-04-28 22:57:04,VLan20,Finance,Laptop,DNS,363,4.5,10,NO,KUMASI
2431,2026-07-03 20:58:55,VLan30,IT,Mobile,SMTP,995,2.62,9,NO,Tamale
2432,2026-05-24 21:08:46,VLan10,HR,Router,SMTP,183,1.22,12,NO,TEMA
2433,2026-12-01 13:03:08,VLan40,Sales,Mobile,FTP,562,4.99,0,NO,ACCRA
2434,2026-03-12 15:14:36,VLan30,IT,Laptop,DNS,905,0.71,2,NO,TAKORADI
2435,2026-08-04 13:59:34,VLan40,Sales,Server,HTTP,250,3.44,7,NO,TEMA
2436,2026-04-23 04:42:34,VLan40,Sales,Mobile,HTTP,239,2.43,4,NO,Tamale
2437,2026-07-23 05:01:38,VLan20,Finance,Mobile,SMTP,191,2.36,8,NO,Tamale
2438,2026-02-19 16:11:24,VLan30,IT,Mobile,HTTPS,911,0.09,2,NO,TAKORADI
2439,2026-09-03 18:43:43,VLan20,Finance,Mobile,FTP,313,3.54,6,NO,Tamale
2440,2026-07-01 11:16:55,VLan30,IT,Mobile,SSH,957,1.09,2,YES,Tamale
2441,2026-01-01 17:03:32,VLan30,IT,Mobile,HTTPS,912,2.38,2,NO,TEMA
2442,2026-01-28 14:39:36,VLan10,HR,Laptop,FTP,199,3.33,3,NO,TAKORADI
2443,2026-01-08 20:46:57,VLan10,HR,Server,HTTPS,661,2.71,12,NO,TAKORADI
2444,2026-10-01 02:49:20,VLan40,Sales,Mobile,DNS,480,3.49,7,NO,TEMA
2445,2026-06-02 23:02:54,VLan40,Sales,Router,SSH,524,2.72,9,NO,KUMASI
2446,2026-06-27 13:02:05,VLan40,Sales,Laptop,FTP,121,2.11,3,NO,Tamale
2447,2026-06-27 16:33:08,VLan30,IT,Server,HTTP,1080,2.8,3,NO,ACCRA
2448,2026-12-13 14:43:01,VLan10,HR,Desktop,HTTPS,488,0.98,15,NO,TAKORADI
2449,2026-07-11 00:50:13,VLan40,Sales,Desktop,HTTP,217,0.36,8,NO,TEMA
2450,2026-04-02 05:43:33,VLan30,IT,Router,HTTP,865,3.35,12,NO,ACCRA
2451,2026-01-04 16:42:32,VLan20,Finance,Mobile,FTP,109,0.96,9,NO,Tamale
2452,2026-06-11 07:07:25,VLan10,HR,Laptop,DNS,654,3.62,9,NO,KUMASI
2453,2026-01-20 23:15:42,VLan40,Sales,Server,DNS,113,1.8,1,NO,ACCRA
2454,2026-06-29 04:09:46,VLan20,Finance,Mobile,SMTP,482,4.98,0,NO,TEMA
2455,2026-07-10 15:25:43,VLan20,Finance,Server,SSH,202,1.06,4,NO,Tamale
2456,2026-01-08 22:38:56,VLan10,HR,Mobile,SMTP,382,2.88,10,NO,KUMASI
2457,2026-06-19 09:22:23,VLan10,HR,Desktop,SMTP,268,0.03,9,NO,ACCRA
2458,2026-10-31 12:40:16,VLan20,Finance,Desktop,HTTP,206,0.06,1,NO,TAKORADI
2459,2026-10-23 11:07:26,VLan20,Finance,Server,HTTP,619,4.18,4,NO,TEMA
2460,2026-08-29 05:05:21,VLan30,IT,Desktop,HTTPS,557,0.94,11,NO,TEMA
2461,2026-08-17 13:56:09,VLan30,IT,Server,HTTP,606,0.14,9,NO,ACCRA
2462,2026-08-11 21:21:13,VLan20,Finance,Laptop,FTP,511,1.65,14,NO,TAKORADI
2463,2026-07-26 10:36:59,VLan40,Sales,Server,DNS,512,3.26,13,NO,TAKORADI
2464,2026-06-09 03:24:10,VLan40,Sales,Server,HTTP,664,1.65,9,NO,KUMASI
2465,2026-05-14 15:16:20,VLan10,HR,Router,HTTPS,529,2.18,12,NO,TAKORADI
2466,2026-06-22 13:26:08,VLan10,HR,Mobile,FTP,488,2.81,11,NO,ACCRA
2467,2026-12-13 13:04:18,VLan30,IT,Mobile,HTTPS,1193,0.46,4,NO,TEMA
2468,2026-03-09 13:13:01,VLan40,Sales,Server,FTP,263,2.87,0,NO,ACCRA
2469,2026-09-05 00:36:07,VLan30,IT,Router,SMTP,894,4,8,NO,Tamale
2470,2026-08-12 08:48:38,VLan20,Finance,Mobile,FTP,335,2.69,12,NO,KUMASI
2471,2026-09-23 16:05:30,VLan30,IT,Mobile,HTTP,671,4.5,5,NO,TEMA
2472,2026-01-16 22:01:42,VLan30,IT,Laptop,SSH,987,4.64,3,YES,KUMASI
2473,2026-01-22 16:33:54,VLan20,Finance,Desktop,SSH,273,2.03,10,NO,ACCRA
2474,2026-11-19 12:22:06,VLan40,Sales,Desktop,DNS,596,0.21,9,NO,ACCRA
2475,2026-08-26 20:35:27,VLan30,IT,Laptop,SMTP,969,1.26,3,NO,TEMA
2476,2026-03-27 06:09:39,VLan30,IT,Desktop,SSH,1074,1.11,14,YES,Tamale
2477,2026-06-20 23:16:48,VLan20,Finance,Desktop,SSH,645,3.7,11,NO,ACCRA
2478,2026-01-14 13:03:09,VLan20,Finance,Server,HTTPS,649,0.51,0,NO,TEMA
2479,2026-09-16 18:50:58,VLan40,Sales,Laptop,HTTPS,169,2.69,8,NO,KUMASI
2480,2026-03-08 07:49:43,VLan20,Finance,Server,FTP,146,2.87,13,NO,TEMA
2481,2026-12-14 05:18:39,VLan20,Finance,Mobile,SSH,612,2.6,9,NO,TEMA
2482,2026-01-28 13:41:31,VLan10,HR,Mobile,HTTPS,424,2.95,7,NO,ACCRA
2483,2026-04-03 02:16:08,VLan20,Finance,Mobile,FTP,533,2.69,6,NO,ACCRA
2484,2026-09-05 14:52:08,VLan10,HR,Desktop,SMTP,560,4.06,1,NO,ACCRA
2485,2026-11-21 20:33:14,VLan30,IT,Router,HTTP,537,2.27,13,NO,TEMA
2486,2026-04-18 09:11:08,VLan40,Sales,Mobile,DNS,121,2.63,12,NO,KUMASI
2487,2026-12-24 17:36:36,VLan30,IT,Mobile,HTTP,655,0.61,12,NO,TEMA
2488,2026-10-26 12:41:50,VLan10,HR,Router,SMTP,160,2.11,6,NO,ACCRA
2489,2026-10-03 11:55:04,VLan20,Finance,Mobile,DNS,334,3.54,15,NO,KUMASI
2490,2026-03-06 07:58:31,VLan40,Sales,Desktop,HTTP,304,4.85,5,NO,TAKORADI
2491,2026-08-01 01:25:06,VLan20,Finance,Mobile,FTP,512,2.54,9,NO,Tamale
2492,2026-03-10 04:43:05,VLan30,IT,Server,SSH,1177,0.27,1,YES,ACCRA
2493,2026-11-01 23:55:30,VLan40,Sales,Router,HTTPS,573,1.47,1,NO,Tamale
2494,2026-09-07 21:18:40,VLan20,Finance,Laptop,DNS,410,4.53,1,NO,Tamale
2495,2026-10-06 15:13:18,VLan10,HR,Desktop,SMTP,504,3.87,6,NO,KUMASI
2496,2026-12-10 15:44:33,VLan10,HR,Mobile,HTTP,131,2.15,2,NO,TEMA
2497,2026-11-27 13:39:02,VLan10,HR,Laptop,FTP,169,4.62,14,NO,Tamale
2498,2026-10-16 03:10:01,VLan10,HR,Desktop,DNS,221,1.05,8,NO,KUMASI
2499,2026-04-06 19:22:29,VLan40,Sales,Router,SSH,455,4.89,0,NO,KUMASI
2500,2026-04-20 13:45:39,VLan40,Sales,Router,SSH,538,2.23,0,NO,KUMASI
2501,2026-12-04 21:19:16,VLan10,HR,Laptop,HTTPS,455,0.27,5,NO,ACCRA
2502,2026-04-27 07:33:13,VLan30,IT,Desktop,FTP,1014,3.69,12,YES,KUMASI
2503,2026-01-07 16:11:34,VLan20,Finance,Laptop,HTTPS,614,3.12,6,NO,TEMA
2504,2026-01-05 06:20:55,VLan10,HR,Desktop,SSH,204,4.71,14,NO,Tamale
2505,2026-08-13 08:58:51,VLan30,IT,Server,HTTPS,1064,1.89,4,NO,ACCRA
2506,2026-09-11 02:44:58,VLan30,IT,Server,SSH,1141,4.81,3,YES,Tamale
2507,2026-08-23 11:23:19,VLan40,Sales,Server,DNS,142,3.18,0,NO,KUMASI
2508,2026-09-17 01:46:42,VLan30,IT,Router,SSH,820,2.43,12,NO,ACCRA
2509,2026-01-18 11:03:25,VLan10,HR,Laptop,SSH,385,3.18,6,NO,TEMA
2510,2026-01-06 13:22:21,VLan10,HR,Laptop,SMTP,493,2.77,5,NO,TEMA
2511,2026-09-29 17:43:28,VLan30,IT,Laptop,HTTPS,569,4.01,3,NO,TEMA
2512,2026-11-21 04:11:58,VLan40,Sales,Desktop,SSH,544,4.27,13,NO,Tamale
2513,2026-05-15 14:20:42,VLan20,Finance,Router,DNS,421,0.69,6,NO,Tamale
2514,2026-09-12 10:13:40,VLan30,IT,Laptop,HTTP,555,4.2,10,NO,Tamale
2515,2026-04-19 07:08:41,VLan30,IT,Router,SSH,1137,4.99,4,YES,TEMA
2516,2026-08-03 13:11:21,VLan20,Finance,Mobile,HTTP,680,2.02,13,NO,ACCRA
2517,2026-07-04 06:23:58,VLan30,IT,Router,DNS,1199,0.39,10,NO,ACCRA
2518,2026-01-23 11:54:36,VLan20,Finance,Mobile,HTTP,128,1.86,1,NO,TEMA
2519,2026-09-20 15:33:10,VLan20,Finance,Router,HTTPS,660,3.34,8,NO,TEMA
2520,2026-06-24 19:25:42,VLan10,HR,Mobile,HTTPS,571,0.79,5,NO,TEMA
2521,2026-06-02 18:36:29,VLan20,Finance,Mobile,SSH,231,1.45,3,NO,Tamale
2522,2026-12-29 04:35:13,VLan40,Sales,Router,SMTP,450,0.8,9,NO,TEMA
2523,2026-03-01 14:17:54,VLan30,IT,Router,SSH,709,4.88,4,NO,TEMA
2524,2026-07-05 02:31:17,VLan20,Finance,Desktop,DNS,102,2.65,2,NO,TAKORADI
2525,2026-08-08 12:22:26,VLan10,HR,Router,SSH,158,2.94,0,NO,TAKORADI
2526,2026-09-17 07:28:47,VLan10,HR,Router,SSH,175,0.58,14,NO,ACCRA
2527,2026-12-11 13:39:35,VLan40,Sales,Mobile,SSH,344,0.75,11,NO,TAKORADI
2528,2026-12-23 07:26:54,VLan20,Finance,Server,HTTP,396,2.19,12,NO,TAKORADI
2529,2026-10-03 02:41:30,VLan40,Sales,Mobile,SMTP,367,1.28,2,NO,ACCRA
2530,2026-12-17 18:16:22,VLan30,IT,Desktop,SSH,918,0.11,10,YES,TEMA
2531,2026-04-12 22:40:46,VLan10,HR,Router,DNS,182,2.45,10,NO,TEMA
2532,2026-10-25 12:06:55,VLan20,Finance,Desktop,DNS,100,4.65,8,NO,ACCRA
2533,2026-01-10 13:39:31,VLan30,IT,Mobile,HTTPS,758,2.71,9,NO,TAKORADI
2534,2026-05-20 09:45:14,VLan20,Finance,Router,DNS,606,1.14,7,NO,TEMA
2535,2026-04-30 09:54:54,VLan40,Sales,Router,SMTP,283,2.5,0,NO,KUMASI
2536,2026-03-13 08:54:46,VLan10,HR,Router,SSH,575,3.48,0,NO,TAKORADI
2537,2026-06-02 18:09:39,VLan40,Sales,Mobile,SMTP,661,2.7,10,NO,TEMA
2538,2026-04-27 22:29:03,VLan30,IT,Desktop,HTTPS,1052,1.95,6,NO,ACCRA
2539,2026-12-26 11:01:13,VLan30,IT,Laptop,SSH,965,0.6,5,YES,KUMASI
2540,2026-05-04 14:39:02,VLan30,IT,Server,HTTPS,916,0.48,0,NO,TAKORADI
2541,2026-04-02 18:16:58,VLan10,HR,Router,HTTP,428,1.72,4,NO,Tamale
2542,2026-06-22 00:29:14,VLan40,Sales,Mobile,FTP,533,1.5,1,NO,KUMASI
2543,2026-07-17 15:21:53,VLan40,Sales,Mobile,DNS,317,4.76,10,NO,TAKORADI
2544,2026-01-21 07:10:19,VLan30,IT,Server,SMTP,739,3.34,5,NO,TAKORADI
2545,2026-02-04 19:31:18,VLan40,Sales,Desktop,FTP,432,1.94,3,NO,Tamale
2546,2026-09-29 06:27:20,VLan40,Sales,Router,HTTPS,378,1.23,13,NO,ACCRA
2547,2026-03-24 03:58:56,VLan20,Finance,Router,SMTP,532,1.2,1,NO,ACCRA
2548,2026-04-09 21:33:36,VLan10,HR,Laptop,HTTP,473,0.51,4,NO,TAKORADI
2549,2026-08-03 20:23:08,VLan40,Sales,Server,HTTPS,279,2.84,3,NO,ACCRA
2550,2026-07-14 13:16:19,VLan10,HR,Laptop,HTTP,354,2.73,3,NO,ACCRA
2551,2026-07-26 21:46:27,VLan10,HR,Desktop,SSH,167,3.28,0,NO,Tamale
2552,2026-07-15 05:08:49,VLan30,IT,Router,SMTP,572,3.47,5,NO,Tamale
2553,2026-01-28 20:18:12,VLan40,Sales,Router,HTTPS,294,0.42,14,NO,TEMA
2554,2026-03-12 07:08:35,VLan20,Finance,Server,HTTP,164,3.08,10,NO,KUMASI
2555,2026-08-18 01:44:29,VLan30,IT,Desktop,SMTP,843,3.26,13,NO,Tamale
2556,2026-05-22 06:22:36,VLan10,HR,Router,SMTP,487,4.11,11,NO,TEMA
2557,2026-03-01 00:29:22,VLan20,Finance,Desktop,SMTP,509,1.51,6,NO,KUMASI
2558,2026-07-06 09:40:59,VLan10,HR,Server,HTTPS,504,2.93,8,NO,TEMA
2559,2026-12-24 11:19:32,VLan20,Finance,Desktop,DNS,157,3.97,7,NO,TEMA
2560,2026-07-16 04:49:30,VLan40,Sales,Laptop,FTP,654,2.13,13,NO,Tamale
2561,2026-11-08 20:55:34,VLan30,IT,Router,FTP,617,3.91,0,NO,Tamale
2562,2026-02-01 22:43:54,VLan30,IT,Laptop,DNS,1081,4.43,15,NO,TEMA
2563,2026-07-26 00:19:03,VLan30,IT,Laptop,HTTP,1032,4.15,8,NO,KUMASI
2564,2026-04-16 21:13:35,VLan20,Finance,Router,HTTPS,281,1.2,6,NO,TEMA
2565,2026-09-04 02:47:58,VLan20,Finance,Desktop,SSH,388,3.02,10,NO,TEMA
2566,2026-08-09 19:06:04,VLan10,HR,Server,HTTP,483,2.13,0,NO,ACCRA
2567,2026-01-03 09:42:06,VLan20,Finance,Router,FTP,570,2.92,0,NO,TEMA
2568,2026-11-08 12:51:47,VLan10,HR,Mobile,SMTP,456,1.08,10,NO,ACCRA
2569,2026-02-13 11:23:45,VLan20,Finance,Mobile,HTTPS,189,1.77,11,NO,Tamale
2570,2026-09-21 19:44:07,VLan40,Sales,Server,HTTPS,553,1.1,2,NO,TEMA
2571,2026-05-25 07:50:33,VLan30,IT,Router,DNS,1126,4.54,8,NO,TAKORADI
2572,2026-05-15 16:40:19,VLan10,HR,Laptop,HTTP,188,4.43,4,NO,ACCRA
2573,2026-07-29 13:36:25,VLan20,Finance,Desktop,DNS,380,3.94,0,NO,TEMA
2574,2026-01-22 15:49:14,VLan10,HR,Router,SMTP,262,0.73,5,NO,ACCRA
2575,2026-01-09 07:36:41,VLan40,Sales,Router,SMTP,279,0.4,14,NO,TAKORADI
2576,2026-06-09 06:09:57,VLan30,IT,Laptop,SMTP,606,2.13,13,NO,KUMASI
2577,2026-03-17 17:48:15,VLan40,Sales,Desktop,HTTPS,476,4.37,3,NO,ACCRA
2578,2026-11-11 02:00:00,VLan10,HR,Server,SSH,344,3.53,15,NO,TEMA
2579,2026-11-08 02:11:52,VLan40,Sales,Mobile,HTTP,630,0.93,4,NO,ACCRA
2580,2026-01-01 11:21:33,VLan10,HR,Router,SSH,637,3.49,12,NO,TAKORADI
2581,2026-01-26 04:52:01,VLan40,Sales,Server,FTP,700,3.72,7,NO,TEMA
2582,2026-06-02 12:27:09,VLan30,IT,Router,HTTP,825,1.96,7,NO,KUMASI
2583,2026-06-19 03:46:22,VLan30,IT,Server,HTTPS,989,4.4,5,NO,Tamale
2584,2026-10-26 02:26:23,VLan20,Finance,Server,DNS,356,4.89,15,NO,TAKORADI
2585,2026-06-10 08:05:09,VLan30,IT,Server,SMTP,631,4.88,12,NO,ACCRA
2586,2026-01-31 11:20:21,VLan20,Finance,Router,SMTP,372,3.36,14,NO,KUMASI
2587,2026-09-26 13:00:43,VLan20,Finance,Laptop,DNS,236,2.75,3,NO,ACCRA
2588,2026-10-14 21:45:28,VLan30,IT,Server,SSH,729,4.2,7,NO,KUMASI
2589,2026-10-07 19:45:38,VLan30,IT,Laptop,FTP,1123,2,15,YES,ACCRA
2590,2026-04-21 12:54:01,VLan40,Sales,Laptop,HTTP,298,1.49,7,NO,KUMASI
2591,2026-03-08 21:26:31,VLan30,IT,Laptop,SMTP,888,2.63,3,NO,TEMA
2592,2026-08-31 19:23:44,VLan40,Sales,Laptop,SSH,419,4.74,10,NO,Tamale
2593,2026-03-25 04:48:18,VLan20,Finance,Laptop,SSH,174,3.67,14,NO,ACCRA
2594,2026-05-20 07:17:23,VLan10,HR,Laptop,HTTP,616,2.87,14,NO,KUMASI
2595,2026-04-21 09:28:00,VLan20,Finance,Router,HTTP,429,4.83,7,NO,KUMASI
2596,2026-09-21 07:24:19,VLan10,HR,Mobile,HTTPS,673,2.99,10,NO,TAKORADI
2597,2026-05-05 00:46:03,VLan20,Finance,Mobile,DNS,175,4.35,10,NO,TEMA
2598,2026-02-08 05:52:37,VLan10,HR,Laptop,HTTPS,491,3.94,0,NO,Tamale
2599,2026-06-27 21:24:40,VLan30,IT,Server,HTTPS,534,0.49,1,NO,TAKORADI
2600,2026-08-23 10:33:13,VLan30,IT,Mobile,SSH,581,1.2,12,NO,Tamale
2601,2026-10-21 04:33:13,VLan10,HR,Mobile,FTP,254,3.78,7,NO,Tamale
2602,2026-01-03 10:08:27,VLan10,HR,Mobile,SSH,611,3.67,3,NO,ACCRA
2603,2026-11-06 14:19:47,VLan30,IT,Laptop,HTTPS,1148,2.14,15,NO,TEMA
2604,2026-04-01 15:56:29,VLan10,HR,Desktop,DNS,172,2.64,1,NO,TEMA
2605,2026-01-18 19:27:27,VLan20,Finance,Router,SMTP,373,0.57,6,NO,KUMASI
2606,2026-06-28 20:42:38,VLan10,HR,Desktop,HTTP,480,3.12,2,NO,KUMASI
2607,2026-10-27 15:51:16,VLan40,Sales,Mobile,SMTP,668,2.08,5,NO,ACCRA
2608,2026-07-07 22:45:13,VLan20,Finance,Server,HTTP,275,1.57,6,NO,Tamale
2609,2026-03-04 00:42:17,VLan10,HR,Laptop,DNS,133,3.55,5,NO,TEMA
2610,2026-07-10 17:05:55,VLan40,Sales,Mobile,HTTPS,109,3.69,0,NO,TEMA
2611,2026-11-13 03:27:11,VLan30,IT,Router,FTP,860,3.08,0,NO,Tamale
2612,2026-10-13 21:50:19,VLan10,HR,Desktop,DNS,522,0.87,13,NO,Tamale
2613,2026-01-05 18:52:27,VLan10,HR,Mobile,HTTP,637,4.98,13,NO,TAKORADI
2614,2026-01-22 03:19:38,VLan20,Finance,Mobile,DNS,596,4.92,1,NO,Tamale
2615,2026-09-03 00:53:44,VLan40,Sales,Laptop,DNS,179,1.97,15,NO,TEMA
2616,2026-08-03 16:29:48,VLan20,Finance,Mobile,DNS,495,4.51,14,NO,TAKORADI
2617,2026-12-01 20:17:40,VLan30,IT,Server,HTTP,597,3.78,6,NO,ACCRA
2618,2026-05-23 18:13:27,VLan40,Sales,Mobile,SMTP,675,0.99,4,NO,Tamale
2619,2026-11-05 03:49:50,VLan30,IT,Router,SSH,690,0.83,4,NO,TEMA
2620,2026-07-31 13:53:42,VLan20,Finance,Laptop,FTP,536,1.34,15,NO,KUMASI
2621,2026-04-17 09:52:06,VLan40,Sales,Laptop,SMTP,106,4.11,5,NO,Tamale
2622,2026-06-19 04:57:38,VLan20,Finance,Laptop,FTP,535,1.88,10,NO,Tamale
2623,2026-01-16 17:44:49,VLan40,Sales,Laptop,HTTP,444,1.15,13,NO,KUMASI
2624,2026-12-21 08:41:21,VLan30,IT,Desktop,HTTP,560,0.24,6,NO,KUMASI
2625,2026-11-30 22:20:12,VLan30,IT,Mobile,SSH,1050,0.31,4,YES,KUMASI
2626,2026-06-07 17:37:06,VLan40,Sales,Mobile,HTTPS,548,1.61,13,NO,TAKORADI
2627,2026-05-07 05:43:59,VLan10,HR,Mobile,SMTP,407,1.79,6,NO,TEMA
2628,2026-02-26 06:12:02,VLan30,IT,Laptop,FTP,843,3.28,2,NO,TAKORADI
2629,2026-01-23 12:27:38,VLan10,HR,Router,HTTP,435,0.29,5,NO,Tamale
2630,2026-12-06 15:39:46,VLan40,Sales,Mobile,DNS,106,1.14,6,NO,KUMASI
2631,2026-10-24 17:14:37,VLan10,HR,Router,SSH,322,4.79,6,NO,TEMA
2632,2026-01-13 21:10:51,VLan20,Finance,Server,FTP,482,4.95,0,NO,TAKORADI
2633,2026-11-21 22:33:25,VLan20,Finance,Laptop,HTTP,519,0.51,12,NO,TEMA
2634,2026-11-16 23:55:52,VLan30,IT,Server,HTTP,1105,4.01,10,NO,KUMASI
2635,2026-08-25 10:10:34,VLan30,IT,Router,SSH,1125,4.35,15,YES,ACCRA
2636,2026-02-09 00:25:52,VLan40,Sales,Server,SSH,636,3.45,11,NO,TEMA
2637,2026-03-29 21:44:01,VLan10,HR,Desktop,SMTP,676,0.46,1,NO,KUMASI
2638,2026-06-03 05:34:18,VLan40,Sales,Laptop,HTTP,362,4.29,3,NO,KUMASI
2639,2026-02-19 00:57:03,VLan10,HR,Mobile,HTTPS,471,0.33,12,NO,KUMASI
2640,2026-06-25 20:43:51,VLan40,Sales,Server,SSH,446,1.92,0,NO,TEMA
2641,2026-10-04 01:38:10,VLan40,Sales,Laptop,SSH,483,3.11,13,NO,ACCRA
2642,2026-08-24 04:23:52,VLan40,Sales,Laptop,SSH,310,2,3,NO,ACCRA
2643,2026-08-19 12:31:24,VLan30,IT,Router,DNS,528,0.39,0,NO,TEMA
2644,2026-05-26 13:46:35,VLan30,IT,Desktop,DNS,1152,1.9,11,NO,ACCRA
2645,2026-07-13 15:47:32,VLan20,Finance,Router,FTP,284,2.41,3,NO,Tamale
2646,2026-06-09 18:12:42,VLan40,Sales,Mobile,HTTPS,315,0.93,10,NO,TEMA
2647,2026-10-31 21:45:01,VLan30,IT,Router,FTP,707,1.45,1,NO,TEMA
2648,2026-05-04 18:23:49,VLan40,Sales,Laptop,HTTPS,228,3.96,3,NO,Tamale
2649,2026-01-08 22:16:39,VLan30,IT,Server,FTP,805,1.12,3,NO,TEMA
2650,2026-07-20 13:43:34,VLan10,HR,Server,HTTPS,452,0.05,5,NO,Tamale
2651,2026-01-06 17:11:40,VLan10,HR,Laptop,SMTP,397,0.38,4,NO,ACCRA
2652,2026-04-25 09:19:01,VLan10,HR,Server,SMTP,219,3.54,15,NO,TEMA
2653,2026-10-15 07:59:15,VLan40,Sales,Mobile,SMTP,616,2.07,8,NO,TAKORADI
2654,2026-01-05 22:22:15,VLan40,Sales,Mobile,HTTP,190,2.72,0,NO,TAKORADI
2655,2026-03-09 01:04:26,VLan30,IT,Mobile,SSH,799,0.76,12,NO,ACCRA
2656,2026-04-29 19:05:12,VLan40,Sales,Mobile,SMTP,152,0.58,5,NO,Tamale
2657,2026-11-16 23:58:02,VLan30,IT,Mobile,HTTPS,1181,2.12,4,NO,ACCRA
2658,2026-11-21 13:21:20,VLan10,HR,Desktop,HTTPS,231,0.22,14,NO,Tamale
2659,2026-05-30 15:47:47,VLan40,Sales,Laptop,HTTP,427,4.04,6,NO,ACCRA
2660,2026-05-17 22:18:19,VLan40,Sales,Server,SSH,501,3.79,11,NO,ACCRA
2661,2026-12-14 17:37:01,VLan20,Finance,Server,FTP,625,1.34,6,NO,TAKORADI
2662,2026-03-08 21:06:55,VLan40,Sales,Mobile,SMTP,323,4.74,0,NO,Tamale
2663,2026-11-26 02:46:00,VLan20,Finance,Desktop,SSH,517,3.6,12,NO,ACCRA
2664,2026-10-11 00:43:51,VLan20,Finance,Mobile,HTTPS,475,0.29,14,NO,TEMA
2665,2026-01-29 00:13:37,VLan40,Sales,Laptop,DNS,139,3.17,12,NO,TEMA
2666,2026-01-06 01:03:45,VLan10,HR,Router,SMTP,442,0.83,10,NO,Tamale
2667,2026-07-08 19:52:31,VLan30,IT,Server,SSH,963,0.18,5,YES,ACCRA
2668,2026-06-23 19:52:11,VLan20,Finance,Router,DNS,276,0.94,13,NO,TEMA
2669,2026-08-19 07:39:16,VLan40,Sales,Server,DNS,563,3.31,10,NO,Tamale
2670,2026-07-28 15:06:08,VLan10,HR,Server,HTTP,406,3.07,12,NO,Tamale
2671,2026-03-16 04:42:48,VLan20,Finance,Laptop,HTTPS,562,0.99,11,NO,Tamale
2672,2026-09-16 09:08:53,VLan40,Sales,Router,HTTPS,573,2.41,3,NO,TEMA
2673,2026-06-22 07:12:32,VLan20,Finance,Server,HTTPS,110,3.17,15,NO,Tamale
2674,2026-02-13 20:05:03,VLan20,Finance,Laptop,DNS,158,0.12,14,NO,ACCRA
2675,2026-12-14 00:52:21,VLan20,Finance,Desktop,SSH,502,2.35,2,NO,TEMA
2676,2026-01-23 06:44:15,VLan40,Sales,Router,HTTP,463,1.8,10,NO,TEMA
2677,2026-06-28 10:24:33,VLan20,Finance,Server,HTTPS,322,1.18,7,NO,TAKORADI
2678,2026-02-05 22:53:39,VLan40,Sales,Router,FTP,595,3.63,5,NO,TAKORADI
2679,2026-09-09 14:43:59,VLan20,Finance,Router,HTTP,224,0.02,8,NO,TEMA
2680,2026-06-08 19:15:35,VLan30,IT,Laptop,HTTPS,706,3.83,3,NO,Tamale
2681,2026-09-15 16:39:04,VLan30,IT,Server,HTTPS,589,1.38,9,NO,TEMA
2682,2026-12-19 08:25:10,VLan40,Sales,Desktop,SSH,668,1.7,0,NO,Tamale
2683,2026-07-01 06:58:28,VLan10,HR,Server,DNS,352,3.21,12,NO,TEMA
2684,2026-06-12 17:21:07,VLan30,IT,Mobile,DNS,703,4.96,15,NO,TAKORADI
2685,2026-06-06 04:23:39,VLan10,HR,Laptop,HTTP,693,3.94,1,NO,TEMA
2686,2026-12-26 21:59:19,VLan40,Sales,Mobile,HTTPS,511,1.93,9,NO,ACCRA
2687,2026-05-25 13:14:29,VLan30,IT,Router,SSH,821,1.69,1,NO,KUMASI
2688,2026-05-17 18:29:15,VLan20,Finance,Router,HTTPS,694,1.79,4,NO,ACCRA
2689,2026-04-23 00:03:37,VLan40,Sales,Mobile,HTTP,668,1.63,5,NO,Tamale
2690,2026-04-22 10:09:39,VLan10,HR,Laptop,HTTP,698,1.2,5,NO,ACCRA
2691,2026-05-01 08:43:57,VLan40,Sales,Desktop,DNS,373,4.29,8,NO,TAKORADI
2692,2026-05-08 00:08:00,VLan10,HR,Laptop,HTTPS,242,1.87,5,NO,ACCRA
2693,2026-01-16 20:17:43,VLan40,Sales,Laptop,HTTP,368,3.04,9,NO,TEMA
2694,2026-03-07 22:10:55,VLan40,Sales,Laptop,SMTP,415,0.77,4,NO,TEMA
2695,2026-11-14 06:23:15,VLan30,IT,Mobile,SMTP,583,2.89,5,NO,KUMASI
2696,2026-04-06 13:25:25,VLan30,IT,Server,HTTP,1025,2.93,13,NO,TEMA
2697,2026-07-18 22:57:17,VLan20,Finance,Router,DNS,459,4.14,0,NO,ACCRA
2698,2026-03-08 05:44:25,VLan30,IT,Server,FTP,668,0.94,9,NO,ACCRA
2699,2026-08-20 16:07:46,VLan20,Finance,Mobile,FTP,495,3.31,5,NO,TEMA
2700,2026-10-28 11:02:44,VLan30,IT,Desktop,SSH,532,1.44,1,NO,TAKORADI
2701,2026-07-22 17:42:43,VLan20,Finance,Laptop,FTP,262,2.63,4,NO,TEMA
2702,2026-12-17 08:21:51,VLan30,IT,Desktop,SSH,1033,3.44,2,YES,TAKORADI
2703,2026-02-24 15:06:14,VLan30,IT,Desktop,SMTP,822,1.44,5,NO,Tamale
2704,2026-06-18 06:55:03,VLan30,IT,Server,SMTP,1148,1.1,13,NO,TAKORADI
2705,2026-11-14 22:18:07,VLan20,Finance,Server,HTTP,305,3.19,0,NO,TEMA
2706,2026-01-17 08:58:43,VLan40,Sales,Router,SMTP,484,4.99,3,NO,ACCRA
2707,2026-06-21 04:06:55,VLan20,Finance,Mobile,SMTP,332,2.09,0,NO,KUMASI
2708,2026-05-16 02:56:37,VLan10,HR,Desktop,HTTPS,291,4.28,12,NO,ACCRA
2709,2026-02-14 00:44:47,VLan10,HR,Router,HTTP,546,0.02,2,NO,TAKORADI
2710,2026-11-03 22:56:38,VLan10,HR,Router,HTTPS,660,0.75,6,NO,TEMA
2711,2026-03-21 12:32:28,VLan10,HR,Laptop,SSH,500,1.57,14,NO,TEMA
2712,2026-06-29 06:53:10,VLan40,Sales,Router,DNS,101,2.15,1,NO,KUMASI
2713,2026-10-26 01:12:54,VLan20,Finance,Laptop,HTTP,202,3.08,7,NO,TEMA
2714,2026-11-01 22:12:34,VLan30,IT,Laptop,SMTP,639,1.73,10,NO,ACCRA
2715,2026-04-07 15:58:35,VLan40,Sales,Laptop,HTTPS,657,0.31,3,NO,TEMA
2716,2026-11-26 16:16:01,VLan10,HR,Server,HTTP,358,2.37,0,NO,ACCRA
2717,2026-05-11 00:38:27,VLan10,HR,Server,FTP,311,0.67,3,NO,ACCRA
2718,2026-02-28 00:40:01,VLan40,Sales,Laptop,HTTPS,311,1.19,15,NO,KUMASI
2719,2026-10-01 16:50:18,VLan20,Finance,Mobile,FTP,266,0.68,13,NO,Tamale
2720,2026-10-22 15:34:05,VLan40,Sales,Laptop,FTP,274,2.65,4,NO,ACCRA
2721,2026-10-19 22:54:08,VLan40,Sales,Mobile,FTP,668,4.33,12,NO,KUMASI
2722,2026-12-25 22:11:51,VLan10,HR,Laptop,HTTP,141,4.87,0,NO,KUMASI
2723,2026-02-19 20:34:53,VLan20,Finance,Router,DNS,539,2.48,3,NO,TAKORADI
2724,2026-04-10 20:32:44,VLan20,Finance,Mobile,HTTP,281,2.65,3,NO,TAKORADI
2725,2026-03-14 18:29:43,VLan40,Sales,Desktop,SMTP,126,3.9,5,NO,TAKORADI
2726,2026-05-29 23:14:44,VLan40,Sales,Laptop,DNS,362,1.86,6,NO,ACCRA
2727,2026-06-27 14:43:51,VLan20,Finance,Mobile,SMTP,659,2,8,NO,KUMASI
2728,2026-10-15 20:15:59,VLan30,IT,Desktop,DNS,840,3.9,12,NO,TEMA
2729,2026-07-27 23:14:31,VLan20,Finance,Mobile,HTTPS,113,2.33,3,NO,TAKORADI
2730,2026-06-22 06:43:34,VLan20,Finance,Server,FTP,295,4.57,2,NO,TAKORADI
2731,2026-07-16 16:30:51,VLan40,Sales,Desktop,DNS,369,1.1,11,NO,ACCRA
2732,2026-10-14 15:01:01,VLan40,Sales,Mobile,SSH,341,2.52,3,NO,ACCRA
2733,2026-03-26 20:06:23,VLan20,Finance,Desktop,HTTPS,338,3.75,14,NO,Tamale
2734,2026-08-21 21:59:03,VLan40,Sales,Mobile,FTP,417,1.16,6,NO,ACCRA
2735,2026-03-30 18:46:58,VLan30,IT,Mobile,SSH,686,3.93,13,NO,Tamale
2736,2026-11-26 21:33:41,VLan40,Sales,Laptop,HTTP,668,0.15,6,NO,Tamale
2737,2026-01-22 15:49:25,VLan30,IT,Server,SSH,597,2.81,5,NO,TAKORADI
2738,2026-08-11 19:58:22,VLan20,Finance,Router,SSH,510,2.44,6,NO,TEMA
2739,2026-12-13 20:42:41,VLan40,Sales,Laptop,FTP,254,1.37,1,NO,KUMASI
2740,2026-04-01 23:35:29,VLan40,Sales,Router,FTP,380,1.21,13,NO,ACCRA
2741,2026-08-27 11:27:22,VLan30,IT,Server,SMTP,1083,1.1,7,NO,TEMA
2742,2026-06-17 00:35:24,VLan20,Finance,Server,SSH,684,3.81,6,NO,ACCRA
2743,2026-12-06 19:41:16,VLan30,IT,Router,HTTPS,830,0.17,9,NO,TAKORADI
2744,2026-03-27 17:01:21,VLan40,Sales,Router,SSH,334,2.33,9,NO,TEMA
2745,2026-01-11 02:06:44,VLan30,IT,Mobile,HTTPS,760,4.93,11,NO,KUMASI
2746,2026-07-26 20:01:35,VLan10,HR,Mobile,SMTP,319,4.55,4,NO,Tamale
2747,2026-07-21 02:31:51,VLan30,IT,Laptop,HTTP,660,2.33,14,NO,ACCRA
2748,2026-12-16 11:57:05,VLan30,IT,Desktop,HTTP,810,2.31,10,NO,ACCRA
2749,2026-09-05 07:36:32,VLan20,Finance,Router,HTTP,536,0.69,15,NO,Tamale
2750,2026-08-25 14:35:54,VLan30,IT,Router,SSH,569,3.08,1,NO,KUMASI
2751,2026-01-18 22:27:27,VLan10,HR,Server,HTTPS,185,0.62,6,NO,TEMA
2752,2026-05-23 19:05:05,VLan30,IT,Mobile,FTP,644,2.28,1,NO,Tamale
2753,2026-01-11 17:39:01,VLan40,Sales,Desktop,FTP,392,2.51,2,NO,TEMA
2754,2026-02-27 12:31:47,VLan10,HR,Router,SMTP,687,0.88,2,NO,KUMASI
2755,2026-01-17 14:05:34,VLan20,Finance,Router,HTTPS,313,0.31,12,NO,Tamale
2756,2026-08-10 03:01:00,VLan10,HR,Router,SSH,226,4.91,8,NO,TAKORADI
2757,2026-12-11 21:52:10,VLan20,Finance,Mobile,SSH,185,2.59,5,NO,TEMA
2758,2026-08-02 12:02:35,VLan30,IT,Mobile,HTTPS,1155,0.77,8,NO,TAKORADI
2759,2026-01-20 05:37:09,VLan30,IT,Server,SSH,982,2.53,3,YES,TAKORADI
2760,2026-01-18 06:55:47,VLan20,Finance,Laptop,SMTP,372,2.3,15,NO,Tamale
2761,2026-11-21 20:52:44,VLan30,IT,Desktop,HTTPS,515,2.72,6,NO,Tamale
2762,2026-04-27 07:46:42,VLan40,Sales,Desktop,HTTP,218,3.36,14,NO,ACCRA
2763,2026-10-01 16:39:26,VLan30,IT,Router,SMTP,568,3.79,3,NO,Tamale
2764,2026-06-27 08:55:42,VLan10,HR,Laptop,SMTP,166,0.98,10,NO,Tamale
2765,2026-05-07 16:58:56,VLan40,Sales,Mobile,HTTPS,232,4.95,6,NO,Tamale
2766,2026-02-25 07:49:34,VLan30,IT,Router,SSH,609,0.03,14,NO,ACCRA
2767,2026-09-13 11:09:15,VLan30,IT,Router,SSH,1040,4.23,3,YES,TEMA
2768,2026-05-30 15:07:40,VLan30,IT,Laptop,HTTPS,1126,0.44,13,NO,KUMASI
2769,2026-03-04 02:32:02,VLan30,IT,Router,SMTP,982,4.8,9,NO,ACCRA
2770,2026-06-15 11:39:04,VLan40,Sales,Laptop,DNS,253,3.48,5,NO,TEMA
2771,2026-01-01 03:08:09,VLan20,Finance,Desktop,SSH,119,3.9,15,NO,KUMASI
2772,2026-01-04 17:18:04,VLan10,HR,Mobile,FTP,146,0.12,12,NO,KUMASI
2773,2026-04-19 05:57:59,VLan20,Finance,Laptop,HTTP,165,2.5,3,NO,TEMA
2774,2026-04-06 17:58:51,VLan10,HR,Router,SMTP,224,2.61,3,NO,KUMASI
2775,2026-12-12 22:17:29,VLan20,Finance,Mobile,SSH,284,1.49,13,NO,TAKORADI
2776,2026-10-22 13:46:31,VLan10,HR,Desktop,FTP,419,0.56,7,NO,TAKORADI
2777,2026-01-04 21:31:29,VLan20,Finance,Laptop,SMTP,525,0.3,11,NO,KUMASI
2778,2026-11-25 04:04:50,VLan20,Finance,Desktop,DNS,365,3.14,3,NO,TEMA
2779,2026-09-07 00:13:16,VLan20,Finance,Server,SSH,100,2.42,14,NO,TEMA
2780,2026-11-05 08:48:15,VLan10,HR,Laptop,DNS,410,2.99,4,NO,ACCRA
2781,2026-05-17 23:59:00,VLan40,Sales,Desktop,HTTPS,524,2.05,6,NO,TEMA
2782,2026-12-02 16:26:24,VLan30,IT,Router,FTP,515,2.4,9,NO,TAKORADI
2783,2026-01-13 08:47:16,VLan40,Sales,Server,SMTP,103,0.57,0,NO,TAKORADI
2784,2026-01-24 23:33:11,VLan20,Finance,Router,SSH,334,3.17,6,NO,Tamale
2785,2026-09-02 11:05:15,VLan40,Sales,Mobile,FTP,240,1.74,5,NO,TEMA
2786,2026-10-08 07:54:20,VLan40,Sales,Desktop,HTTP,148,0.43,10,NO,ACCRA
2787,2026-11-18 12:03:48,VLan20,Finance,Server,FTP,435,3.11,12,NO,TAKORADI
2788,2026-10-28 11:12:54,VLan40,Sales,Server,HTTP,194,3.64,0,NO,KUMASI
2789,2026-04-09 02:13:22,VLan20,Finance,Mobile,HTTP,474,2.75,5,NO,TEMA
2790,2026-06-28 14:24:41,VLan10,HR,Mobile,SMTP,464,0.21,5,NO,KUMASI
2791,2026-07-27 17:31:42,VLan20,Finance,Mobile,SMTP,135,0.29,5,NO,TEMA
2792,2026-02-27 06:52:32,VLan40,Sales,Mobile,DNS,261,0.49,12,NO,TEMA
2793,2026-04-04 17:07:54,VLan20,Finance,Laptop,HTTP,414,1,11,NO,TEMA
2794,2026-05-06 04:16:51,VLan30,IT,Desktop,FTP,1009,0.64,13,YES,ACCRA
2795,2026-05-10 19:51:06,VLan40,Sales,Server,FTP,589,1.56,7,NO,KUMASI
2796,2026-07-20 03:15:27,VLan20,Finance,Server,SSH,548,4.64,7,NO,TEMA
2797,2026-06-05 04:33:59,VLan40,Sales,Server,SSH,449,2.41,3,NO,TAKORADI
2798,2026-02-19 07:38:38,VLan40,Sales,Mobile,HTTP,318,0.55,15,NO,TAKORADI
2799,2026-06-11 08:27:22,VLan30,IT,Mobile,DNS,973,2.23,12,NO,ACCRA
2800,2026-10-15 20:29:17,VLan30,IT,Mobile,FTP,887,1.75,2,NO,KUMASI
2801,2026-12-02 04:51:12,VLan30,IT,Laptop,SMTP,1190,2.74,14,NO,ACCRA
2802,2026-09-25 21:08:41,VLan30,IT,Router,FTP,1000,1.09,10,YES,KUMASI
2803,2026-12-03 07:24:14,VLan40,Sales,Laptop,FTP,591,3.31,9,NO,TAKORADI
2804,2026-04-13 06:00:17,VLan40,Sales,Desktop,SMTP,238,4.58,12,NO,TAKORADI
2805,2026-07-07 03:52:53,VLan20,Finance,Mobile,DNS,616,2.38,4,NO,Tamale
2806,2026-12-11 21:03:12,VLan20,Finance,Server,SSH,547,1.45,6,NO,TAKORADI
2807,2026-05-10 03:11:56,VLan40,Sales,Router,SSH,295,0.06,12,NO,KUMASI
2808,2026-12-03 16:36:16,VLan30,IT,Router,HTTPS,730,0.8,11,NO,TAKORADI
2809,2026-10-26 03:02:12,VLan20,Finance,Desktop,DNS,579,4.65,14,NO,KUMASI
2810,2026-03-05 07:45:30,VLan30,IT,Mobile,SMTP,1198,4.27,6,NO,KUMASI
2811,2026-12-31 17:47:40,VLan10,HR,Mobile,DNS,651,0.37,14,NO,ACCRA
2812,2026-02-07 11:20:23,VLan40,Sales,Router,SSH,535,3.38,2,NO,TAKORADI
2813,2026-10-25 07:16:05,VLan30,IT,Mobile,SSH,580,3.23,14,NO,Tamale
2814,2026-05-11 08:53:52,VLan40,Sales,Laptop,HTTPS,531,1.85,12,NO,KUMASI
2815,2026-02-23 14:37:58,VLan20,Finance,Mobile,SSH,548,4.76,5,NO,ACCRA
2816,2026-09-19 18:34:03,VLan30,IT,Mobile,SSH,631,0.08,15,NO,TAKORADI
2817,2026-01-13 06:33:22,VLan20,Finance,Server,DNS,540,3.68,15,NO,KUMASI
2818,2026-02-16 18:42:16,VLan20,Finance,Desktop,SSH,559,4.43,3,NO,ACCRA
2819,2026-08-10 19:05:41,VLan30,IT,Desktop,SSH,630,1.56,4,NO,KUMASI
2820,2026-12-13 01:46:41,VLan10,HR,Router,HTTPS,294,3.81,6,NO,TAKORADI
2821,2026-06-21 16:11:13,VLan30,IT,Desktop,SSH,746,0.19,3,NO,TAKORADI
2822,2026-03-04 08:51:52,VLan30,IT,Server,SSH,607,2.71,6,NO,KUMASI
2823,2026-09-19 02:22:43,VLan40,Sales,Desktop,HTTP,239,2.04,13,NO,TEMA
2824,2026-06-17 08:02:00,VLan20,Finance,Desktop,DNS,141,0.36,9,NO,Tamale
2825,2026-01-31 02:37:30,VLan30,IT,Router,HTTP,1009,2.46,9,NO,KUMASI
2826,2026-12-20 14:44:23,VLan40,Sales,Laptop,SMTP,250,4.13,9,NO,TAKORADI
2827,2026-06-01 14:37:25,VLan40,Sales,Desktop,DNS,341,1.06,6,NO,TEMA
2828,2026-11-02 07:43:49,VLan40,Sales,Mobile,HTTP,463,1.89,14,NO,ACCRA
2829,2026-01-04 02:54:29,VLan20,Finance,Laptop,HTTPS,482,0.58,13,NO,ACCRA
2830,2026-08-11 05:19:57,VLan20,Finance,Router,SSH,379,1.68,5,NO,TAKORADI
2831,2026-09-15 17:47:25,VLan30,IT,Server,HTTP,963,3.97,0,NO,KUMASI
2832,2026-03-02 10:57:24,VLan30,IT,Desktop,HTTPS,613,2.88,4,NO,TEMA
2833,2026-12-14 12:06:01,VLan20,Finance,Laptop,HTTPS,588,3.9,4,NO,Tamale
2834,2026-08-18 14:38:57,VLan40,Sales,Laptop,HTTPS,512,0.17,13,NO,ACCRA
2835,2026-10-03 21:27:43,VLan30,IT,Mobile,DNS,535,1.33,3,NO,ACCRA
2836,2026-03-05 14:46:57,VLan30,IT,Mobile,HTTP,921,2.79,2,NO,Tamale
2837,2026-12-06 18:46:33,VLan30,IT,Mobile,FTP,1012,4.86,8,YES,ACCRA
2838,2026-11-18 04:57:40,VLan40,Sales,Desktop,DNS,536,3.15,6,NO,TEMA
2839,2026-10-25 22:47:30,VLan10,HR,Mobile,SMTP,292,1.78,15,NO,TAKORADI
2840,2026-02-07 01:26:31,VLan30,IT,Server,SMTP,676,2.74,5,NO,Tamale
2841,2026-09-18 09:30:15,VLan20,Finance,Router,SSH,156,2.17,12,NO,ACCRA
2842,2026-03-06 15:59:41,VLan40,Sales,Router,SSH,311,1.28,8,NO,Tamale
2843,2026-10-14 12:34:25,VLan30,IT,Desktop,SMTP,577,3.5,1,NO,TEMA
2844,2026-07-25 22:35:12,VLan30,IT,Server,FTP,566,1.12,8,NO,TEMA
2845,2026-05-14 22:25:25,VLan20,Finance,Server,HTTPS,589,2.43,11,NO,KUMASI
2846,2026-01-26 08:15:23,VLan40,Sales,Router,FTP,311,0.74,13,NO,KUMASI
2847,2026-06-16 08:23:33,VLan10,HR,Server,FTP,289,2.63,6,NO,TAKORADI
2848,2026-11-01 00:47:41,VLan30,IT,Laptop,DNS,854,0.5,7,NO,KUMASI
2849,2026-04-30 14:26:32,VLan40,Sales,Router,FTP,158,2.7,6,NO,TEMA
2850,2026-01-17 13:09:00,VLan30,IT,Laptop,SMTP,722,3.06,10,NO,ACCRA
2851,2026-06-27 23:22:54,VLan40,Sales,Desktop,SMTP,562,3.42,2,NO,KUMASI
2852,2026-01-01 18:17:41,VLan10,HR,Server,HTTPS,309,1.8,8,NO,ACCRA
2853,2026-03-11 15:16:56,VLan10,HR,Router,HTTPS,402,4.93,12,NO,KUMASI
2854,2026-03-03 03:20:04,VLan30,IT,Router,HTTPS,537,4.25,2,NO,ACCRA
2855,2026-03-31 06:15:27,VLan10,HR,Laptop,HTTPS,349,1.15,6,NO,ACCRA
2856,2026-08-25 08:50:54,VLan40,Sales,Laptop,DNS,298,2.98,2,NO,KUMASI
2857,2026-07-21 09:00:03,VLan10,HR,Mobile,FTP,363,1.56,0,NO,TEMA
2858,2026-05-22 20:10:44,VLan40,Sales,Server,DNS,478,1.62,1,NO,KUMASI
2859,2026-07-07 11:52:51,VLan30,IT,Laptop,DNS,670,4.36,12,NO,TAKORADI
2860,2026-06-03 06:04:32,VLan20,Finance,Server,HTTPS,270,0.8,10,NO,Tamale
2861,2026-07-20 04:44:47,VLan20,Finance,Router,DNS,668,1.44,2,NO,KUMASI
2862,2026-05-04 05:03:43,VLan30,IT,Laptop,DNS,793,1.03,15,NO,KUMASI
2863,2026-05-14 01:41:57,VLan10,HR,Server,HTTP,187,3.06,13,NO,ACCRA
2864,2026-12-04 19:10:46,VLan30,IT,Server,DNS,1178,1.27,15,NO,KUMASI
2865,2026-02-16 07:56:37,VLan10,HR,Laptop,HTTP,579,4.54,5,NO,KUMASI
2866,2026-10-25 02:31:20,VLan10,HR,Router,SSH,155,0.41,5,NO,TAKORADI
2867,2026-04-19 04:58:44,VLan10,HR,Server,DNS,511,2.89,1,NO,ACCRA
2868,2026-06-19 13:54:45,VLan30,IT,Laptop,SSH,939,1.2,14,YES,ACCRA
2869,2026-11-28 03:55:20,VLan40,Sales,Desktop,DNS,428,1.22,14,NO,ACCRA
2870,2026-11-25 11:01:44,VLan40,Sales,Laptop,FTP,550,2.31,11,NO,TEMA
2871,2026-02-24 04:03:07,VLan20,Finance,Mobile,SSH,677,1.81,7,NO,Tamale
2872,2026-09-16 07:33:37,VLan40,Sales,Desktop,SMTP,216,0.17,4,NO,ACCRA
2873,2026-02-05 05:27:38,VLan20,Finance,Server,DNS,516,4.81,3,NO,KUMASI
2874,2026-11-25 21:49:08,VLan30,IT,Router,SMTP,951,0.16,10,NO,ACCRA
2875,2026-09-06 17:32:25,VLan30,IT,Mobile,HTTPS,1179,3.78,10,NO,Tamale
2876,2026-07-21 01:17:46,VLan10,HR,Router,SMTP,349,1.59,1,NO,KUMASI
2877,2026-06-14 14:16:10,VLan20,Finance,Desktop,DNS,487,0.16,11,NO,ACCRA
2878,2026-08-23 15:25:48,VLan20,Finance,Server,FTP,171,3.18,6,NO,KUMASI
2879,2026-12-13 08:30:43,VLan10,HR,Desktop,DNS,291,2.94,9,NO,KUMASI
2880,2026-04-05 17:06:34,VLan20,Finance,Server,HTTP,631,1.45,5,NO,ACCRA
2881,2026-11-23 06:31:35,VLan40,Sales,Laptop,DNS,130,4.56,12,NO,KUMASI
2882,2026-01-05 00:45:47,VLan30,IT,Mobile,DNS,1002,4.28,15,NO,Tamale
2883,2026-08-26 14:23:05,VLan20,Finance,Mobile,SMTP,602,0.73,0,NO,KUMASI
2884,2026-07-19 06:55:55,VLan10,HR,Laptop,HTTP,447,4.47,4,NO,KUMASI
2885,2026-01-27 02:54:19,VLan40,Sales,Laptop,SMTP,529,4.44,12,NO,TEMA
2886,2026-06-06 19:17:58,VLan40,Sales,Laptop,SSH,688,3.23,13,NO,Tamale
2887,2026-04-05 15:46:16,VLan20,Finance,Server,FTP,473,1.76,3,NO,ACCRA
2888,2026-12-12 06:30:38,VLan40,Sales,Desktop,SSH,380,1.01,10,NO,KUMASI
2889,2026-11-20 02:18:41,VLan20,Finance,Laptop,DNS,316,3.21,9,NO,KUMASI
2890,2026-12-09 03:52:40,VLan10,HR,Mobile,DNS,237,0.31,4,NO,KUMASI
2891,2026-03-14 10:58:06,VLan30,IT,Mobile,SMTP,892,0.09,15,NO,Tamale
2892,2026-09-06 02:10:06,VLan30,IT,Server,HTTPS,1195,3.27,9,NO,Tamale
2893,2026-03-25 11:44:33,VLan10,HR,Router,SSH,128,4.53,4,NO,TEMA
2894,2026-10-03 00:50:22,VLan30,IT,Laptop,DNS,1189,2.33,15,NO,TEMA
2895,2026-09-29 01:28:23,VLan30,IT,Mobile,SSH,897,4.35,6,NO,ACCRA
2896,2026-10-08 16:27:32,VLan20,Finance,Mobile,FTP,646,3.59,12,NO,TEMA
2897,2026-06-19 20:40:55,VLan30,IT,Laptop,HTTP,607,3.8,14,NO,ACCRA
2898,2026-02-09 23:03:11,VLan20,Finance,Desktop,SSH,383,2.87,1,NO,TAKORADI
2899,2026-08-30 21:20:32,VLan30,IT,Desktop,DNS,1001,2.42,5,NO,ACCRA
2900,2026-06-05 13:22:56,VLan30,IT,Server,SMTP,571,1.57,11,NO,KUMASI
2901,2026-05-02 11:02:02,VLan20,Finance,Laptop,FTP,426,4.65,15,NO,TAKORADI
2902,2026-10-29 09:13:29,VLan40,Sales,Mobile,FTP,276,3.31,3,NO,TEMA
2903,2026-06-23 16:33:25,VLan40,Sales,Mobile,FTP,151,3.31,11,NO,KUMASI
2904,2026-07-02 09:40:23,VLan30,IT,Server,SMTP,694,0.27,0,NO,ACCRA
2905,2026-10-30 16:25:11,VLan40,Sales,Laptop,SMTP,108,0.25,4,NO,TEMA
2906,2026-11-03 08:52:13,VLan10,HR,Server,DNS,352,0.83,4,NO,KUMASI
2907,2026-01-29 20:15:42,VLan40,Sales,Mobile,DNS,132,1.38,3,NO,TAKORADI
2908,2026-02-28 17:22:11,VLan10,HR,Mobile,SMTP,393,1.52,2,NO,Tamale
2909,2026-01-24 15:20:01,VLan30,IT,Router,SMTP,728,3.86,13,NO,ACCRA
2910,2026-08-22 06:06:18,VLan40,Sales,Desktop,SSH,545,2.43,3,NO,TEMA
2911,2026-06-02 03:15:48,VLan40,Sales,Mobile,HTTPS,266,0.59,0,NO,Tamale
2912,2026-05-27 23:24:41,VLan40,Sales,Server,HTTP,186,2.75,6,NO,TEMA
2913,2026-04-23 17:58:14,VLan10,HR,Mobile,SSH,115,2.07,1,NO,Tamale
2914,2026-08-02 20:24:52,VLan40,Sales,Desktop,HTTP,366,4.34,10,NO,Tamale
2915,2026-04-06 12:08:37,VLan20,Finance,Mobile,FTP,581,4.62,11,NO,TAKORADI
2916,2026-03-31 08:16:19,VLan30,IT,Server,FTP,775,2.71,10,NO,Tamale
2917,2026-11-30 01:12:01,VLan10,HR,Laptop,SMTP,166,3.1,6,NO,KUMASI
2918,2026-05-08 05:54:45,VLan20,Finance,Laptop,HTTPS,402,4.58,3,NO,ACCRA
2919,2026-01-03 22:30:55,VLan10,HR,Server,SSH,131,0.69,2,NO,ACCRA
2920,2026-02-16 14:43:08,VLan30,IT,Server,SSH,600,3.61,1,NO,ACCRA
2921,2026-03-24 12:20:25,VLan30,IT,Server,HTTPS,1165,4.81,11,NO,TAKORADI
2922,2026-09-13 09:47:33,VLan40,Sales,Server,SSH,185,2.72,8,NO,KUMASI
2923,2026-08-22 07:13:09,VLan10,HR,Laptop,SSH,179,2.36,14,NO,ACCRA
2924,2026-06-19 08:19:22,VLan40,Sales,Desktop,DNS,454,4.63,6,NO,KUMASI
2925,2026-02-21 11:35:43,VLan40,Sales,Laptop,FTP,140,2.68,2,NO,Tamale
2926,2026-08-31 10:14:15,VLan40,Sales,Mobile,DNS,349,2.08,0,NO,TAKORADI
2927,2026-11-23 17:14:53,VLan40,Sales,Desktop,HTTPS,674,2.06,0,NO,TEMA
2928,2026-12-13 13:51:32,VLan20,Finance,Laptop,SMTP,241,4.32,2,NO,TEMA
2929,2026-08-09 17:16:41,VLan40,Sales,Router,SSH,341,4.63,13,NO,TAKORADI
2930,2026-01-31 06:43:57,VLan20,Finance,Desktop,SSH,463,1.1,10,NO,TEMA
2931,2026-08-18 19:07:19,VLan30,IT,Server,HTTP,827,3.67,8,NO,ACCRA
2932,2026-06-30 13:58:16,VLan10,HR,Server,HTTP,455,4.33,13,NO,KUMASI
2933,2026-01-28 10:41:50,VLan20,Finance,Laptop,SMTP,679,1.18,7,NO,TAKORADI
2934,2026-09-02 10:08:53,VLan20,Finance,Mobile,DNS,608,1.98,2,NO,ACCRA
2935,2026-02-02 01:13:46,VLan30,IT,Server,FTP,781,4.49,7,NO,KUMASI
2936,2026-08-01 10:48:21,VLan20,Finance,Router,SSH,111,3.63,0,NO,ACCRA
2937,2026-08-05 05:21:12,VLan10,HR,Mobile,FTP,191,1.35,10,NO,KUMASI
2938,2026-11-29 02:07:38,VLan10,HR,Laptop,FTP,371,1.79,5,NO,ACCRA
2939,2026-03-07 13:48:30,VLan10,HR,Laptop,FTP,418,4.79,6,NO,KUMASI
2940,2026-06-26 07:04:06,VLan10,HR,Desktop,HTTPS,193,2.69,2,NO,Tamale
2941,2026-10-22 00:11:32,VLan40,Sales,Server,HTTPS,181,3.36,11,NO,TEMA
2942,2026-08-06 10:17:36,VLan30,IT,Server,FTP,1152,1.26,14,YES,TAKORADI
2943,2026-03-19 09:34:13,VLan10,HR,Mobile,DNS,428,4.5,13,NO,ACCRA
2944,2026-05-30 20:45:56,VLan20,Finance,Server,SSH,265,1.44,8,NO,KUMASI
2945,2026-09-20 07:05:27,VLan10,HR,Router,SMTP,276,2.77,1,NO,ACCRA
2946,2026-01-13 22:26:27,VLan30,IT,Mobile,HTTPS,1174,4.5,3,NO,Tamale
2947,2026-04-29 07:41:45,VLan20,Finance,Laptop,SSH,259,3.51,2,NO,TEMA
2948,2026-06-02 22:57:35,VLan10,HR,Mobile,SSH,253,0.66,4,NO,ACCRA
2949,2026-03-28 04:13:46,VLan40,Sales,Mobile,HTTPS,186,3.43,2,NO,KUMASI
2950,2026-04-09 14:25:26,VLan20,Finance,Server,FTP,362,1.05,9,NO,KUMASI
2951,2026-01-25 15:54:08,VLan30,IT,Server,HTTPS,501,2.5,7,NO,TEMA
2952,2026-03-03 15:32:38,VLan30,IT,Laptop,HTTP,739,1.66,1,NO,TEMA
2953,2026-08-04 00:28:55,VLan40,Sales,Router,SSH,145,1.4,10,NO,ACCRA
2954,2026-01-04 04:13:47,VLan40,Sales,Desktop,FTP,524,0.11,4,NO,KUMASI
2955,2026-12-24 11:03:04,VLan30,IT,Laptop,HTTPS,578,0.68,12,NO,KUMASI
2956,2026-04-20 01:59:45,VLan30,IT,Server,HTTP,680,2.06,3,NO,Tamale
2957,2026-03-01 12:32:00,VLan30,IT,Laptop,DNS,849,0.18,7,NO,TAKORADI
2958,2026-08-23 13:05:13,VLan40,Sales,Desktop,FTP,424,2.49,5,NO,Tamale
2959,2026-02-17 12:13:41,VLan20,Finance,Mobile,DNS,324,2.16,15,NO,TEMA
2960,2026-11-06 21:29:14,VLan10,HR,Laptop,SSH,546,1.35,5,NO,TEMA
2961,2026-11-10 01:49:52,VLan20,Finance,Desktop,SSH,562,4.64,15,NO,TEMA
2962,2026-02-28 11:41:15,VLan10,HR,Router,SMTP,482,1.23,7,NO,TEMA
2963,2026-08-24 13:24:39,VLan30,IT,Server,DNS,841,2.58,1,NO,KUMASI
2964,2026-10-28 00:12:38,VLan40,Sales,Router,SMTP,166,1.45,11,NO,KUMASI
2965,2026-02-25 13:14:35,VLan20,Finance,Mobile,HTTPS,540,0.93,6,NO,ACCRA
2966,2026-07-14 22:20:26,VLan20,Finance,Router,DNS,144,1.21,2,NO,Tamale
2967,2026-03-14 20:17:39,VLan10,HR,Laptop,HTTP,437,4.74,7,NO,Tamale
2968,2026-01-14 17:41:11,VLan30,IT,Server,HTTPS,875,2.22,13,NO,Tamale
2969,2026-12-25 01:11:45,VLan10,HR,Server,SSH,612,2.17,9,NO,Tamale
2970,2026-03-14 23:35:56,VLan10,HR,Server,SSH,103,2.24,15,NO,Tamale
2971,2026-07-04 20:37:30,VLan10,HR,Laptop,SMTP,449,2.3,8,NO,KUMASI
2972,2026-06-15 02:59:59,VLan40,Sales,Server,SSH,170,1.64,7,NO,ACCRA
2973,2026-05-22 16:56:45,VLan40,Sales,Desktop,HTTP,456,1.11,7,NO,TEMA
2974,2026-08-15 17:26:35,VLan20,Finance,Router,SSH,155,1.84,1,NO,KUMASI
2975,2026-11-11 00:44:58,VLan20,Finance,Server,FTP,570,2.17,15,NO,TAKORADI
2976,2026-10-14 09:48:15,VLan40,Sales,Mobile,SMTP,691,0.21,12,NO,ACCRA
2977,2026-09-03 21:27:36,VLan20,Finance,Server,DNS,691,1.59,7,NO,KUMASI
2978,2026-07-30 05:05:42,VLan20,Finance,Mobile,FTP,213,3.84,15,NO,TEMA
2979,2026-10-07 05:15:28,VLan20,Finance,Router,SMTP,382,2.14,6,NO,TEMA
2980,2026-01-24 04:02:54,VLan40,Sales,Router,SSH,483,1.95,2,NO,TAKORADI
2981,2026-03-26 07:07:02,VLan20,Finance,Server,FTP,199,3.81,14,NO,ACCRA
2982,2026-04-11 19:11:26,VLan20,Finance,Router,SSH,231,2.69,7,NO,Tamale
2983,2026-12-05 13:54:30,VLan40,Sales,Server,HTTPS,649,0.03,9,NO,TEMA
2984,2026-02-08 09:21:48,VLan20,Finance,Laptop,SMTP,427,1.35,5,NO,Tamale
2985,2026-06-27 21:36:12,VLan30,IT,Router,DNS,844,4.03,10,NO,KUMASI
2986,2026-04-29 16:43:22,VLan40,Sales,Laptop,SMTP,205,0.23,7,NO,TEMA
2987,2026-09-19 19:29:05,VLan30,IT,Server,SSH,631,3.64,12,NO,Tamale
2988,2026-12-16 14:34:04,VLan40,Sales,Router,DNS,255,2.08,11,NO,Tamale
2989,2026-06-18 13:15:07,VLan40,Sales,Desktop,DNS,391,1.19,15,NO,ACCRA
2990,2026-01-27 09:05:37,VLan30,IT,Server,SMTP,801,3.9,5,NO,Tamale
2991,2026-05-17 11:05:12,VLan30,IT,Desktop,FTP,1198,2.3,15,YES,TEMA
2992,2026-01-06 11:34:54,VLan20,Finance,Desktop,HTTP,441,2.14,7,NO,KUMASI
2993,2026-10-07 06:03:30,VLan30,IT,Desktop,SMTP,548,1.97,1,NO,KUMASI
2994,2026-08-13 12:11:53,VLan30,IT,Mobile,SSH,1049,3.38,10,YES,Tamale
2995,2026-04-16 08:36:07,VLan30,IT,Router,FTP,1089,4.2,10,YES,Tamale
2996,2026-01-22 07:47:59,VLan30,IT,Desktop,SSH,717,1.55,15,NO,KUMASI
2997,2026-05-06 09:29:03,VLan30,IT,Server,HTTP,999,4.95,1,NO,Tamale
2998,2026-03-03 20:26:52,VLan40,Sales,Router,SMTP,225,0.18,1,NO,KUMASI
2999,2026-09-03 13:13:50,VLan40,Sales,Laptop,FTP,458,0.48,14,NO,TAKORADI
3000,2026-01-29 01:20:29,VLan10,HR,Laptop,HTTP,256,3.76,12,NO,ACCRA
3001,2026-04-14 08:45:21,VLan20,Finance,Router,DNS,436,0.62,9,NO,KUMASI
3002,2026-12-20 04:37:05,VLan40,Sales,Desktop,HTTP,316,1.28,3,NO,TEMA
3003,2026-03-07 16:35:30,VLan20,Finance,Mobile,SSH,331,4.44,15,NO,TEMA
3004,2026-08-05 02:40:07,VLan40,Sales,Mobile,HTTPS,635,0.27,1,NO,TEMA
3005,2026-11-16 07:38:43,VLan40,Sales,Server,HTTPS,195,0.01,9,NO,TEMA
3006,2026-12-11 04:10:31,VLan30,IT,Server,SMTP,857,3.46,3,NO,TEMA
3007,2026-09-21 06:20:25,VLan30,IT,Laptop,HTTP,837,2.59,14,NO,Tamale
3008,2026-06-09 17:34:34,VLan10,HR,Server,HTTP,439,0.42,5,NO,TEMA
3009,2026-12-11 06:44:20,VLan20,Finance,Mobile,DNS,618,1.05,5,NO,TEMA
3010,2026-05-14 01:41:14,VLan40,Sales,Desktop,HTTPS,499,4.91,9,NO,KUMASI
3011,2026-08-13 13:18:55,VLan40,Sales,Desktop,SMTP,652,4.18,4,NO,ACCRA
3012,2026-03-31 02:20:42,VLan30,IT,Router,HTTP,509,2.1,8,NO,TAKORADI
3013,2026-02-06 04:29:20,VLan40,Sales,Server,SSH,472,1.87,7,NO,ACCRA
3014,2026-12-10 18:58:20,VLan10,HR,Laptop,SMTP,700,1.02,11,NO,TAKORADI
3015,2026-09-19 21:47:22,VLan10,HR,Router,HTTPS,674,0.6,13,NO,Tamale
3016,2026-09-13 23:43:45,VLan10,HR,Server,HTTPS,156,3.84,12,NO,ACCRA
3017,2026-01-24 17:00:56,VLan40,Sales,Server,DNS,437,4.16,9,NO,TAKORADI
3018,2026-01-08 00:31:43,VLan20,Finance,Server,HTTPS,391,4.04,8,NO,TEMA
3019,2026-09-30 04:50:28,VLan10,HR,Mobile,SMTP,675,3.28,12,NO,TAKORADI
3020,2026-11-24 04:27:58,VLan10,HR,Router,HTTP,519,4.49,4,NO,TAKORADI
3021,2026-11-03 02:07:22,VLan20,Finance,Mobile,HTTPS,660,1.16,5,NO,TEMA
3022,2026-10-30 20:26:38,VLan20,Finance,Mobile,FTP,258,2.02,10,NO,ACCRA
3023,2026-05-27 11:02:16,VLan10,HR,Laptop,HTTPS,568,1.64,6,NO,TEMA
3024,2026-01-22 21:50:35,VLan40,Sales,Laptop,DNS,692,2.56,2,NO,ACCRA
3025,2026-03-08 05:58:56,VLan20,Finance,Router,HTTPS,352,2.78,11,NO,TAKORADI
3026,2026-10-27 00:11:02,VLan40,Sales,Router,SMTP,689,4.35,5,NO,TAKORADI
3027,2026-07-10 16:33:16,VLan10,HR,Laptop,FTP,309,1.24,12,NO,Tamale
3028,2026-06-06 14:21:54,VLan10,HR,Mobile,SSH,117,3.75,0,NO,KUMASI
3029,2026-11-08 14:38:06,VLan10,HR,Router,HTTP,698,4.73,8,NO,KUMASI
3030,2026-10-16 03:28:00,VLan40,Sales,Laptop,SSH,473,1.28,3,NO,KUMASI
3031,2026-10-27 08:50:03,VLan10,HR,Mobile,SMTP,482,2.69,1,NO,TAKORADI
3032,2026-06-12 04:50:38,VLan40,Sales,Mobile,FTP,338,2.81,2,NO,KUMASI
3033,2026-08-26 22:50:15,VLan20,Finance,Mobile,DNS,424,1.53,10,NO,KUMASI
3034,2026-07-02 11:05:56,VLan20,Finance,Mobile,DNS,515,1.69,6,NO,TAKORADI
3035,2026-08-29 05:40:55,VLan40,Sales,Mobile,HTTP,133,3.89,5,NO,TEMA
3036,2026-11-21 07:34:50,VLan30,IT,Laptop,FTP,1110,0.79,9,YES,Tamale
3037,2026-04-14 20:04:12,VLan30,IT,Laptop,HTTPS,505,2.69,4,NO,Tamale
3038,2026-01-15 00:48:15,VLan20,Finance,Desktop,DNS,279,2.29,7,NO,TEMA
3039,2026-03-11 06:18:15,VLan40,Sales,Desktop,HTTPS,448,3.37,5,NO,TEMA
3040,2026-02-03 13:46:17,VLan20,Finance,Router,FTP,305,0.3,10,NO,ACCRA
3041,2026-09-11 09:52:46,VLan40,Sales,Desktop,FTP,473,1.4,7,NO,Tamale
3042,2026-03-04 07:39:31,VLan20,Finance,Router,HTTPS,410,1.87,11,NO,KUMASI
3043,2026-07-16 20:08:01,VLan30,IT,Desktop,DNS,1067,1.98,14,NO,Tamale
3044,2026-10-06 13:30:43,VLan30,IT,Mobile,HTTPS,803,4.65,8,NO,TEMA
3045,2026-06-12 11:07:01,VLan30,IT,Laptop,DNS,829,0.48,0,NO,Tamale
3046,2026-05-16 13:08:54,VLan20,Finance,Mobile,FTP,412,2.81,0,NO,Tamale
3047,2026-03-28 09:49:09,VLan40,Sales,Router,SSH,302,2.62,13,NO,ACCRA
3048,2026-09-27 20:28:47,VLan40,Sales,Router,HTTPS,237,2.57,4,NO,KUMASI
3049,2026-09-15 12:17:19,VLan10,HR,Server,SMTP,378,3.82,2,NO,TEMA
3050,2026-09-30 01:44:17,VLan30,IT,Desktop,SSH,877,2.31,1,NO,TEMA
3051,2026-03-28 12:04:08,VLan20,Finance,Desktop,HTTPS,542,1,15,NO,TEMA
3052,2026-07-12 16:55:27,VLan20,Finance,Server,HTTP,622,2.3,7,NO,ACCRA
3053,2026-01-08 11:02:44,VLan30,IT,Mobile,FTP,939,0.14,4,YES,TAKORADI
3054,2026-03-03 11:58:59,VLan20,Finance,Laptop,SSH,570,4.58,3,NO,TEMA
3055,2026-04-06 07:00:58,VLan30,IT,Desktop,FTP,754,5,9,NO,KUMASI
3056,2026-07-12 10:57:24,VLan40,Sales,Router,SSH,611,3.65,14,NO,TEMA
3057,2026-07-18 01:50:10,VLan40,Sales,Desktop,HTTPS,392,3.25,0,NO,KUMASI
3058,2026-04-24 16:44:28,VLan20,Finance,Desktop,HTTP,483,3.11,1,NO,TEMA
3059,2026-03-27 15:53:23,VLan30,IT,Router,SSH,1049,3.22,0,YES,ACCRA
3060,2026-12-16 01:06:02,VLan20,Finance,Router,HTTP,512,0.11,7,NO,ACCRA
3061,2026-11-27 21:11:19,VLan20,Finance,Mobile,SSH,264,4.12,12,NO,KUMASI
3062,2026-06-01 15:04:22,VLan20,Finance,Server,HTTPS,389,0.11,7,NO,ACCRA
3063,2026-06-27 06:39:41,VLan10,HR,Mobile,DNS,451,3.68,12,NO,TEMA
3064,2026-08-15 12:05:46,VLan30,IT,Mobile,FTP,1137,0.53,9,YES,ACCRA
3065,2026-10-19 19:57:38,VLan30,IT,Server,FTP,507,0.77,9,NO,TAKORADI
3066,2026-03-22 00:31:03,VLan10,HR,Laptop,HTTPS,340,0.09,4,NO,Tamale
3067,2026-08-05 12:21:40,VLan10,HR,Router,SSH,535,1.56,0,NO,ACCRA
3068,2026-06-25 13:21:18,VLan10,HR,Mobile,HTTP,100,3.85,4,NO,TAKORADI
3069,2026-11-18 18:56:24,VLan20,Finance,Laptop,DNS,555,2.73,11,NO,KUMASI
3070,2026-08-12 19:04:01,VLan40,Sales,Mobile,SMTP,669,3.74,8,NO,ACCRA
3071,2026-01-28 12:48:55,VLan10,HR,Server,DNS,288,1.94,7,NO,TAKORADI
3072,2026-07-17 01:40:38,VLan40,Sales,Server,HTTP,135,4.56,4,NO,Tamale
3073,2026-02-16 05:14:51,VLan20,Finance,Router,FTP,679,1.48,11,NO,TAKORADI
3074,2026-05-16 11:11:10,VLan20,Finance,Mobile,HTTPS,127,2.29,5,NO,TEMA
3075,2026-10-01 16:10:30,VLan20,Finance,Laptop,DNS,549,1.72,4,NO,Tamale
3076,2026-10-02 23:11:27,VLan20,Finance,Router,DNS,305,4.65,4,NO,KUMASI
3077,2026-07-13 05:09:56,VLan20,Finance,Laptop,DNS,296,4.91,13,NO,TAKORADI
3078,2026-05-28 19:48:15,VLan40,Sales,Mobile,HTTP,403,3.24,6,NO,Tamale
3079,2026-10-08 21:34:11,VLan30,IT,Desktop,SMTP,534,4.86,14,NO,TAKORADI
3080,2026-10-03 06:29:49,VLan40,Sales,Router,DNS,200,4.3,1,NO,Tamale
3081,2026-02-24 00:29:34,VLan40,Sales,Mobile,HTTP,661,0.58,14,NO,ACCRA
3082,2026-01-23 08:33:53,VLan40,Sales,Router,DNS,370,4.77,15,NO,TEMA
3083,2026-12-26 01:15:33,VLan10,HR,Mobile,SSH,548,1.93,4,NO,Tamale
3084,2026-05-30 11:15:37,VLan30,IT,Server,FTP,817,1.91,5,NO,KUMASI
3085,2026-06-12 01:02:18,VLan20,Finance,Laptop,HTTP,245,4.7,3,NO,ACCRA
3086,2026-12-05 21:42:38,VLan10,HR,Mobile,DNS,333,3.33,6,NO,ACCRA
3087,2026-04-09 03:32:20,VLan30,IT,Desktop,FTP,1019,0.45,5,YES,TEMA
3088,2026-01-28 11:37:35,VLan20,Finance,Laptop,HTTPS,311,2.49,1,NO,TEMA
3089,2026-07-30 21:37:04,VLan40,Sales,Laptop,HTTP,448,4.3,2,NO,ACCRA
3090,2026-12-22 07:07:27,VLan40,Sales,Server,DNS,682,1.36,15,NO,TEMA
3091,2026-07-29 19:52:56,VLan30,IT,Server,HTTP,684,0.48,10,NO,KUMASI
3092,2026-10-04 18:07:02,VLan30,IT,Mobile,HTTPS,831,4.13,3,NO,Tamale
3093,2026-09-10 16:46:40,VLan40,Sales,Laptop,SSH,124,0.23,4,NO,ACCRA
3094,2026-08-24 17:05:43,VLan30,IT,Router,HTTP,676,3.48,10,NO,ACCRA
3095,2026-01-09 03:38:06,VLan30,IT,Router,SMTP,1173,3.31,8,NO,TAKORADI
3096,2026-09-30 20:07:09,VLan40,Sales,Mobile,FTP,606,1.83,0,NO,TAKORADI
3097,2026-03-25 06:40:24,VLan30,IT,Laptop,HTTP,599,4.45,12,NO,ACCRA
3098,2026-11-26 05:40:43,VLan10,HR,Mobile,DNS,146,3.9,12,NO,TAKORADI
3099,2026-05-06 18:14:28,VLan10,HR,Server,FTP,426,0.66,1,NO,Tamale
3100,2026-08-02 00:32:14,VLan10,HR,Desktop,SSH,677,2.86,5,NO,TEMA
3101,2026-08-04 07:23:00,VLan20,Finance,Laptop,FTP,613,0.16,12,NO,Tamale
3102,2026-08-11 23:53:13,VLan20,Finance,Mobile,FTP,156,3.05,3,NO,Tamale
3103,2026-02-20 16:29:34,VLan30,IT,Server,SMTP,588,1.73,13,NO,KUMASI
3104,2026-09-11 03:20:19,VLan10,HR,Desktop,SSH,463,1.39,15,NO,Tamale
3105,2026-03-20 20:32:41,VLan20,Finance,Laptop,SMTP,568,4.41,2,NO,TAKORADI
3106,2026-07-24 16:54:07,VLan30,IT,Router,SSH,1095,3.47,4,YES,TEMA
3107,2026-12-29 19:40:18,VLan30,IT,Desktop,HTTP,901,0.87,2,NO,KUMASI
3108,2026-10-31 12:06:21,VLan40,Sales,Mobile,SSH,564,3.01,12,NO,TAKORADI
3109,2026-12-17 21:38:50,VLan40,Sales,Desktop,SSH,641,3.41,7,NO,TAKORADI
3110,2026-12-15 20:26:51,VLan20,Finance,Desktop,SMTP,333,4.56,2,NO,KUMASI
3111,2026-02-20 08:10:14,VLan10,HR,Mobile,SMTP,681,1.98,13,NO,Tamale
3112,2026-07-08 03:12:04,VLan30,IT,Server,FTP,994,3.43,3,YES,KUMASI
3113,2026-05-10 00:46:06,VLan10,HR,Router,SMTP,678,3.15,6,NO,Tamale
3114,2026-01-30 07:04:33,VLan10,HR,Mobile,HTTPS,645,2.03,5,NO,Tamale
3115,2026-03-09 23:14:15,VLan40,Sales,Router,SSH,421,0.05,12,NO,KUMASI
3116,2026-12-13 13:11:47,VLan40,Sales,Laptop,DNS,394,1.84,11,NO,Tamale
3117,2026-01-25 18:57:09,VLan10,HR,Laptop,DNS,391,3.62,3,NO,TEMA
3118,2026-11-09 16:28:33,VLan10,HR,Desktop,SSH,110,2.51,8,NO,TAKORADI
3119,2026-05-13 22:04:35,VLan30,IT,Mobile,SMTP,1189,2.13,14,NO,TEMA
3120,2026-10-03 23:50:06,VLan10,HR,Mobile,SMTP,409,1.48,8,NO,TAKORADI
3121,2026-08-28 20:01:33,VLan10,HR,Mobile,HTTP,634,0.04,4,NO,Tamale
3122,2026-05-16 02:31:33,VLan10,HR,Laptop,HTTP,467,1.38,4,NO,TEMA
3123,2026-02-04 06:51:24,VLan40,Sales,Laptop,DNS,298,0.97,5,NO,TEMA
3124,2026-11-15 20:29:53,VLan40,Sales,Router,DNS,628,0.61,2,NO,TEMA
3125,2026-08-16 11:55:52,VLan30,IT,Laptop,HTTPS,849,2.58,14,NO,TAKORADI
3126,2026-07-25 03:00:50,VLan10,HR,Router,FTP,401,0.51,2,NO,Tamale
3127,2026-01-10 01:49:50,VLan30,IT,Mobile,SSH,711,2.98,15,NO,KUMASI
3128,2026-12-27 21:54:22,VLan20,Finance,Laptop,SSH,528,2.04,4,NO,KUMASI
3129,2026-01-13 11:08:47,VLan20,Finance,Mobile,FTP,117,2.02,1,NO,TAKORADI
3130,2026-02-10 06:04:44,VLan10,HR,Laptop,HTTPS,320,1.84,2,NO,TEMA
3131,2026-11-11 16:27:33,VLan40,Sales,Desktop,HTTPS,423,4.87,11,NO,Tamale
3132,2026-08-26 18:11:48,VLan20,Finance,Server,SSH,692,2.38,4,NO,ACCRA
3133,2026-02-18 03:35:29,VLan40,Sales,Laptop,SMTP,234,3.7,5,NO,KUMASI
3134,2026-09-16 04:21:11,VLan10,HR,Router,DNS,121,0.98,1,NO,Tamale
3135,2026-08-27 02:02:09,VLan20,Finance,Mobile,HTTP,677,5,3,NO,ACCRA
3136,2026-05-10 23:54:33,VLan30,IT,Laptop,FTP,985,0.1,4,YES,TAKORADI
3137,2026-05-30 20:08:25,VLan30,IT,Server,SSH,618,4.78,4,NO,TEMA
3138,2026-10-27 10:32:39,VLan10,HR,Desktop,FTP,627,1.67,10,NO,TEMA
3139,2026-03-02 14:33:46,VLan20,Finance,Mobile,DNS,624,4.51,3,NO,Tamale
3140,2026-05-03 11:25:46,VLan10,HR,Mobile,DNS,318,4.97,14,NO,TAKORADI
3141,2026-02-05 16:00:44,VLan10,HR,Mobile,HTTP,234,3.99,9,NO,KUMASI
3142,2026-09-27 15:24:09,VLan40,Sales,Laptop,SSH,383,4.8,13,NO,ACCRA
3143,2026-07-20 17:21:34,VLan40,Sales,Server,FTP,399,4.46,5,NO,ACCRA
3144,2026-08-31 05:37:13,VLan40,Sales,Laptop,DNS,572,3.52,1,NO,TAKORADI
3145,2026-06-01 14:51:45,VLan10,HR,Laptop,HTTPS,476,3.27,13,NO,ACCRA
3146,2026-06-26 07:55:17,VLan30,IT,Laptop,DNS,1013,0.45,11,NO,KUMASI
3147,2026-11-17 02:54:50,VLan30,IT,Laptop,FTP,1111,1.68,4,YES,Tamale
3148,2026-11-02 00:09:00,VLan20,Finance,Router,DNS,593,1.56,15,NO,KUMASI
3149,2026-01-06 14:55:02,VLan10,HR,Desktop,FTP,411,2.19,0,NO,ACCRA
3150,2026-08-29 00:57:14,VLan10,HR,Desktop,SMTP,657,4.49,15,NO,ACCRA
3151,2026-08-17 05:58:26,VLan40,Sales,Mobile,SMTP,426,2.41,0,NO,Tamale
3152,2026-02-12 19:41:28,VLan10,HR,Laptop,SMTP,309,2.49,1,NO,TEMA
3153,2026-08-03 19:32:17,VLan40,Sales,Desktop,HTTPS,581,3.77,12,NO,TAKORADI
3154,2026-04-01 00:53:46,VLan20,Finance,Router,DNS,306,1.55,15,NO,TEMA
3155,2026-08-22 15:10:05,VLan30,IT,Router,FTP,826,2.45,12,NO,KUMASI
3156,2026-12-16 23:34:21,VLan20,Finance,Mobile,DNS,326,1.86,3,NO,TAKORADI
3157,2026-04-29 12:25:30,VLan10,HR,Desktop,FTP,286,4.48,7,NO,KUMASI
3158,2026-02-12 21:34:06,VLan20,Finance,Laptop,SSH,652,0.26,15,NO,ACCRA
3159,2026-08-17 15:00:03,VLan10,HR,Router,HTTP,656,4.45,0,NO,ACCRA
3160,2026-09-08 20:03:49,VLan30,IT,Laptop,DNS,1043,2.36,5,NO,KUMASI
3161,2026-03-08 17:41:07,VLan30,IT,Router,DNS,1027,1.19,8,NO,Tamale
3162,2026-01-14 16:27:47,VLan10,HR,Laptop,HTTP,462,1.66,6,NO,ACCRA
3163,2026-09-04 01:36:07,VLan10,HR,Laptop,SSH,672,0.51,13,NO,ACCRA
3164,2026-04-06 01:11:04,VLan40,Sales,Server,FTP,350,1.26,6,NO,ACCRA
3165,2026-04-08 13:54:54,VLan20,Finance,Desktop,HTTP,222,3.79,2,NO,ACCRA
3166,2026-11-06 13:34:22,VLan30,IT,Laptop,SSH,550,1.01,9,NO,Tamale
3167,2026-02-27 12:49:50,VLan40,Sales,Laptop,HTTPS,440,0.53,0,NO,TAKORADI
3168,2026-03-09 03:01:00,VLan30,IT,Laptop,DNS,1171,2.48,3,NO,TAKORADI
3169,2026-11-23 02:52:45,VLan40,Sales,Mobile,SSH,639,2.15,4,NO,KUMASI
3170,2026-12-04 17:50:30,VLan10,HR,Server,SSH,462,4.15,12,NO,Tamale
3171,2026-11-23 08:54:30,VLan20,Finance,Desktop,SSH,456,3.94,15,NO,TEMA
3172,2026-04-06 16:28:28,VLan40,Sales,Server,HTTP,184,1.36,4,NO,ACCRA
3173,2026-12-22 22:26:39,VLan40,Sales,Router,FTP,672,2.38,9,NO,TEMA
3174,2026-11-05 21:03:48,VLan40,Sales,Mobile,SMTP,549,0.54,10,NO,TEMA
3175,2026-03-06 07:46:52,VLan20,Finance,Desktop,SSH,135,3.38,2,NO,KUMASI
3176,2026-07-28 19:42:37,VLan30,IT,Desktop,SSH,613,3.31,7,NO,KUMASI
3177,2026-08-29 11:06:31,VLan40,Sales,Laptop,HTTPS,574,1.1,7,NO,TEMA
3178,2026-09-21 09:44:37,VLan40,Sales,Server,HTTPS,106,2.03,3,NO,TEMA
3179,2026-06-17 06:47:19,VLan40,Sales,Router,HTTP,253,3.74,9,NO,TEMA
3180,2026-03-23 12:37:24,VLan10,HR,Server,HTTP,115,2.31,2,NO,TEMA
3181,2026-12-03 13:28:21,VLan40,Sales,Desktop,FTP,296,0.75,3,NO,Tamale
3182,2026-01-15 10:41:45,VLan10,HR,Router,SMTP,326,3.52,12,NO,TAKORADI
3183,2026-11-06 23:47:46,VLan30,IT,Router,SSH,522,3.37,10,NO,ACCRA
3184,2026-05-20 15:17:38,VLan40,Sales,Server,DNS,211,1.25,3,NO,ACCRA
3185,2026-07-27 07:06:19,VLan30,IT,Mobile,DNS,684,3.97,0,NO,KUMASI
3186,2026-01-14 13:22:46,VLan40,Sales,Desktop,SMTP,444,1.8,4,NO,TAKORADI
3187,2026-02-20 04:09:16,VLan30,IT,Router,FTP,1163,0.5,1,YES,KUMASI
3188,2026-05-24 18:40:57,VLan20,Finance,Mobile,SSH,637,1.47,2,NO,ACCRA
3189,2026-02-20 08:05:56,VLan40,Sales,Server,FTP,451,0.4,2,NO,KUMASI
3190,2026-03-21 12:59:51,VLan40,Sales,Router,FTP,700,2.27,14,NO,Tamale
3191,2026-06-23 16:09:10,VLan10,HR,Router,DNS,402,2.25,11,NO,TEMA
3192,2026-12-29 22:29:37,VLan30,IT,Laptop,SMTP,1032,2.88,15,NO,TEMA
3193,2026-06-25 00:29:32,VLan10,HR,Desktop,DNS,253,4.15,1,NO,TEMA
3194,2026-03-16 02:38:37,VLan40,Sales,Router,SSH,347,2.9,15,NO,ACCRA
3195,2026-11-24 20:23:13,VLan20,Finance,Laptop,FTP,373,3.16,14,NO,KUMASI
3196,2026-03-31 15:36:30,VLan20,Finance,Mobile,HTTP,345,4.32,7,NO,TEMA
3197,2026-09-09 22:00:28,VLan20,Finance,Desktop,DNS,132,4.41,5,NO,ACCRA
3198,2026-11-14 18:49:08,VLan20,Finance,Router,SMTP,232,0.84,9,NO,ACCRA
3199,2026-03-09 23:30:56,VLan40,Sales,Mobile,HTTPS,152,3.53,10,NO,ACCRA
3200,2026-11-22 03:34:48,VLan10,HR,Mobile,HTTP,334,3.93,9,NO,TAKORADI
3201,2026-08-24 23:04:00,VLan20,Finance,Router,HTTP,486,4.31,5,NO,ACCRA
3202,2026-03-21 11:22:13,VLan10,HR,Desktop,SMTP,536,0.78,3,NO,Tamale
3203,2026-11-29 21:01:29,VLan30,IT,Desktop,HTTP,736,3.19,4,NO,Tamale
3204,2026-05-10 00:45:56,VLan10,HR,Router,HTTP,235,4.24,12,NO,KUMASI
3205,2026-08-20 08:21:53,VLan20,Finance,Server,HTTP,210,1.85,6,NO,TEMA
3206,2026-01-13 21:09:45,VLan40,Sales,Desktop,DNS,144,4.05,4,NO,ACCRA
3207,2026-03-25 07:47:22,VLan40,Sales,Desktop,FTP,534,3.1,10,NO,TEMA
3208,2026-06-06 14:50:37,VLan20,Finance,Server,HTTPS,240,3.71,1,NO,TAKORADI
3209,2026-04-01 18:06:05,VLan20,Finance,Laptop,SMTP,461,0.86,1,NO,Tamale
3210,2026-01-04 01:39:34,VLan30,IT,Router,SSH,690,4.89,7,NO,TAKORADI
3211,2026-05-07 14:26:54,VLan30,IT,Server,DNS,1083,3.6,6,NO,TEMA
3212,2026-12-24 21:18:13,VLan20,Finance,Router,SSH,109,3.28,9,NO,TEMA
3213,2026-12-05 11:53:28,VLan10,HR,Desktop,FTP,427,1.43,3,NO,KUMASI
3214,2026-07-04 07:02:43,VLan20,Finance,Mobile,HTTPS,534,3.95,15,NO,TEMA
3215,2026-02-09 20:37:44,VLan10,HR,Mobile,FTP,360,0.41,2,NO,KUMASI
3216,2026-05-19 22:42:44,VLan10,HR,Server,SMTP,385,3.56,13,NO,Tamale
3217,2026-10-25 01:46:14,VLan10,HR,Server,HTTP,149,2.44,15,NO,ACCRA
3218,2026-07-06 05:59:31,VLan20,Finance,Desktop,DNS,359,4.78,2,NO,ACCRA
3219,2026-05-04 06:08:24,VLan40,Sales,Laptop,FTP,318,1.17,13,NO,TAKORADI
3220,2026-04-16 04:59:27,VLan10,HR,Mobile,SSH,483,1.95,15,NO,TAKORADI
3221,2026-06-17 08:19:16,VLan40,Sales,Mobile,SMTP,564,2.02,0,NO,TAKORADI
3222,2026-09-28 20:40:11,VLan10,HR,Mobile,SMTP,380,4.27,12,NO,KUMASI
3223,2026-06-08 20:18:12,VLan20,Finance,Laptop,FTP,517,4.27,10,NO,Tamale
3224,2026-02-26 23:01:37,VLan30,IT,Laptop,SSH,806,1.18,5,NO,TEMA
3225,2026-09-29 14:56:39,VLan20,Finance,Laptop,DNS,111,1.92,1,NO,KUMASI
3226,2026-01-25 17:10:48,VLan40,Sales,Desktop,HTTP,289,1.01,9,NO,TEMA
3227,2026-01-05 18:43:10,VLan40,Sales,Server,DNS,280,2.44,2,NO,TEMA
3228,2026-11-29 21:00:23,VLan20,Finance,Laptop,HTTPS,475,3.76,2,NO,Tamale
3229,2026-05-18 22:38:16,VLan10,HR,Desktop,SMTP,116,4.87,14,NO,KUMASI
3230,2026-07-22 03:51:04,VLan10,HR,Laptop,SMTP,149,0.92,14,NO,KUMASI
3231,2026-10-03 06:31:51,VLan10,HR,Server,DNS,372,2.08,1,NO,KUMASI
3232,2026-10-10 11:42:30,VLan10,HR,Desktop,HTTP,544,3.8,15,NO,TAKORADI
3233,2026-03-04 07:41:39,VLan10,HR,Laptop,SSH,553,3.38,10,NO,ACCRA
3234,2026-08-22 21:52:51,VLan20,Finance,Mobile,SSH,326,3.31,2,NO,KUMASI
3235,2026-09-28 21:38:30,VLan10,HR,Router,HTTPS,153,1.62,0,NO,Tamale
3236,2026-08-26 21:10:45,VLan30,IT,Router,SMTP,833,0.85,8,NO,Tamale
3237,2026-02-16 00:29:49,VLan40,Sales,Laptop,FTP,663,3.88,15,NO,ACCRA
3238,2026-12-03 20:43:04,VLan40,Sales,Router,DNS,544,4.06,12,NO,Tamale
3239,2026-11-21 10:28:11,VLan40,Sales,Router,HTTP,344,2.47,13,NO,Tamale
3240,2026-04-23 22:46:59,VLan40,Sales,Desktop,SMTP,308,1.66,13,NO,ACCRA
3241,2026-01-13 16:48:05,VLan30,IT,Router,HTTP,523,1.17,14,NO,Tamale
3242,2026-03-17 13:53:36,VLan20,Finance,Server,SMTP,493,4.75,4,NO,TAKORADI
3243,2026-02-23 17:08:28,VLan40,Sales,Router,SSH,620,1.6,14,NO,ACCRA
3244,2026-04-26 00:46:31,VLan20,Finance,Server,HTTPS,400,3.88,4,NO,TEMA
3245,2026-08-23 14:05:06,VLan30,IT,Router,DNS,554,3.7,13,NO,TEMA
3246,2026-02-20 18:28:52,VLan20,Finance,Server,FTP,630,1.42,3,NO,TEMA
3247,2026-06-06 13:50:34,VLan20,Finance,Laptop,DNS,340,0.95,8,NO,TAKORADI
3248,2026-07-22 15:31:08,VLan20,Finance,Server,SSH,199,3.8,3,NO,Tamale
3249,2026-03-22 04:36:11,VLan20,Finance,Desktop,FTP,350,2.97,8,NO,TAKORADI
3250,2026-08-09 22:31:33,VLan40,Sales,Server,HTTPS,488,0.45,6,NO,ACCRA
3251,2026-05-25 14:23:25,VLan10,HR,Router,HTTP,697,4.08,7,NO,Tamale
3252,2026-11-21 09:04:46,VLan40,Sales,Mobile,SSH,617,2.43,8,NO,ACCRA
3253,2026-09-05 17:35:11,VLan40,Sales,Server,HTTPS,239,4.56,13,NO,KUMASI
3254,2026-09-07 05:20:30,VLan30,IT,Server,FTP,615,3.03,7,NO,ACCRA
3255,2026-04-08 04:14:15,VLan30,IT,Desktop,FTP,772,0.32,10,NO,ACCRA
3256,2026-12-24 18:31:28,VLan10,HR,Router,SMTP,175,2.78,8,NO,TAKORADI
3257,2026-09-09 22:25:35,VLan20,Finance,Desktop,SMTP,105,2.78,8,NO,ACCRA
3258,2026-11-10 04:16:16,VLan40,Sales,Server,DNS,561,1.26,11,NO,Tamale
3259,2026-05-24 23:35:44,VLan30,IT,Laptop,HTTP,525,0.99,9,NO,TEMA
3260,2026-03-16 21:59:53,VLan40,Sales,Mobile,SSH,180,3.37,10,NO,KUMASI
3261,2026-05-02 09:28:04,VLan30,IT,Router,HTTP,974,1.15,0,NO,ACCRA
3262,2026-01-12 21:57:57,VLan10,HR,Laptop,HTTPS,263,2.3,9,NO,TEMA
3263,2026-11-01 02:50:43,VLan40,Sales,Mobile,SMTP,382,0.42,11,NO,KUMASI
3264,2026-08-31 11:28:46,VLan30,IT,Mobile,HTTPS,889,3.46,0,NO,TAKORADI
3265,2026-05-06 21:11:16,VLan30,IT,Router,HTTP,1188,1.42,13,NO,TEMA
3266,2026-04-04 06:41:09,VLan30,IT,Mobile,HTTP,722,1.95,2,NO,TAKORADI
3267,2026-01-06 13:33:19,VLan10,HR,Laptop,SSH,116,0.57,2,NO,TAKORADI
3268,2026-11-28 00:45:41,VLan10,HR,Router,HTTPS,185,0.99,6,NO,ACCRA
3269,2026-12-09 16:05:16,VLan40,Sales,Mobile,SSH,285,4.37,4,NO,KUMASI
3270,2026-07-09 18:15:52,VLan30,IT,Mobile,HTTPS,656,3.22,1,NO,TAKORADI
3271,2026-01-21 08:20:50,VLan30,IT,Desktop,DNS,802,2.07,2,NO,TEMA
3272,2026-09-28 17:24:20,VLan20,Finance,Desktop,SSH,579,2.28,7,NO,TAKORADI
3273,2026-11-20 02:28:52,VLan10,HR,Mobile,HTTP,197,2.27,14,NO,TAKORADI
3274,2026-12-08 08:29:27,VLan40,Sales,Laptop,HTTP,458,2.16,4,NO,ACCRA
3275,2026-02-26 18:55:15,VLan10,HR,Router,DNS,344,2.69,3,NO,TEMA
3276,2026-06-15 10:35:01,VLan40,Sales,Desktop,SSH,647,1.3,5,NO,TAKORADI
3277,2026-03-23 17:09:08,VLan40,Sales,Router,DNS,221,1.46,15,NO,TEMA
3278,2026-12-25 12:21:13,VLan40,Sales,Server,HTTP,505,2.94,7,NO,TEMA
3279,2026-09-24 01:53:10,VLan30,IT,Router,FTP,906,1.5,5,YES,TEMA
3280,2026-08-26 16:41:20,VLan20,Finance,Mobile,HTTPS,488,0.75,13,NO,KUMASI
3281,2026-09-14 00:41:17,VLan20,Finance,Desktop,HTTPS,319,3.59,14,NO,KUMASI
3282,2026-04-21 06:01:30,VLan10,HR,Mobile,DNS,608,1.35,8,NO,Tamale
3283,2026-02-13 12:32:22,VLan20,Finance,Server,SSH,378,1.13,8,NO,TAKORADI
3284,2026-10-24 09:16:11,VLan40,Sales,Server,HTTPS,306,1.95,8,NO,Tamale
3285,2026-05-07 15:52:19,VLan10,HR,Server,HTTPS,217,2.05,5,NO,TAKORADI
3286,2026-10-03 23:28:47,VLan10,HR,Server,HTTP,455,2.21,10,NO,TEMA
3287,2026-08-30 19:39:45,VLan10,HR,Desktop,DNS,523,3.59,0,NO,KUMASI
3288,2026-04-14 21:35:28,VLan20,Finance,Router,SMTP,599,1.71,5,NO,KUMASI
3289,2026-04-25 05:50:34,VLan30,IT,Router,HTTP,680,0.6,4,NO,TAKORADI
3290,2026-01-05 14:08:08,VLan20,Finance,Server,HTTPS,290,1.24,10,NO,ACCRA
3291,2026-08-15 00:18:34,VLan20,Finance,Server,FTP,420,3.75,15,NO,Tamale
3292,2026-07-14 14:00:05,VLan20,Finance,Server,DNS,244,1.44,8,NO,KUMASI
3293,2026-08-02 15:53:46,VLan30,IT,Router,HTTP,1052,2.11,10,NO,TAKORADI
3294,2026-07-17 20:07:21,VLan10,HR,Laptop,SMTP,369,1.71,2,NO,TEMA
3295,2026-04-14 00:55:45,VLan40,Sales,Server,HTTPS,202,0.64,15,NO,ACCRA
3296,2026-04-30 23:52:09,VLan40,Sales,Mobile,HTTP,648,3.79,14,NO,ACCRA
3297,2026-12-13 06:15:33,VLan40,Sales,Desktop,FTP,677,4.97,1,NO,TAKORADI
3298,2026-06-01 09:50:32,VLan30,IT,Laptop,HTTPS,824,1.95,4,NO,Tamale
3299,2026-10-28 17:06:21,VLan20,Finance,Router,SSH,610,1.51,4,NO,ACCRA
3300,2026-12-23 16:20:19,VLan20,Finance,Laptop,HTTPS,469,0.67,13,NO,TEMA
3301,2026-12-30 22:04:47,VLan10,HR,Router,HTTP,605,3.72,12,NO,KUMASI
3302,2026-02-04 03:37:14,VLan30,IT,Router,SMTP,964,0.87,13,NO,KUMASI
3303,2026-10-24 12:35:46,VLan40,Sales,Desktop,SSH,152,0.42,1,NO,Tamale
3304,2026-10-19 08:00:02,VLan30,IT,Server,HTTPS,1085,4.39,5,NO,TAKORADI
3305,2026-09-26 08:45:01,VLan20,Finance,Laptop,HTTPS,586,0.29,14,NO,TAKORADI
3306,2026-08-29 00:20:56,VLan40,Sales,Router,SMTP,274,1.24,3,NO,ACCRA
3307,2026-07-09 21:38:54,VLan40,Sales,Mobile,SMTP,258,4.45,2,NO,TEMA
3308,2026-06-02 16:17:14,VLan30,IT,Mobile,DNS,601,1.31,5,NO,KUMASI
3309,2026-07-24 01:51:27,VLan10,HR,Desktop,HTTP,417,1.73,1,NO,ACCRA
3310,2026-06-29 06:17:39,VLan10,HR,Mobile,FTP,149,1.9,0,NO,TEMA
3311,2026-10-10 08:11:29,VLan40,Sales,Server,DNS,664,3.01,13,NO,KUMASI
3312,2026-02-06 01:45:51,VLan20,Finance,Mobile,SSH,300,3,10,NO,TAKORADI
3313,2026-01-07 10:01:09,VLan30,IT,Server,SMTP,658,0.3,1,NO,Tamale
3314,2026-12-18 04:29:33,VLan40,Sales,Mobile,DNS,582,4.33,0,NO,KUMASI
3315,2026-12-09 00:59:51,VLan20,Finance,Router,SSH,160,4.76,7,NO,TEMA
3316,2026-12-02 23:36:23,VLan30,IT,Router,FTP,1199,0.09,15,YES,TEMA
3317,2026-04-23 21:12:34,VLan20,Finance,Router,HTTPS,486,4.46,10,NO,TEMA
3318,2026-12-30 01:57:03,VLan10,HR,Mobile,HTTP,532,4.65,0,NO,Tamale
3319,2026-06-05 06:52:16,VLan10,HR,Server,FTP,417,2.17,13,NO,TAKORADI
3320,2026-03-20 17:11:21,VLan10,HR,Desktop,SSH,379,1.79,9,NO,Tamale
3321,2026-07-17 12:48:08,VLan30,IT,Mobile,DNS,1106,4.25,3,NO,Tamale
3322,2026-04-21 09:24:30,VLan40,Sales,Laptop,SMTP,195,4.13,4,NO,TAKORADI
3323,2026-06-24 03:42:57,VLan30,IT,Mobile,SSH,797,3.25,2,NO,TAKORADI
3324,2026-10-11 08:11:37,VLan20,Finance,Desktop,SSH,697,3.73,10,NO,TAKORADI
3325,2026-01-08 20:18:22,VLan40,Sales,Desktop,HTTPS,333,1.2,7,NO,Tamale
3326,2026-08-13 09:23:55,VLan30,IT,Router,HTTP,1058,0.3,0,NO,Tamale
3327,2026-03-31 13:25:37,VLan40,Sales,Laptop,SMTP,572,1.51,1,NO,Tamale
3328,2026-08-13 10:36:12,VLan10,HR,Laptop,FTP,679,0.84,5,NO,TEMA
3329,2026-06-09 09:44:35,VLan40,Sales,Mobile,SMTP,169,0.81,9,NO,TEMA
3330,2026-09-20 22:47:08,VLan20,Finance,Desktop,SSH,280,1.4,14,NO,TAKORADI
3331,2026-02-06 08:43:32,VLan40,Sales,Server,DNS,629,2.55,8,NO,Tamale
3332,2026-12-29 05:42:24,VLan10,HR,Router,DNS,471,4.97,15,NO,TAKORADI
3333,2026-11-01 19:59:40,VLan40,Sales,Mobile,HTTP,357,1.18,9,NO,TEMA
3334,2026-03-08 19:22:32,VLan40,Sales,Desktop,SSH,535,2.65,0,NO,TAKORADI
3335,2026-03-29 03:14:03,VLan10,HR,Mobile,FTP,312,3.23,10,NO,TEMA
3336,2026-04-04 18:52:16,VLan30,IT,Mobile,HTTP,688,4.28,11,NO,TEMA
3337,2026-06-19 09:28:37,VLan10,HR,Laptop,DNS,185,3.33,5,NO,TAKORADI
3338,2026-09-27 06:16:32,VLan40,Sales,Laptop,FTP,553,2.29,14,NO,TAKORADI
3339,2026-03-19 23:29:54,VLan10,HR,Server,DNS,399,0.32,3,NO,Tamale
3340,2026-09-26 07:36:11,VLan20,Finance,Mobile,DNS,213,3.02,9,NO,ACCRA
3341,2026-08-22 04:13:39,VLan40,Sales,Laptop,FTP,611,1.92,6,NO,Tamale
3342,2026-03-08 12:48:36,VLan30,IT,Laptop,HTTP,682,1.4,0,NO,KUMASI
3343,2026-12-03 11:05:24,VLan40,Sales,Desktop,HTTPS,561,4.36,1,NO,Tamale
3344,2026-02-13 23:37:09,VLan20,Finance,Mobile,SMTP,494,4.09,1,NO,TAKORADI
3345,2026-03-16 09:03:47,VLan20,Finance,Desktop,FTP,318,2.84,3,NO,TAKORADI
3346,2026-03-21 21:39:08,VLan30,IT,Mobile,DNS,1170,3.26,9,NO,KUMASI
3347,2026-07-25 07:50:28,VLan40,Sales,Mobile,HTTP,454,3.91,14,NO,KUMASI
3348,2026-07-28 17:19:09,VLan40,Sales,Mobile,DNS,403,2.55,9,NO,TAKORADI
3349,2026-08-18 07:46:02,VLan40,Sales,Laptop,SMTP,360,2.93,14,NO,Tamale
3350,2026-03-06 16:37:10,VLan30,IT,Desktop,SSH,943,1.74,4,YES,Tamale
3351,2026-05-12 01:35:58,VLan20,Finance,Laptop,HTTP,689,3.81,10,NO,ACCRA
3352,2026-04-30 04:31:14,VLan40,Sales,Mobile,SMTP,417,0.99,4,NO,ACCRA
3353,2026-09-08 14:06:02,VLan20,Finance,Mobile,SMTP,324,3.71,8,NO,KUMASI
3354,2026-05-28 20:31:03,VLan30,IT,Laptop,SMTP,870,3.11,3,NO,KUMASI
3355,2026-03-19 17:12:32,VLan30,IT,Laptop,HTTP,570,1.92,10,NO,Tamale
3356,2026-02-04 16:43:30,VLan40,Sales,Server,HTTP,137,0.39,3,NO,TEMA
3357,2026-09-06 23:41:13,VLan30,IT,Mobile,SSH,923,3.4,11,YES,TAKORADI
3358,2026-08-21 00:26:04,VLan10,HR,Mobile,FTP,641,3.71,6,NO,TEMA
3359,2026-03-15 12:41:10,VLan30,IT,Laptop,DNS,808,2.38,6,NO,Tamale
3360,2026-01-24 03:39:49,VLan30,IT,Mobile,HTTPS,580,2.15,11,NO,TEMA
3361,2026-04-30 06:42:50,VLan30,IT,Desktop,DNS,664,1.85,9,NO,TEMA
3362,2026-02-22 07:38:29,VLan40,Sales,Desktop,SSH,183,2.3,4,NO,TEMA
3363,2026-08-23 13:39:28,VLan20,Finance,Desktop,HTTP,673,2.58,3,NO,ACCRA
3364,2026-08-06 23:23:42,VLan20,Finance,Router,DNS,661,4.55,14,NO,TAKORADI
3365,2026-07-27 14:58:55,VLan10,HR,Mobile,DNS,451,2.79,8,NO,TAKORADI
3366,2026-10-30 16:35:59,VLan40,Sales,Desktop,HTTPS,387,2.06,4,NO,ACCRA
3367,2026-10-25 16:53:28,VLan30,IT,Server,SSH,816,0.45,13,NO,TAKORADI
3368,2026-05-11 18:36:50,VLan20,Finance,Router,FTP,616,3.62,7,NO,TAKORADI
3369,2026-04-15 21:08:48,VLan40,Sales,Desktop,SMTP,446,2.9,13,NO,ACCRA
3370,2026-06-30 15:28:38,VLan40,Sales,Router,HTTPS,565,2.69,2,NO,TEMA
3371,2026-09-20 13:32:49,VLan10,HR,Server,FTP,318,3.74,1,NO,KUMASI
3372,2026-04-01 07:52:15,VLan30,IT,Server,HTTPS,1139,4.53,13,NO,TEMA
3373,2026-03-27 05:33:48,VLan20,Finance,Mobile,SMTP,127,1.11,7,NO,KUMASI
3374,2026-07-09 08:01:17,VLan10,HR,Server,SSH,196,4.16,9,NO,KUMASI
3375,2026-07-23 22:07:51,VLan10,HR,Server,DNS,179,0.28,6,NO,TEMA
3376,2026-09-19 17:59:07,VLan10,HR,Mobile,HTTP,248,2.1,4,NO,KUMASI
3377,2026-07-26 04:07:54,VLan40,Sales,Server,SSH,665,3.6,14,NO,Tamale
3378,2026-10-19 05:14:56,VLan30,IT,Server,HTTPS,1059,1.17,14,NO,TEMA
3379,2026-08-18 13:02:59,VLan40,Sales,Mobile,FTP,122,4.74,15,NO,TEMA
3380,2026-03-07 00:35:03,VLan30,IT,Laptop,SSH,547,1.21,0,NO,TEMA
3381,2026-05-18 22:56:37,VLan40,Sales,Desktop,HTTP,648,3.44,14,NO,TEMA
3382,2026-05-09 18:44:56,VLan10,HR,Laptop,FTP,199,3.03,5,NO,TAKORADI
3383,2026-01-26 18:18:25,VLan20,Finance,Desktop,SMTP,631,0.25,2,NO,ACCRA
3384,2026-06-26 16:09:39,VLan10,HR,Server,HTTP,606,3.84,1,NO,KUMASI
3385,2026-05-28 20:06:38,VLan40,Sales,Router,DNS,243,1,14,NO,KUMASI
3386,2026-08-13 21:19:07,VLan30,IT,Mobile,HTTPS,675,1.44,8,NO,TAKORADI
3387,2026-12-31 00:13:23,VLan10,HR,Server,SSH,419,3.7,9,NO,KUMASI
3388,2026-06-20 12:41:09,VLan10,HR,Laptop,HTTPS,368,1.99,14,NO,KUMASI
3389,2026-04-13 18:41:19,VLan10,HR,Mobile,HTTP,681,4.8,7,NO,Tamale
3390,2026-06-07 05:14:02,VLan40,Sales,Router,FTP,498,2.96,5,NO,TAKORADI
3391,2026-03-12 05:19:38,VLan40,Sales,Desktop,DNS,137,3.21,6,NO,Tamale
3392,2026-10-18 12:14:08,VLan40,Sales,Server,FTP,415,3.91,3,NO,TAKORADI
3393,2026-08-07 04:14:05,VLan20,Finance,Mobile,HTTPS,676,3.93,12,NO,TEMA
3394,2026-03-31 18:36:21,VLan20,Finance,Router,SMTP,615,0.27,4,NO,ACCRA
3395,2026-10-21 18:27:23,VLan20,Finance,Laptop,HTTP,216,4.39,3,NO,TEMA
3396,2026-09-29 07:30:30,VLan10,HR,Server,SSH,683,0.22,12,NO,ACCRA
3397,2026-08-22 09:37:39,VLan30,IT,Server,SMTP,1166,0.02,10,NO,ACCRA
3398,2026-01-10 03:49:40,VLan20,Finance,Mobile,HTTP,401,2.97,15,NO,KUMASI
3399,2026-01-29 17:34:25,VLan10,HR,Desktop,SMTP,631,2.15,15,NO,Tamale
3400,2026-10-04 12:51:47,VLan10,HR,Router,HTTPS,271,1.78,11,NO,KUMASI
3401,2026-09-17 15:08:29,VLan30,IT,Router,SSH,515,0.79,7,NO,Tamale
3402,2026-02-13 21:01:57,VLan40,Sales,Laptop,HTTPS,230,1.05,7,NO,TAKORADI
3403,2026-10-29 03:40:02,VLan40,Sales,Desktop,HTTPS,612,2.56,14,NO,TEMA
3404,2026-11-18 21:08:36,VLan10,HR,Router,SMTP,472,4.64,7,NO,TAKORADI
3405,2026-06-27 22:32:54,VLan10,HR,Laptop,HTTPS,201,3.06,10,NO,TAKORADI
3406,2026-10-16 09:23:06,VLan30,IT,Laptop,SSH,773,4.28,2,NO,KUMASI
3407,2026-04-17 20:31:23,VLan10,HR,Desktop,HTTP,510,4.75,15,NO,ACCRA
3408,2026-01-03 08:57:18,VLan40,Sales,Desktop,SMTP,128,2.52,3,NO,TEMA
3409,2026-07-19 15:50:49,VLan20,Finance,Mobile,SMTP,466,4.79,8,NO,TAKORADI
3410,2026-06-16 07:58:31,VLan10,HR,Server,FTP,391,0.72,9,NO,KUMASI
3411,2026-04-25 19:03:38,VLan20,Finance,Server,DNS,561,2.27,2,NO,ACCRA
3412,2026-03-14 10:57:26,VLan30,IT,Laptop,HTTP,936,4.76,10,NO,Tamale
3413,2026-01-31 23:45:19,VLan10,HR,Router,SSH,563,4.93,14,NO,TAKORADI
3414,2026-01-15 01:55:21,VLan10,HR,Mobile,SMTP,119,2.79,15,NO,TEMA
3415,2026-07-30 23:22:44,VLan20,Finance,Desktop,DNS,411,2.78,12,NO,Tamale
3416,2026-11-02 04:22:05,VLan20,Finance,Server,FTP,271,2.89,3,NO,ACCRA
3417,2026-01-28 02:44:07,VLan30,IT,Laptop,HTTP,989,1.76,9,NO,Tamale
3418,2026-03-18 21:29:40,VLan20,Finance,Server,DNS,151,4.2,0,NO,ACCRA
3419,2026-11-20 12:58:22,VLan20,Finance,Mobile,DNS,251,0.15,10,NO,KUMASI
3420,2026-08-25 06:21:50,VLan10,HR,Server,HTTP,174,3.21,0,NO,TEMA
3421,2026-07-22 23:25:35,VLan30,IT,Server,FTP,669,4.14,9,NO,TAKORADI
3422,2026-04-22 14:53:41,VLan40,Sales,Desktop,SSH,547,1.7,6,NO,ACCRA
3423,2026-12-28 09:18:33,VLan30,IT,Mobile,HTTP,954,3.05,14,NO,ACCRA
3424,2026-10-21 13:04:28,VLan40,Sales,Laptop,HTTP,193,3,13,NO,KUMASI
3425,2026-09-14 04:49:07,VLan10,HR,Server,FTP,221,1.57,9,NO,TEMA
3426,2026-10-01 08:55:49,VLan10,HR,Router,FTP,601,0.79,9,NO,TEMA
3427,2026-12-09 15:12:02,VLan10,HR,Mobile,FTP,229,2.33,10,NO,TAKORADI
3428,2026-05-17 13:51:54,VLan30,IT,Mobile,DNS,985,0.73,5,NO,TAKORADI
3429,2026-07-27 20:41:41,VLan40,Sales,Server,SMTP,115,4.86,4,NO,ACCRA
3430,2026-10-19 20:24:00,VLan30,IT,Desktop,SSH,978,1.26,2,YES,KUMASI
3431,2026-02-07 05:01:30,VLan40,Sales,Router,SMTP,505,0.55,13,NO,TEMA
3432,2026-07-05 12:22:02,VLan30,IT,Server,HTTPS,1042,3.58,9,NO,KUMASI
3433,2026-08-30 02:43:05,VLan10,HR,Server,FTP,494,1.02,11,NO,ACCRA
3434,2026-08-16 06:50:28,VLan10,HR,Laptop,HTTPS,150,0.57,0,NO,ACCRA
3435,2026-03-09 22:11:52,VLan40,Sales,Desktop,FTP,352,1.85,2,NO,Tamale
3436,2026-07-07 12:42:26,VLan20,Finance,Desktop,DNS,546,0.01,13,NO,ACCRA
3437,2026-06-10 17:06:21,VLan10,HR,Router,SSH,408,0.35,2,NO,KUMASI
3438,2026-02-05 03:33:33,VLan30,IT,Mobile,HTTP,1000,0.15,7,NO,Tamale
3439,2026-12-10 18:49:34,VLan30,IT,Router,FTP,1039,4.22,10,YES,Tamale
3440,2026-03-14 15:05:02,VLan10,HR,Mobile,HTTPS,611,2.97,9,NO,Tamale
3441,2026-09-22 07:11:21,VLan10,HR,Router,SSH,131,4.71,11,NO,ACCRA
3442,2026-09-02 23:06:42,VLan20,Finance,Laptop,DNS,462,2.75,7,NO,KUMASI
3443,2026-06-17 13:26:29,VLan30,IT,Server,DNS,602,3.44,8,NO,KUMASI
3444,2026-12-06 19:39:26,VLan10,HR,Server,HTTPS,663,0.28,8,NO,ACCRA
3445,2026-05-06 21:37:25,VLan40,Sales,Router,SMTP,122,1.58,14,NO,KUMASI
3446,2026-05-03 05:48:47,VLan30,IT,Desktop,SSH,857,4.13,13,NO,Tamale
3447,2026-01-10 15:24:04,VLan10,HR,Laptop,SSH,306,2.66,12,NO,ACCRA
3448,2026-04-14 15:50:22,VLan20,Finance,Server,HTTPS,170,0.21,7,NO,ACCRA
3449,2026-04-16 07:44:23,VLan40,Sales,Laptop,HTTP,439,0.31,11,NO,KUMASI
3450,2026-01-09 07:15:17,VLan30,IT,Laptop,DNS,1069,4.4,11,NO,Tamale
3451,2026-04-02 06:17:03,VLan40,Sales,Server,FTP,191,1.91,15,NO,Tamale
3452,2026-02-14 17:36:43,VLan30,IT,Router,SMTP,959,4.81,6,NO,TEMA
3453,2026-06-22 07:48:44,VLan20,Finance,Desktop,HTTP,396,4.45,3,NO,ACCRA
3454,2026-10-29 01:14:23,VLan30,IT,Laptop,HTTPS,886,0.62,8,NO,ACCRA
3455,2026-12-23 16:38:26,VLan30,IT,Mobile,HTTPS,973,4.88,4,NO,TAKORADI
3456,2026-12-21 18:25:41,VLan40,Sales,Mobile,HTTP,274,0.85,6,NO,TEMA
3457,2026-02-21 15:05:06,VLan30,IT,Mobile,SMTP,1101,2.99,3,NO,ACCRA
3458,2026-12-23 00:02:10,VLan30,IT,Laptop,HTTP,943,3.29,10,NO,TEMA
3459,2026-02-05 05:10:04,VLan30,IT,Desktop,FTP,1150,3.56,2,YES,KUMASI
3460,2026-05-18 09:46:10,VLan20,Finance,Router,FTP,286,0.84,13,NO,TAKORADI
3461,2026-04-12 05:38:37,VLan30,IT,Laptop,DNS,893,0.54,1,NO,TEMA
3462,2026-02-27 16:44:48,VLan30,IT,Laptop,DNS,606,1.35,11,NO,Tamale
3463,2026-05-12 15:17:05,VLan40,Sales,Server,SMTP,302,3.01,10,NO,KUMASI
3464,2026-08-17 12:36:16,VLan20,Finance,Laptop,FTP,692,2.13,14,NO,TEMA
3465,2026-08-03 23:48:00,VLan20,Finance,Router,HTTPS,675,3.04,12,NO,KUMASI
3466,2026-04-11 18:14:17,VLan20,Finance,Server,HTTP,546,4.13,2,NO,Tamale
3467,2026-09-03 03:53:31,VLan10,HR,Desktop,FTP,186,2.63,13,NO,TEMA
3468,2026-02-07 04:19:42,VLan40,Sales,Desktop,DNS,436,3.51,13,NO,ACCRA
3469,2026-03-29 16:31:40,VLan40,Sales,Laptop,SSH,116,4.07,9,NO,TEMA
3470,2026-02-18 21:20:46,VLan10,HR,Desktop,HTTPS,616,4.54,5,NO,ACCRA
3471,2026-08-16 20:06:53,VLan20,Finance,Laptop,HTTP,198,0.66,9,NO,ACCRA
3472,2026-02-02 13:42:30,VLan10,HR,Desktop,FTP,352,2.98,12,NO,TAKORADI
3473,2026-01-09 15:53:44,VLan10,HR,Laptop,SSH,613,1.8,4,NO,TAKORADI
3474,2026-09-13 09:53:00,VLan20,Finance,Laptop,SMTP,332,1.82,1,NO,Tamale
3475,2026-05-11 00:44:59,VLan30,IT,Router,HTTP,544,2.98,1,NO,ACCRA
3476,2026-06-20 14:31:33,VLan40,Sales,Server,SSH,131,4.97,5,NO,Tamale
3477,2026-09-18 10:22:24,VLan40,Sales,Mobile,SSH,259,0.91,5,NO,KUMASI
3478,2026-12-15 23:42:27,VLan20,Finance,Desktop,SMTP,291,4.87,11,NO,KUMASI
3479,2026-11-10 22:29:03,VLan20,Finance,Desktop,HTTP,677,2.95,8,NO,TAKORADI
3480,2026-05-24 18:01:48,VLan10,HR,Mobile,HTTP,142,4.37,3,NO,Tamale
3481,2026-02-26 14:09:18,VLan20,Finance,Router,FTP,257,3.71,9,NO,TAKORADI
3482,2026-04-15 20:23:58,VLan40,Sales,Laptop,HTTPS,564,4.68,2,NO,Tamale
3483,2026-07-08 09:29:48,VLan40,Sales,Desktop,SMTP,328,4.58,15,NO,ACCRA
3484,2026-09-28 12:10:47,VLan10,HR,Laptop,HTTPS,694,3.21,7,NO,ACCRA
3485,2026-01-11 19:58:58,VLan10,HR,Laptop,HTTPS,255,2.53,8,NO,Tamale
3486,2026-01-05 05:44:33,VLan30,IT,Server,HTTPS,1157,4.01,14,NO,TAKORADI
3487,2026-04-05 08:52:07,VLan10,HR,Router,FTP,665,2,4,NO,TEMA
3488,2026-02-25 16:12:16,VLan40,Sales,Mobile,HTTP,441,3.15,6,NO,TAKORADI
3489,2026-06-18 15:38:31,VLan10,HR,Mobile,HTTP,618,1.91,4,NO,TEMA
3490,2026-09-19 14:26:17,VLan20,Finance,Laptop,SMTP,162,0.5,13,NO,TAKORADI
3491,2026-01-14 14:21:39,VLan40,Sales,Mobile,SMTP,514,4.92,9,NO,Tamale
3492,2026-07-24 17:46:49,VLan20,Finance,Desktop,HTTPS,120,0.74,3,NO,ACCRA
3493,2026-03-26 07:45:48,VLan30,IT,Server,DNS,1111,2.78,9,NO,TEMA
3494,2026-11-01 19:43:56,VLan30,IT,Desktop,HTTP,1002,2.57,8,NO,Tamale
3495,2026-04-20 15:13:06,VLan10,HR,Laptop,SSH,619,4.94,0,NO,KUMASI
3496,2026-02-04 13:03:09,VLan40,Sales,Server,HTTP,463,2.17,8,NO,Tamale
3497,2026-12-25 05:40:39,VLan20,Finance,Mobile,DNS,114,1.09,8,NO,Tamale
3498,2026-07-27 20:51:29,VLan30,IT,Desktop,HTTP,570,2.29,2,NO,Tamale
3499,2026-04-08 03:57:34,VLan30,IT,Laptop,FTP,1004,2.52,4,YES,Tamale
3500,2026-06-15 12:25:52,VLan30,IT,Laptop,SMTP,985,4.51,11,NO,Tamale
3501,2026-07-31 12:11:20,VLan40,Sales,Router,DNS,143,0.34,7,NO,KUMASI
3502,2026-05-18 15:56:13,VLan40,Sales,Mobile,SSH,193,2.77,9,NO,TAKORADI
3503,2026-06-11 02:47:36,VLan10,HR,Router,HTTPS,243,3.25,8,NO,KUMASI
3504,2026-06-15 20:48:59,VLan40,Sales,Router,SSH,301,2.74,7,NO,TEMA
3505,2026-03-27 18:00:38,VLan20,Finance,Desktop,DNS,546,4.67,11,NO,TEMA
3506,2026-06-04 05:20:41,VLan10,HR,Router,SSH,573,4.14,2,NO,TAKORADI
3507,2026-07-17 13:33:37,VLan20,Finance,Mobile,HTTPS,624,0.22,2,NO,KUMASI
3508,2026-03-05 02:37:01,VLan40,Sales,Server,DNS,335,3.38,9,NO,ACCRA
3509,2026-11-17 11:09:14,VLan20,Finance,Router,FTP,150,2.08,2,NO,KUMASI
3510,2026-03-15 17:30:46,VLan30,IT,Laptop,SSH,1075,1.1,1,YES,TAKORADI
3511,2026-06-04 07:51:02,VLan10,HR,Laptop,SSH,129,2.2,1,NO,KUMASI
3512,2026-09-10 01:27:53,VLan10,HR,Mobile,HTTP,463,2.53,4,NO,ACCRA
3513,2026-02-27 19:31:18,VLan30,IT,Server,DNS,775,4.69,1,NO,TAKORADI
3514,2026-10-22 18:46:38,VLan10,HR,Server,HTTPS,376,4.62,1,NO,TEMA
3515,2026-03-12 18:14:53,VLan30,IT,Mobile,SSH,792,2.06,15,NO,Tamale
3516,2026-07-14 08:17:40,VLan30,IT,Server,SMTP,1196,4.9,11,NO,TEMA
3517,2026-12-03 04:04:15,VLan30,IT,Desktop,SMTP,1197,0.65,1,NO,TEMA
3518,2026-03-05 01:43:19,VLan30,IT,Mobile,HTTPS,1080,1.54,14,NO,Tamale
3519,2026-11-28 15:37:38,VLan30,IT,Mobile,FTP,634,0.23,12,NO,KUMASI
3520,2026-08-17 01:27:22,VLan20,Finance,Desktop,FTP,179,3.77,11,NO,ACCRA
3521,2026-06-01 14:19:16,VLan30,IT,Desktop,DNS,1119,1.35,3,NO,KUMASI
3522,2026-06-09 23:54:15,VLan10,HR,Desktop,DNS,377,4.5,1,NO,TAKORADI
3523,2026-03-02 18:38:23,VLan10,HR,Desktop,SSH,114,2.53,12,NO,KUMASI
3524,2026-09-14 01:11:41,VLan40,Sales,Laptop,FTP,499,2.48,0,NO,Tamale
3525,2026-01-06 19:11:46,VLan10,HR,Mobile,SMTP,393,1.65,0,NO,TEMA
3526,2026-05-25 23:53:18,VLan40,Sales,Router,SMTP,296,4.37,5,NO,Tamale
3527,2026-01-23 11:55:44,VLan30,IT,Mobile,FTP,666,0.78,1,NO,TAKORADI
3528,2026-01-20 11:46:47,VLan10,HR,Desktop,DNS,332,4.01,3,NO,TAKORADI
3529,2026-03-31 05:00:55,VLan10,HR,Desktop,HTTP,408,3.08,4,NO,ACCRA
3530,2026-04-14 01:25:31,VLan30,IT,Router,FTP,993,2.32,8,YES,KUMASI
3531,2026-06-07 07:09:19,VLan30,IT,Desktop,SSH,966,2.55,6,YES,TAKORADI
3532,2026-12-21 17:52:46,VLan30,IT,Laptop,SMTP,1168,4.65,12,NO,ACCRA
3533,2026-01-25 23:26:03,VLan10,HR,Laptop,DNS,618,3.15,13,NO,TAKORADI
3534,2026-12-15 11:54:11,VLan40,Sales,Server,DNS,634,4.24,10,NO,TEMA
3535,2026-09-03 02:28:13,VLan40,Sales,Desktop,SSH,267,4.35,10,NO,Tamale
3536,2026-12-02 05:59:37,VLan30,IT,Desktop,HTTPS,702,0.3,12,NO,TAKORADI
3537,2026-03-06 15:09:16,VLan40,Sales,Mobile,SSH,270,0.46,7,NO,KUMASI
3538,2026-03-05 16:38:25,VLan20,Finance,Laptop,SSH,209,0.44,0,NO,TAKORADI
3539,2026-09-12 01:03:10,VLan40,Sales,Router,SMTP,524,4.09,11,NO,TEMA
3540,2026-07-09 02:22:03,VLan10,HR,Laptop,FTP,633,3.78,2,NO,TAKORADI
3541,2026-06-09 19:59:02,VLan20,Finance,Mobile,HTTPS,593,3.8,3,NO,TAKORADI
3542,2026-11-28 09:01:21,VLan20,Finance,Mobile,FTP,496,1.59,1,NO,TAKORADI
3543,2026-04-16 05:53:50,VLan40,Sales,Server,HTTP,609,0.99,7,NO,KUMASI
3544,2026-10-10 01:20:19,VLan20,Finance,Laptop,HTTPS,180,4.88,4,NO,TEMA
3545,2026-10-24 09:39:37,VLan10,HR,Server,SMTP,570,4.75,8,NO,TAKORADI
3546,2026-09-03 16:34:13,VLan40,Sales,Desktop,SSH,687,4.94,15,NO,ACCRA
3547,2026-06-08 01:25:26,VLan10,HR,Router,HTTP,356,0.02,8,NO,TAKORADI
3548,2026-03-16 01:54:24,VLan40,Sales,Mobile,SMTP,395,2.78,2,NO,TAKORADI
3549,2026-01-27 08:59:23,VLan30,IT,Server,SSH,592,4.75,1,NO,ACCRA
3550,2026-07-07 09:12:33,VLan40,Sales,Mobile,HTTP,497,0.97,12,NO,KUMASI
3551,2026-02-17 23:38:07,VLan20,Finance,Mobile,DNS,439,3.97,13,NO,TAKORADI
3552,2026-08-22 05:43:37,VLan20,Finance,Server,HTTPS,571,2.9,12,NO,Tamale
3553,2026-05-25 21:47:11,VLan40,Sales,Router,HTTP,316,1.53,2,NO,TEMA
3554,2026-06-08 12:17:44,VLan40,Sales,Router,HTTP,187,3.85,7,NO,TEMA
3555,2026-08-18 07:09:45,VLan40,Sales,Router,DNS,623,4.35,5,NO,TAKORADI
3556,2026-07-07 17:31:36,VLan20,Finance,Router,SMTP,524,0.73,11,NO,Tamale
3557,2026-03-11 16:06:54,VLan40,Sales,Mobile,SMTP,511,2.16,6,NO,Tamale
3558,2026-04-26 19:39:44,VLan30,IT,Server,DNS,702,4.66,1,NO,KUMASI
3559,2026-07-03 23:44:03,VLan30,IT,Laptop,DNS,830,4.46,9,NO,ACCRA
3560,2026-03-31 02:44:37,VLan40,Sales,Mobile,HTTP,518,2.7,10,NO,KUMASI
3561,2026-05-04 11:57:04,VLan30,IT,Laptop,DNS,993,4.53,10,NO,KUMASI
3562,2026-06-29 15:44:40,VLan40,Sales,Router,HTTP,245,2.43,7,NO,Tamale
3563,2026-09-13 06:50:11,VLan40,Sales,Router,SSH,624,0.27,12,NO,Tamale
3564,2026-11-11 05:19:13,VLan40,Sales,Mobile,SSH,633,0.91,11,NO,ACCRA
3565,2026-05-26 14:05:20,VLan10,HR,Laptop,SMTP,391,2.66,0,NO,KUMASI
3566,2026-06-22 05:52:40,VLan30,IT,Router,HTTPS,818,0.8,11,NO,ACCRA
3567,2026-05-26 02:27:15,VLan20,Finance,Laptop,HTTPS,537,3.1,11,NO,Tamale
3568,2026-03-24 04:16:28,VLan30,IT,Server,SSH,1040,1.24,8,YES,KUMASI
3569,2026-12-19 23:24:18,VLan10,HR,Laptop,SMTP,153,0.97,0,NO,TAKORADI
3570,2026-11-23 01:50:26,VLan10,HR,Server,HTTPS,508,2.05,11,NO,TAKORADI
3571,2026-11-28 00:53:29,VLan20,Finance,Mobile,HTTPS,273,3.86,14,NO,KUMASI
3572,2026-01-03 05:40:36,VLan30,IT,Router,HTTPS,866,2,11,NO,ACCRA
3573,2026-06-18 02:17:55,VLan20,Finance,Router,SSH,555,4.26,6,NO,KUMASI
3574,2026-12-25 17:34:21,VLan20,Finance,Mobile,FTP,418,2.59,6,NO,Tamale
3575,2026-01-12 06:28:46,VLan30,IT,Mobile,HTTPS,978,0.15,8,NO,KUMASI
3576,2026-06-15 20:45:28,VLan30,IT,Router,HTTPS,596,0.99,15,NO,KUMASI
3577,2026-07-23 17:02:46,VLan10,HR,Desktop,HTTPS,411,0.84,1,NO,TEMA
3578,2026-04-11 16:01:54,VLan40,Sales,Router,HTTP,441,1.21,1,NO,Tamale
3579,2026-12-14 19:33:03,VLan40,Sales,Mobile,SMTP,568,0.76,6,NO,TEMA
3580,2026-01-26 05:38:15,VLan30,IT,Mobile,SMTP,918,4.13,11,NO,TAKORADI
3581,2026-12-07 18:00:36,VLan30,IT,Laptop,HTTPS,664,1.28,2,NO,Tamale
3582,2026-04-05 00:10:26,VLan40,Sales,Laptop,HTTP,298,3.38,14,NO,Tamale
3583,2026-09-25 02:08:10,VLan40,Sales,Router,FTP,428,3.49,0,NO,Tamale
3584,2026-05-09 00:52:37,VLan40,Sales,Router,SMTP,683,1.38,14,NO,Tamale
3585,2026-07-31 10:33:40,VLan20,Finance,Desktop,SSH,207,4.62,12,NO,TAKORADI
3586,2026-03-13 08:32:19,VLan30,IT,Desktop,SSH,615,2.51,15,NO,Tamale
3587,2026-07-04 15:58:52,VLan40,Sales,Server,SMTP,591,1.4,14,NO,ACCRA
3588,2026-11-17 03:03:57,VLan10,HR,Server,HTTP,109,0.54,9,NO,ACCRA
3589,2026-09-29 17:13:40,VLan30,IT,Laptop,HTTPS,592,1.4,5,NO,ACCRA
3590,2026-10-24 14:37:01,VLan10,HR,Laptop,DNS,281,2.9,10,NO,KUMASI
3591,2026-04-22 15:55:26,VLan30,IT,Laptop,HTTP,856,0.51,4,NO,TAKORADI
3592,2026-11-15 09:10:59,VLan20,Finance,Server,HTTPS,161,0.79,13,NO,ACCRA
3593,2026-02-26 16:40:18,VLan30,IT,Router,DNS,703,1.88,8,NO,TEMA
3594,2026-09-24 09:16:07,VLan30,IT,Laptop,DNS,706,0.06,15,NO,ACCRA
3595,2026-09-26 08:02:40,VLan10,HR,Laptop,HTTPS,688,1.01,7,NO,KUMASI
3596,2026-07-20 14:19:26,VLan30,IT,Router,SSH,515,1.6,2,NO,ACCRA
3597,2026-09-18 01:57:11,VLan40,Sales,Laptop,HTTP,573,0.85,12,NO,TAKORADI
3598,2026-06-06 08:14:16,VLan10,HR,Desktop,DNS,345,3.73,9,NO,TAKORADI
3599,2026-05-25 13:05:00,VLan20,Finance,Router,DNS,508,4.19,3,NO,KUMASI
3600,2026-08-03 16:15:43,VLan40,Sales,Desktop,FTP,495,1.76,12,NO,KUMASI
3601,2026-12-09 12:18:20,VLan30,IT,Router,DNS,533,1.9,7,NO,KUMASI
3602,2026-02-22 23:05:56,VLan40,Sales,Server,HTTPS,155,1.57,3,NO,TEMA
3603,2026-04-07 09:37:13,VLan30,IT,Laptop,DNS,864,2,4,NO,TEMA
3604,2026-07-28 21:45:05,VLan40,Sales,Mobile,FTP,162,0.88,9,NO,Tamale
3605,2026-05-13 22:11:23,VLan40,Sales,Desktop,HTTP,378,0.14,1,NO,KUMASI
3606,2026-10-22 01:02:21,VLan10,HR,Router,FTP,559,3.07,9,NO,KUMASI
3607,2026-12-10 10:18:55,VLan10,HR,Mobile,HTTPS,269,2.75,13,NO,TEMA
3608,2026-07-02 11:11:53,VLan30,IT,Desktop,DNS,958,2.18,7,NO,KUMASI
3609,2026-01-24 05:15:05,VLan20,Finance,Desktop,HTTP,570,2.9,6,NO,KUMASI
3610,2026-02-05 17:03:16,VLan30,IT,Server,SSH,1005,1.09,14,YES,TAKORADI
3611,2026-01-14 16:46:06,VLan20,Finance,Laptop,DNS,175,3.04,14,NO,Tamale
3612,2026-01-05 04:44:43,VLan30,IT,Router,FTP,1060,2.54,3,YES,TEMA
3613,2026-02-02 18:45:01,VLan10,HR,Server,HTTP,587,2.3,12,NO,ACCRA
3614,2026-11-21 23:44:14,VLan30,IT,Router,SMTP,1007,0.08,5,NO,KUMASI
3615,2026-09-28 19:57:36,VLan30,IT,Mobile,SSH,531,4.62,4,NO,KUMASI
3616,2026-03-25 12:59:09,VLan20,Finance,Server,HTTPS,680,3.17,13,NO,ACCRA
3617,2026-02-07 07:17:44,VLan20,Finance,Desktop,SSH,125,0.44,0,NO,TEMA
3618,2026-03-09 09:35:57,VLan10,HR,Mobile,HTTP,160,4.91,13,NO,KUMASI
3619,2026-06-02 10:04:17,VLan10,HR,Server,HTTP,317,1.91,10,NO,Tamale
3620,2026-09-21 00:08:38,VLan30,IT,Server,FTP,956,4.83,9,YES,TEMA
3621,2026-08-26 23:26:46,VLan20,Finance,Mobile,SSH,226,4.28,2,NO,Tamale
3622,2026-03-12 17:23:05,VLan20,Finance,Laptop,DNS,672,2.69,11,NO,TAKORADI
3623,2026-03-15 20:06:36,VLan40,Sales,Server,SMTP,200,2.34,8,NO,TAKORADI
3624,2026-08-05 20:24:04,VLan10,HR,Server,HTTPS,536,3.71,5,NO,KUMASI
3625,2026-09-15 17:45:53,VLan20,Finance,Server,HTTP,239,0.29,0,NO,TAKORADI
3626,2026-02-08 00:42:39,VLan40,Sales,Server,FTP,359,4.29,3,NO,Tamale
3627,2026-02-13 11:12:54,VLan20,Finance,Server,SMTP,696,4.85,0,NO,TAKORADI
3628,2026-12-17 01:50:21,VLan20,Finance,Mobile,FTP,619,3.97,6,NO,TEMA
3629,2026-05-15 17:25:22,VLan20,Finance,Server,HTTPS,534,3.91,4,NO,ACCRA
3630,2026-02-13 17:34:29,VLan30,IT,Desktop,FTP,777,1.54,10,NO,Tamale
3631,2026-11-24 23:43:02,VLan30,IT,Router,SSH,844,2.66,3,NO,KUMASI
3632,2026-12-26 18:47:33,VLan20,Finance,Server,HTTP,177,0.89,0,NO,TEMA
3633,2026-08-15 10:31:22,VLan20,Finance,Mobile,SSH,466,0.56,7,NO,ACCRA
3634,2026-02-22 16:46:56,VLan10,HR,Desktop,SSH,117,1.31,2,NO,KUMASI
3635,2026-02-04 18:23:11,VLan10,HR,Router,DNS,526,0.04,13,NO,TEMA
3636,2026-05-12 17:49:51,VLan10,HR,Mobile,HTTP,149,0.41,8,NO,Tamale
3637,2026-10-07 03:40:29,VLan40,Sales,Mobile,HTTP,641,1.11,3,NO,ACCRA
3638,2026-10-29 03:39:02,VLan10,HR,Mobile,SMTP,520,0.16,3,NO,TEMA
3639,2026-06-05 17:52:03,VLan20,Finance,Desktop,HTTP,649,1.22,8,NO,TEMA
3640,2026-12-10 12:07:28,VLan30,IT,Desktop,HTTP,914,4.99,13,NO,KUMASI
3641,2026-08-13 22:02:46,VLan30,IT,Desktop,SSH,929,4.74,7,YES,KUMASI
3642,2026-11-23 21:02:19,VLan10,HR,Router,FTP,293,1.67,12,NO,TEMA
3643,2026-05-29 05:34:39,VLan30,IT,Desktop,DNS,1117,2.46,14,NO,ACCRA
3644,2026-12-28 15:51:35,VLan20,Finance,Desktop,FTP,527,2.25,7,NO,ACCRA
3645,2026-06-16 14:22:58,VLan40,Sales,Router,DNS,624,3.33,13,NO,ACCRA
3646,2026-11-03 21:40:17,VLan30,IT,Server,SMTP,529,4.44,8,NO,TAKORADI
3647,2026-10-24 06:36:16,VLan10,HR,Mobile,HTTPS,120,1.01,8,NO,ACCRA
3648,2026-11-25 17:39:14,VLan40,Sales,Router,SSH,194,3.64,6,NO,ACCRA
3649,2026-09-12 06:27:01,VLan30,IT,Laptop,HTTPS,983,0.55,12,NO,ACCRA
3650,2026-03-18 15:29:44,VLan20,Finance,Server,FTP,572,4.51,14,NO,Tamale
3651,2026-03-24 20:54:45,VLan20,Finance,Laptop,HTTP,444,1.72,12,NO,ACCRA
3652,2026-12-23 08:37:01,VLan30,IT,Server,SSH,1143,3.17,0,YES,ACCRA
3653,2026-10-30 02:35:21,VLan20,Finance,Server,FTP,412,0.61,9,NO,Tamale
3654,2026-10-02 10:39:39,VLan40,Sales,Router,SMTP,574,1.37,11,NO,ACCRA
3655,2026-01-04 07:31:26,VLan10,HR,Desktop,SSH,271,1.58,7,NO,TEMA
3656,2026-09-12 04:35:22,VLan30,IT,Mobile,SSH,1108,2.33,4,YES,KUMASI
3657,2026-03-15 12:43:43,VLan40,Sales,Mobile,FTP,481,2.7,15,NO,TAKORADI
3658,2026-03-29 21:53:00,VLan40,Sales,Router,HTTP,698,2.42,11,NO,Tamale
3659,2026-08-10 15:57:16,VLan30,IT,Router,FTP,597,2.54,1,NO,TAKORADI
3660,2026-04-23 20:05:39,VLan10,HR,Server,SSH,423,0.6,9,NO,TAKORADI
3661,2026-08-08 15:52:44,VLan40,Sales,Mobile,HTTPS,409,4.1,5,NO,TAKORADI
3662,2026-01-24 22:18:45,VLan10,HR,Laptop,DNS,103,3.65,0,NO,Tamale
3663,2026-07-16 11:39:10,VLan30,IT,Server,SSH,635,2.66,8,NO,Tamale
3664,2026-12-06 16:52:35,VLan30,IT,Laptop,SSH,1133,2,12,YES,TAKORADI
3665,2026-09-10 12:12:33,VLan30,IT,Server,HTTP,1124,0.23,3,NO,ACCRA
3666,2026-06-28 11:52:00,VLan40,Sales,Server,SSH,554,3.66,1,NO,TEMA
3667,2026-04-03 12:54:55,VLan20,Finance,Router,DNS,449,0.33,7,NO,ACCRA
3668,2026-01-04 14:25:47,VLan20,Finance,Laptop,SMTP,309,4.74,10,NO,TEMA
3669,2026-08-31 14:50:52,VLan20,Finance,Server,DNS,274,1.01,12,NO,TEMA
3670,2026-05-22 20:18:23,VLan10,HR,Server,DNS,505,0.74,10,NO,Tamale
3671,2026-01-25 11:20:36,VLan40,Sales,Router,FTP,657,0.61,2,NO,KUMASI
3672,2026-08-18 21:29:17,VLan40,Sales,Server,DNS,532,0.38,10,NO,KUMASI
3673,2026-06-04 14:51:18,VLan40,Sales,Router,SMTP,425,3.93,10,NO,ACCRA
3674,2026-02-28 05:55:03,VLan20,Finance,Desktop,HTTPS,179,3.39,9,NO,Tamale
3675,2026-09-07 14:32:51,VLan20,Finance,Router,HTTP,297,3.2,15,NO,ACCRA
3676,2026-03-04 02:06:51,VLan30,IT,Laptop,SSH,552,4.83,2,NO,TEMA
3677,2026-09-21 16:40:48,VLan40,Sales,Server,HTTPS,501,1.84,8,NO,TAKORADI
3678,2026-09-24 14:35:46,VLan30,IT,Server,SMTP,958,4.57,7,NO,Tamale
3679,2026-04-21 21:37:37,VLan30,IT,Mobile,DNS,1167,3.96,5,NO,TEMA
3680,2026-12-14 17:33:11,VLan30,IT,Laptop,DNS,864,0.26,5,NO,TAKORADI
3681,2026-10-12 21:21:52,VLan30,IT,Router,HTTPS,860,3.96,8,NO,TEMA
3682,2026-05-16 08:48:26,VLan30,IT,Server,HTTPS,736,1.88,15,NO,TEMA
3683,2026-02-28 22:48:20,VLan40,Sales,Router,HTTPS,676,3.56,4,NO,TAKORADI
3684,2026-05-15 17:33:58,VLan30,IT,Server,SSH,1160,3.87,2,YES,Tamale
3685,2026-02-03 20:55:24,VLan20,Finance,Laptop,HTTPS,220,4.96,7,NO,Tamale
3686,2026-09-25 14:17:36,VLan20,Finance,Router,FTP,537,4.98,15,NO,Tamale
3687,2026-03-15 22:10:16,VLan30,IT,Router,SSH,1148,0.88,0,YES,TAKORADI
3688,2026-10-05 03:09:40,VLan20,Finance,Laptop,SSH,202,2.26,5,NO,KUMASI
3689,2026-05-04 05:08:05,VLan30,IT,Router,HTTPS,760,3.07,11,NO,KUMASI
3690,2026-06-24 00:57:21,VLan20,Finance,Router,DNS,352,2.95,10,NO,TAKORADI
3691,2026-08-30 23:06:40,VLan40,Sales,Desktop,DNS,300,0.31,7,NO,TAKORADI
3692,2026-09-21 15:20:55,VLan30,IT,Laptop,SMTP,544,1.58,1,NO,TEMA
3693,2026-12-14 06:21:08,VLan30,IT,Router,SSH,1152,2.92,10,YES,TEMA
3694,2026-07-02 14:41:32,VLan40,Sales,Desktop,SMTP,460,4.67,11,NO,TAKORADI
3695,2026-04-03 07:22:16,VLan40,Sales,Server,FTP,163,3.19,15,NO,TEMA
3696,2026-04-17 00:53:19,VLan10,HR,Router,HTTP,573,2.86,1,NO,ACCRA
3697,2026-04-01 20:11:20,VLan20,Finance,Mobile,SMTP,437,2.17,8,NO,TAKORADI
3698,2026-02-05 17:03:36,VLan30,IT,Mobile,DNS,968,2.03,7,NO,TEMA
3699,2026-06-06 08:23:15,VLan20,Finance,Desktop,HTTPS,260,4.52,7,NO,Tamale
3700,2026-03-13 08:52:31,VLan10,HR,Router,DNS,442,4.39,5,NO,TAKORADI
3701,2026-11-11 22:13:05,VLan30,IT,Desktop,SMTP,752,0.47,2,NO,TAKORADI
3702,2026-01-27 13:28:58,VLan20,Finance,Desktop,HTTP,289,3.78,7,NO,ACCRA
3703,2026-12-09 18:23:11,VLan20,Finance,Mobile,SMTP,356,1.02,12,NO,KUMASI
3704,2026-09-10 00:41:01,VLan10,HR,Desktop,DNS,285,2.86,5,NO,KUMASI
3705,2026-01-21 02:45:20,VLan10,HR,Laptop,HTTPS,155,0.68,11,NO,TEMA
3706,2026-09-05 23:10:12,VLan20,Finance,Desktop,SMTP,690,0.85,7,NO,KUMASI
3707,2026-04-14 10:43:02,VLan40,Sales,Mobile,DNS,675,1.46,6,NO,ACCRA
3708,2026-09-24 22:34:31,VLan40,Sales,Router,SSH,397,4.5,15,NO,TEMA
3709,2026-10-15 05:47:42,VLan40,Sales,Server,HTTP,176,1.17,4,NO,KUMASI
3710,2026-08-04 05:18:13,VLan40,Sales,Mobile,DNS,238,4.72,3,NO,TAKORADI
3711,2026-06-03 14:20:42,VLan40,Sales,Server,SSH,206,4.67,9,NO,Tamale
3712,2026-01-03 20:39:32,VLan40,Sales,Desktop,HTTP,268,2.57,14,NO,Tamale
3713,2026-10-27 19:35:00,VLan20,Finance,Mobile,DNS,376,4.37,14,NO,ACCRA
3714,2026-10-15 07:25:33,VLan10,HR,Router,HTTPS,511,4.04,0,NO,ACCRA
3715,2026-02-13 18:38:35,VLan30,IT,Server,HTTP,975,2.43,15,NO,ACCRA
3716,2026-04-07 06:51:59,VLan20,Finance,Laptop,HTTP,624,0.95,13,NO,TEMA
3717,2026-03-31 22:29:13,VLan40,Sales,Server,HTTPS,258,1.81,8,NO,ACCRA
3718,2026-05-26 05:47:25,VLan20,Finance,Desktop,DNS,166,3.09,5,NO,TEMA
3719,2026-07-02 09:36:17,VLan20,Finance,Server,HTTPS,633,0.71,5,NO,ACCRA
3720,2026-12-25 20:02:44,VLan40,Sales,Server,SMTP,136,3.16,13,NO,ACCRA
3721,2026-11-17 21:05:19,VLan40,Sales,Laptop,SMTP,418,3.01,0,NO,ACCRA
3722,2026-07-17 13:28:37,VLan40,Sales,Router,DNS,255,0.72,8,NO,ACCRA
3723,2026-10-13 16:21:35,VLan40,Sales,Router,DNS,190,0.1,9,NO,TEMA
3724,2026-06-26 11:20:00,VLan10,HR,Desktop,HTTPS,113,2.34,5,NO,KUMASI
3725,2026-07-11 19:41:13,VLan20,Finance,Server,HTTP,557,3.23,1,NO,ACCRA
3726,2026-06-30 17:06:26,VLan10,HR,Mobile,HTTP,595,3.67,0,NO,KUMASI
3727,2026-06-11 20:15:19,VLan20,Finance,Server,HTTP,358,2.02,0,NO,TAKORADI
3728,2026-09-19 07:14:44,VLan30,IT,Server,SMTP,973,2.29,4,NO,Tamale
3729,2026-02-23 16:02:10,VLan30,IT,Mobile,FTP,1042,2.96,15,YES,KUMASI
3730,2026-07-02 13:52:45,VLan40,Sales,Laptop,SSH,299,2.5,15,NO,TAKORADI
3731,2026-03-03 07:30:59,VLan20,Finance,Mobile,FTP,289,2.97,2,NO,KUMASI
3732,2026-08-20 16:09:12,VLan30,IT,Server,SMTP,734,2.54,0,NO,TAKORADI
3733,2026-11-04 01:15:26,VLan10,HR,Laptop,HTTPS,215,1.52,7,NO,ACCRA
3734,2026-01-15 10:13:29,VLan10,HR,Laptop,HTTPS,673,4.95,11,NO,TAKORADI
3735,2026-03-07 13:09:00,VLan40,Sales,Mobile,SMTP,436,1.74,14,NO,ACCRA
3736,2026-09-04 01:30:06,VLan40,Sales,Router,HTTP,583,2.9,12,NO,KUMASI
3737,2026-09-06 05:41:57,VLan20,Finance,Router,SMTP,508,1.97,14,NO,TAKORADI
3738,2026-03-07 19:11:47,VLan40,Sales,Desktop,DNS,697,0.09,1,NO,ACCRA
3739,2026-06-19 11:49:50,VLan20,Finance,Mobile,DNS,199,0.04,14,NO,TEMA
3740,2026-06-21 02:16:14,VLan10,HR,Router,HTTP,335,3.68,0,NO,TEMA
3741,2026-04-07 23:36:10,VLan40,Sales,Server,SMTP,400,1.08,9,NO,ACCRA
3742,2026-05-31 09:02:23,VLan10,HR,Desktop,SSH,242,0.85,4,NO,TAKORADI
3743,2026-09-25 20:03:14,VLan10,HR,Server,SSH,508,1.74,8,NO,KUMASI
3744,2026-08-20 00:38:28,VLan30,IT,Laptop,HTTPS,611,2.53,3,NO,ACCRA
3745,2026-06-16 06:29:28,VLan20,Finance,Desktop,SSH,560,1.52,12,NO,KUMASI
3746,2026-08-22 20:51:35,VLan20,Finance,Mobile,FTP,201,4.99,5,NO,Tamale
3747,2026-12-20 12:32:12,VLan20,Finance,Desktop,DNS,321,1.58,6,NO,KUMASI
3748,2026-02-16 01:57:58,VLan20,Finance,Mobile,DNS,133,1.93,1,NO,TEMA
3749,2026-01-28 07:59:15,VLan10,HR,Router,SMTP,531,4.64,10,NO,KUMASI
3750,2026-02-18 00:40:54,VLan30,IT,Desktop,HTTPS,599,4.45,2,NO,KUMASI
3751,2026-08-28 14:55:21,VLan20,Finance,Router,SMTP,374,2.91,2,NO,KUMASI
3752,2026-08-07 04:17:16,VLan20,Finance,Desktop,HTTP,694,0.72,13,NO,TEMA
3753,2026-01-04 05:30:18,VLan20,Finance,Laptop,HTTP,602,3.43,12,NO,ACCRA
3754,2026-10-26 21:40:17,VLan20,Finance,Mobile,SSH,542,3.45,0,NO,KUMASI
3755,2026-09-17 00:34:05,VLan40,Sales,Server,SSH,236,0.41,10,NO,KUMASI
3756,2026-03-30 21:35:02,VLan20,Finance,Desktop,HTTPS,209,1.59,7,NO,ACCRA
3757,2026-04-02 04:24:35,VLan10,HR,Desktop,HTTPS,222,1.27,14,NO,TAKORADI
3758,2026-10-27 17:38:54,VLan20,Finance,Server,SMTP,273,0.05,1,NO,KUMASI
3759,2026-12-15 13:05:35,VLan40,Sales,Router,HTTP,677,2.32,2,NO,ACCRA
3760,2026-06-26 14:30:13,VLan20,Finance,Server,SSH,338,3.87,0,NO,TEMA
3761,2026-05-02 07:02:39,VLan10,HR,Router,FTP,467,0.32,5,NO,TEMA
3762,2026-09-08 17:54:34,VLan40,Sales,Desktop,HTTPS,515,4.63,6,NO,ACCRA
3763,2026-10-12 22:44:02,VLan30,IT,Server,DNS,900,0.82,12,NO,Tamale
3764,2026-12-30 08:46:32,VLan20,Finance,Server,SMTP,567,2.42,6,NO,KUMASI
3765,2026-10-14 16:57:29,VLan40,Sales,Server,DNS,586,1.21,5,NO,KUMASI
3766,2026-11-16 10:58:57,VLan20,Finance,Mobile,DNS,142,2.41,10,NO,TEMA
3767,2026-02-17 01:31:42,VLan20,Finance,Laptop,HTTP,653,3.46,4,NO,TAKORADI
3768,2026-12-11 18:52:27,VLan30,IT,Mobile,FTP,609,3.41,0,NO,ACCRA
3769,2026-07-29 00:41:49,VLan40,Sales,Router,HTTPS,252,3.86,2,NO,TEMA
3770,2026-01-10 10:29:13,VLan40,Sales,Desktop,FTP,219,3.76,10,NO,TEMA
3771,2026-02-05 12:26:53,VLan40,Sales,Server,DNS,656,4.48,7,NO,Tamale
3772,2026-11-15 11:49:58,VLan10,HR,Server,HTTP,376,4.25,9,NO,TEMA
3773,2026-08-25 12:18:40,VLan10,HR,Desktop,SSH,631,0.16,6,NO,KUMASI
3774,2026-07-20 14:14:56,VLan20,Finance,Server,SMTP,247,0.16,1,NO,TEMA
3775,2026-09-14 20:21:56,VLan10,HR,Router,FTP,455,1.74,11,NO,ACCRA
3776,2026-01-14 07:25:07,VLan30,IT,Laptop,HTTP,1127,0.54,9,NO,KUMASI
3777,2026-10-12 07:17:29,VLan20,Finance,Mobile,FTP,660,0.6,3,NO,KUMASI
3778,2026-03-12 13:04:39,VLan30,IT,Mobile,HTTPS,570,1.24,14,NO,TAKORADI
3779,2026-08-29 03:54:45,VLan20,Finance,Mobile,HTTPS,602,2.91,14,NO,TEMA
3780,2026-01-06 20:20:50,VLan40,Sales,Server,DNS,165,4.6,3,NO,TEMA
3781,2026-01-10 03:18:33,VLan30,IT,Mobile,DNS,693,0.48,13,NO,ACCRA
3782,2026-06-05 08:37:15,VLan40,Sales,Desktop,HTTPS,400,3.4,3,NO,TAKORADI
3783,2026-07-15 21:26:26,VLan20,Finance,Router,HTTP,167,4.13,12,NO,KUMASI
3784,2026-11-17 11:37:53,VLan40,Sales,Router,FTP,611,1.71,15,NO,TAKORADI
3785,2026-05-24 20:44:13,VLan30,IT,Desktop,HTTP,1181,0.73,6,NO,Tamale
3786,2026-07-18 02:52:42,VLan30,IT,Laptop,HTTPS,978,1.43,12,NO,ACCRA
3787,2026-06-24 06:23:55,VLan30,IT,Laptop,SSH,566,1.82,14,NO,Tamale
3788,2026-09-30 08:01:56,VLan20,Finance,Server,HTTPS,173,3.52,5,NO,Tamale
3789,2026-09-01 04:18:38,VLan30,IT,Router,HTTP,660,3.27,3,NO,Tamale
3790,2026-11-01 14:40:19,VLan10,HR,Server,HTTPS,678,1.47,0,NO,TEMA
3791,2026-07-10 16:13:07,VLan30,IT,Server,DNS,641,2.44,11,NO,Tamale
3792,2026-04-18 05:28:05,VLan20,Finance,Mobile,HTTPS,582,4.21,5,NO,TAKORADI
3793,2026-03-19 01:50:14,VLan10,HR,Server,FTP,630,1.05,15,NO,KUMASI
3794,2026-07-01 16:26:42,VLan40,Sales,Mobile,HTTPS,591,2.12,0,NO,KUMASI
3795,2026-11-01 01:30:48,VLan10,HR,Mobile,FTP,364,0.81,14,NO,TEMA
3796,2026-09-30 13:09:51,VLan30,IT,Router,SMTP,832,4.05,15,NO,ACCRA
3797,2026-10-16 18:40:24,VLan10,HR,Laptop,FTP,208,2.78,9,NO,KUMASI
3798,2026-12-09 20:38:19,VLan40,Sales,Router,DNS,226,2.46,6,NO,TEMA
3799,2026-02-15 23:36:50,VLan10,HR,Mobile,FTP,495,2.09,13,NO,TEMA
3800,2026-02-11 20:11:08,VLan30,IT,Router,SMTP,875,2.67,2,NO,Tamale
3801,2026-01-30 06:06:17,VLan10,HR,Router,DNS,301,4.02,13,NO,ACCRA
3802,2026-03-24 13:17:44,VLan40,Sales,Laptop,SMTP,511,0.52,5,NO,KUMASI
3803,2026-02-09 01:58:56,VLan10,HR,Router,SSH,138,0.1,11,NO,TAKORADI
3804,2026-02-27 15:44:02,VLan20,Finance,Server,HTTPS,451,4.75,0,NO,KUMASI
3805,2026-10-10 07:55:24,VLan20,Finance,Router,DNS,541,4.63,7,NO,TAKORADI
3806,2026-01-21 01:31:55,VLan30,IT,Desktop,HTTPS,788,0.39,14,NO,ACCRA
3807,2026-08-08 01:59:46,VLan40,Sales,Router,DNS,475,4.21,0,NO,ACCRA
3808,2026-08-02 13:56:04,VLan40,Sales,Server,HTTPS,110,3.02,4,NO,ACCRA
3809,2026-03-31 23:41:22,VLan40,Sales,Mobile,HTTP,367,4.2,9,NO,KUMASI
3810,2026-10-18 11:03:45,VLan10,HR,Laptop,SMTP,264,3.37,10,NO,TAKORADI
3811,2026-05-31 02:28:48,VLan20,Finance,Laptop,DNS,183,0.49,0,NO,TAKORADI
3812,2026-02-20 09:40:06,VLan40,Sales,Mobile,HTTPS,178,2.67,7,NO,ACCRA
3813,2026-04-24 12:14:36,VLan30,IT,Router,DNS,792,2.37,0,NO,Tamale
3814,2026-04-23 04:20:38,VLan20,Finance,Desktop,FTP,377,2.68,11,NO,TEMA
3815,2026-03-02 16:43:26,VLan20,Finance,Laptop,HTTP,328,1.81,15,NO,ACCRA
3816,2026-03-24 03:01:00,VLan10,HR,Mobile,SSH,415,4.66,13,NO,KUMASI
3817,2026-12-21 22:30:52,VLan40,Sales,Server,SMTP,655,4.57,14,NO,ACCRA
3818,2026-12-16 07:23:44,VLan20,Finance,Desktop,SSH,198,0.8,10,NO,TEMA
3819,2026-07-05 00:11:11,VLan40,Sales,Desktop,SMTP,192,4.14,14,NO,KUMASI
3820,2026-03-02 08:45:13,VLan20,Finance,Router,HTTPS,244,0.6,1,NO,Tamale
3821,2026-01-21 03:41:04,VLan40,Sales,Router,HTTPS,292,3,1,NO,KUMASI
3822,2026-10-17 15:27:52,VLan30,IT,Laptop,HTTPS,737,4.71,1,NO,ACCRA
3823,2026-04-06 19:17:54,VLan20,Finance,Router,DNS,253,3.63,5,NO,TAKORADI
3824,2026-11-06 06:50:01,VLan40,Sales,Desktop,HTTPS,508,4.03,13,NO,TEMA
3825,2026-05-05 13:17:46,VLan40,Sales,Laptop,SMTP,664,3.22,7,NO,KUMASI
3826,2026-08-28 05:28:17,VLan10,HR,Desktop,SSH,442,4.82,2,NO,KUMASI
3827,2026-12-29 01:14:19,VLan30,IT,Laptop,SSH,956,2.36,5,YES,KUMASI
3828,2026-01-04 08:49:19,VLan20,Finance,Server,SSH,349,4.05,10,NO,KUMASI
3829,2026-03-19 18:35:54,VLan30,IT,Laptop,HTTPS,1068,2.5,12,NO,Tamale
3830,2026-05-14 22:55:20,VLan30,IT,Mobile,FTP,628,2.71,10,NO,ACCRA
3831,2026-09-08 22:29:01,VLan30,IT,Desktop,HTTP,919,4.78,8,NO,Tamale
3832,2026-12-02 09:45:13,VLan30,IT,Laptop,SMTP,960,4.18,10,NO,Tamale
3833,2026-10-08 23:37:41,VLan20,Finance,Desktop,HTTPS,100,3.06,2,NO,ACCRA
3834,2026-01-16 19:53:23,VLan40,Sales,Server,FTP,423,3.19,6,NO,KUMASI
3835,2026-05-22 17:34:26,VLan20,Finance,Desktop,SMTP,187,0.78,8,NO,TEMA
3836,2026-06-21 00:53:20,VLan30,IT,Desktop,HTTPS,722,2.6,12,NO,TEMA
3837,2026-10-18 00:55:42,VLan40,Sales,Server,DNS,508,1.1,7,NO,Tamale
3838,2026-11-23 06:22:59,VLan20,Finance,Server,DNS,592,0.79,11,NO,TEMA
3839,2026-08-25 12:29:30,VLan40,Sales,Laptop,FTP,474,1.1,15,NO,TEMA
3840,2026-08-04 21:55:22,VLan10,HR,Server,HTTPS,413,2.74,11,NO,ACCRA
3841,2026-05-02 21:31:51,VLan10,HR,Server,DNS,247,3.86,10,NO,TEMA
3842,2026-06-24 06:31:18,VLan30,IT,Laptop,SSH,569,4.37,7,NO,Tamale
3843,2026-05-13 20:22:51,VLan20,Finance,Desktop,HTTPS,428,1.79,12,NO,TEMA
3844,2026-07-19 23:47:07,VLan20,Finance,Desktop,HTTP,163,3.18,10,NO,ACCRA
3845,2026-10-18 20:33:40,VLan20,Finance,Mobile,DNS,135,0.78,10,NO,TEMA
3846,2026-04-11 13:00:25,VLan30,IT,Server,HTTPS,905,2.65,9,NO,Tamale
3847,2026-05-27 15:21:26,VLan20,Finance,Laptop,FTP,258,0.21,11,NO,Tamale
3848,2026-04-13 16:10:16,VLan40,Sales,Desktop,HTTPS,486,0.89,3,NO,Tamale
3849,2026-10-04 04:48:41,VLan30,IT,Laptop,HTTPS,953,2.9,15,NO,TEMA
3850,2026-11-08 16:37:13,VLan20,Finance,Mobile,FTP,130,4.45,6,NO,Tamale
3851,2026-08-14 05:53:08,VLan20,Finance,Server,SMTP,530,0.43,13,NO,Tamale
3852,2026-12-04 02:59:24,VLan20,Finance,Server,DNS,400,1.96,9,NO,TEMA
3853,2026-01-22 01:17:38,VLan20,Finance,Mobile,SSH,493,4.59,2,NO,TAKORADI
3854,2026-11-13 00:50:48,VLan40,Sales,Desktop,HTTP,545,0.04,5,NO,KUMASI
3855,2026-11-22 23:26:45,VLan40,Sales,Mobile,HTTP,200,0.52,5,NO,TAKORADI
3856,2026-02-09 02:42:14,VLan40,Sales,Router,HTTP,617,3.18,10,NO,TEMA
3857,2026-08-05 16:01:34,VLan40,Sales,Router,SMTP,687,4.9,15,NO,TAKORADI
3858,2026-09-27 00:17:26,VLan40,Sales,Laptop,FTP,366,3.95,10,NO,Tamale
3859,2026-03-08 17:03:58,VLan40,Sales,Router,HTTPS,435,3.16,12,NO,TEMA
3860,2026-12-17 05:20:00,VLan10,HR,Router,SSH,363,3.76,3,NO,Tamale
3861,2026-04-01 05:50:23,VLan10,HR,Router,DNS,593,2.2,14,NO,Tamale
3862,2026-11-23 04:30:51,VLan30,IT,Desktop,SMTP,968,1.22,4,NO,ACCRA
3863,2026-10-04 10:10:30,VLan20,Finance,Server,DNS,454,3.31,4,NO,Tamale
3864,2026-06-01 05:31:58,VLan20,Finance,Laptop,DNS,324,2.27,13,NO,TEMA
3865,2026-10-29 06:43:15,VLan40,Sales,Server,HTTP,395,4.84,3,NO,ACCRA
3866,2026-07-21 00:48:10,VLan10,HR,Server,SSH,124,1.72,9,NO,ACCRA
3867,2026-10-29 15:36:14,VLan40,Sales,Desktop,DNS,577,4.88,9,NO,TEMA
3868,2026-12-23 09:14:46,VLan30,IT,Mobile,SMTP,1060,4.35,13,NO,Tamale
3869,2026-11-26 21:51:00,VLan40,Sales,Server,FTP,504,0.09,7,NO,Tamale
3870,2026-03-14 16:05:47,VLan10,HR,Server,DNS,656,2.8,0,NO,TAKORADI
3871,2026-05-14 00:35:51,VLan40,Sales,Router,DNS,467,2.17,9,NO,TAKORADI
3872,2026-06-23 17:47:04,VLan40,Sales,Router,DNS,178,0.36,15,NO,TEMA
3873,2026-11-18 17:31:38,VLan30,IT,Router,DNS,1065,3.7,11,NO,KUMASI
3874,2026-08-22 12:19:13,VLan20,Finance,Mobile,SMTP,431,4.63,8,NO,TEMA
3875,2026-04-28 04:25:20,VLan20,Finance,Laptop,DNS,352,0.68,15,NO,Tamale
3876,2026-06-25 11:23:08,VLan10,HR,Laptop,SMTP,662,4.37,6,NO,ACCRA
3877,2026-09-15 03:42:49,VLan10,HR,Desktop,DNS,643,1.47,8,NO,KUMASI
3878,2026-08-27 16:09:46,VLan20,Finance,Router,SSH,439,1.05,7,NO,TEMA
3879,2026-08-06 20:02:56,VLan10,HR,Desktop,SMTP,223,2.37,8,NO,TAKORADI
3880,2026-11-11 19:00:54,VLan10,HR,Server,HTTPS,238,3.89,1,NO,KUMASI
3881,2026-07-23 04:10:37,VLan40,Sales,Mobile,DNS,632,0.21,12,NO,Tamale
3882,2026-07-02 09:59:42,VLan40,Sales,Laptop,DNS,582,4.67,12,NO,KUMASI
3883,2026-01-30 13:51:42,VLan10,HR,Mobile,HTTP,658,1.67,12,NO,ACCRA
3884,2026-08-02 07:47:38,VLan20,Finance,Desktop,SSH,459,4.71,13,NO,KUMASI
3885,2026-05-12 21:37:31,VLan10,HR,Desktop,SMTP,473,2.83,14,NO,Tamale
3886,2026-11-12 04:04:18,VLan40,Sales,Router,SSH,329,3.73,8,NO,ACCRA
3887,2026-11-18 15:06:44,VLan40,Sales,Desktop,FTP,334,0.87,4,NO,TEMA
3888,2026-06-23 13:54:22,VLan40,Sales,Desktop,FTP,396,2.08,2,NO,Tamale
3889,2026-01-13 12:03:45,VLan40,Sales,Mobile,HTTPS,660,0.62,10,NO,TEMA
3890,2026-05-01 02:47:31,VLan10,HR,Mobile,FTP,410,2.93,11,NO,KUMASI
3891,2026-06-07 19:54:20,VLan10,HR,Desktop,HTTP,315,4.08,5,NO,KUMASI
3892,2026-07-17 08:23:08,VLan20,Finance,Router,HTTPS,438,0.94,6,NO,Tamale
3893,2026-01-22 01:19:16,VLan20,Finance,Router,FTP,489,4.72,1,NO,ACCRA
3894,2026-04-17 15:15:03,VLan30,IT,Router,SSH,1037,2.93,8,YES,TAKORADI
3895,2026-12-03 04:14:06,VLan40,Sales,Desktop,SSH,198,3.76,10,NO,TAKORADI
3896,2026-06-07 02:50:40,VLan20,Finance,Desktop,SSH,503,2.38,9,NO,ACCRA
3897,2026-08-17 05:10:05,VLan20,Finance,Mobile,DNS,335,0.53,13,NO,ACCRA
3898,2026-10-21 11:50:56,VLan30,IT,Laptop,SSH,989,3.72,15,YES,ACCRA
3899,2026-03-01 00:32:12,VLan30,IT,Router,HTTP,1013,3.23,1,NO,TEMA
3900,2026-05-17 22:37:54,VLan10,HR,Laptop,SSH,325,1.9,4,NO,Tamale
3901,2026-09-22 21:58:43,VLan20,Finance,Router,SMTP,249,2.84,13,NO,TEMA
3902,2026-09-29 01:32:15,VLan10,HR,Server,DNS,239,2.48,9,NO,ACCRA
3903,2026-06-19 08:17:57,VLan40,Sales,Server,HTTP,386,4.09,12,NO,TEMA
3904,2026-04-25 08:27:18,VLan20,Finance,Server,SMTP,559,2.96,10,NO,TEMA
3905,2026-09-10 07:07:20,VLan10,HR,Mobile,HTTP,519,1.4,6,NO,Tamale
3906,2026-08-10 20:36:37,VLan30,IT,Server,FTP,1001,1.59,6,YES,ACCRA
3907,2026-01-11 17:38:35,VLan20,Finance,Router,HTTPS,198,2.69,4,NO,ACCRA
3908,2026-05-25 22:31:24,VLan10,HR,Router,HTTPS,102,0.05,6,NO,KUMASI
3909,2026-06-15 13:07:11,VLan20,Finance,Mobile,SMTP,137,2.55,15,NO,TAKORADI
3910,2026-10-04 15:34:11,VLan10,HR,Desktop,HTTP,184,4.33,3,NO,TAKORADI
3911,2026-11-20 20:58:50,VLan40,Sales,Desktop,HTTPS,111,3.26,14,NO,KUMASI
3912,2026-10-01 23:14:06,VLan20,Finance,Router,SMTP,131,1.4,10,NO,TAKORADI
3913,2026-11-29 18:27:45,VLan20,Finance,Router,FTP,417,4.45,15,NO,TAKORADI
3914,2026-12-26 07:47:05,VLan30,IT,Desktop,SSH,937,0.15,5,YES,TEMA
3915,2026-11-05 17:20:40,VLan10,HR,Laptop,SMTP,688,2.9,15,NO,TAKORADI
3916,2026-09-11 06:38:29,VLan30,IT,Desktop,HTTP,1012,0.23,10,NO,TAKORADI
3917,2026-04-03 05:22:36,VLan30,IT,Server,FTP,1171,4.04,15,YES,Tamale
3918,2026-02-24 15:02:52,VLan20,Finance,Server,SSH,308,0.72,4,NO,KUMASI
3919,2026-12-27 01:33:28,VLan10,HR,Router,DNS,230,2.16,7,NO,TAKORADI
3920,2026-09-06 14:49:14,VLan40,Sales,Mobile,FTP,517,0.3,6,NO,ACCRA
3921,2026-05-11 21:56:06,VLan40,Sales,Laptop,HTTPS,563,0.25,10,NO,Tamale
3922,2026-08-23 07:29:26,VLan20,Finance,Mobile,HTTPS,478,4.16,5,NO,ACCRA
3923,2026-11-27 19:22:20,VLan10,HR,Laptop,HTTPS,526,4.33,10,NO,Tamale
3924,2026-06-20 08:53:55,VLan30,IT,Router,FTP,690,4.35,1,NO,Tamale
3925,2026-04-24 23:12:57,VLan30,IT,Desktop,HTTPS,675,1.43,12,NO,KUMASI
3926,2026-06-14 10:19:02,VLan10,HR,Desktop,HTTPS,510,2.23,3,NO,KUMASI
3927,2026-02-07 15:41:31,VLan10,HR,Server,SMTP,436,1.13,4,NO,ACCRA
3928,2026-01-07 22:08:25,VLan20,Finance,Server,DNS,202,1.01,15,NO,KUMASI
3929,2026-01-12 03:10:36,VLan10,HR,Laptop,SMTP,304,1.37,3,NO,Tamale
3930,2026-06-20 10:17:28,VLan10,HR,Router,SSH,563,3.19,13,NO,Tamale
3931,2026-12-22 13:44:56,VLan30,IT,Laptop,SMTP,1149,1.11,11,NO,ACCRA
3932,2026-05-06 18:35:13,VLan40,Sales,Server,SMTP,451,4.26,3,NO,TAKORADI
3933,2026-04-16 05:49:36,VLan40,Sales,Server,HTTPS,468,4.25,11,NO,KUMASI
3934,2026-10-17 23:01:45,VLan20,Finance,Mobile,DNS,565,3.16,1,NO,KUMASI
3935,2026-02-13 15:56:23,VLan20,Finance,Desktop,HTTP,138,3.95,13,NO,Tamale
3936,2026-12-14 06:34:37,VLan10,HR,Mobile,SSH,197,3.68,10,NO,Tamale
3937,2026-06-28 18:29:18,VLan20,Finance,Router,HTTP,365,1.91,15,NO,KUMASI
3938,2026-10-23 12:20:08,VLan30,IT,Server,HTTPS,687,1.26,0,NO,TEMA
3939,2026-09-28 20:55:07,VLan10,HR,Server,SSH,222,4.68,11,NO,TEMA
3940,2026-03-19 20:51:34,VLan40,Sales,Desktop,HTTP,397,2.89,3,NO,ACCRA
3941,2026-01-06 13:05:56,VLan20,Finance,Mobile,HTTPS,155,3.58,3,NO,TEMA
3942,2026-11-19 14:32:50,VLan30,IT,Server,HTTP,1000,0.81,15,NO,ACCRA
3943,2026-05-07 05:28:24,VLan20,Finance,Laptop,SMTP,680,3.16,9,NO,TEMA
3944,2026-09-26 14:58:39,VLan10,HR,Mobile,HTTP,685,0.74,5,NO,KUMASI
3945,2026-06-09 07:01:11,VLan20,Finance,Router,HTTPS,580,4.91,12,NO,TAKORADI
3946,2026-10-14 18:53:56,VLan10,HR,Server,HTTP,534,4.2,9,NO,Tamale
3947,2026-05-23 03:19:32,VLan20,Finance,Laptop,DNS,475,0.4,2,NO,TAKORADI
3948,2026-12-29 21:27:20,VLan40,Sales,Laptop,HTTP,597,3.52,4,NO,TEMA
3949,2026-01-17 06:58:22,VLan30,IT,Router,FTP,1067,2.36,4,YES,KUMASI
3950,2026-05-29 02:03:20,VLan30,IT,Desktop,HTTPS,541,4.02,7,NO,ACCRA
3951,2026-05-21 22:51:52,VLan30,IT,Server,SSH,1145,1.35,5,YES,TEMA
3952,2026-05-31 02:33:49,VLan40,Sales,Desktop,HTTPS,125,1.77,2,NO,KUMASI
3953,2026-11-15 12:34:41,VLan20,Finance,Server,DNS,524,0.57,3,NO,KUMASI
3954,2026-10-28 05:05:04,VLan20,Finance,Mobile,HTTP,688,1.57,1,NO,TEMA
3955,2026-06-30 22:59:17,VLan10,HR,Router,HTTP,143,4.72,1,NO,KUMASI
3956,2026-10-25 10:03:39,VLan30,IT,Desktop,FTP,1012,3.22,13,YES,TAKORADI
3957,2026-09-07 08:59:06,VLan40,Sales,Desktop,HTTPS,514,2.55,4,NO,TAKORADI
3958,2026-07-28 07:13:25,VLan40,Sales,Mobile,HTTPS,648,4.6,6,NO,KUMASI
3959,2026-01-09 13:24:41,VLan40,Sales,Server,FTP,188,4.08,15,NO,KUMASI
3960,2026-03-20 10:54:00,VLan30,IT,Mobile,HTTP,904,4.16,14,NO,TEMA
3961,2026-08-04 12:47:14,VLan40,Sales,Mobile,HTTPS,186,4.69,7,NO,KUMASI
3962,2026-11-07 13:48:49,VLan30,IT,Router,SMTP,1183,4.52,2,NO,ACCRA
3963,2026-07-24 03:26:28,VLan40,Sales,Server,SSH,434,4.91,5,NO,KUMASI
3964,2026-03-28 05:32:53,VLan30,IT,Laptop,HTTP,1044,1.13,3,NO,TAKORADI
3965,2026-12-31 12:30:41,VLan30,IT,Server,HTTPS,882,2.53,14,NO,Tamale
3966,2026-04-02 22:03:07,VLan40,Sales,Router,HTTP,476,4.83,12,NO,TEMA
3967,2026-05-02 14:18:22,VLan20,Finance,Desktop,HTTP,133,2.62,12,NO,TEMA
3968,2026-11-13 16:36:33,VLan20,Finance,Laptop,DNS,124,0.51,6,NO,KUMASI
3969,2026-11-12 00:42:38,VLan10,HR,Mobile,HTTP,191,1.84,9,NO,Tamale
3970,2026-09-29 20:43:48,VLan10,HR,Desktop,HTTPS,374,1.27,12,NO,Tamale
3971,2026-12-22 05:43:38,VLan40,Sales,Router,HTTP,312,2.98,6,NO,TAKORADI
3972,2026-12-17 03:44:35,VLan10,HR,Desktop,SSH,440,4.21,2,NO,KUMASI
3973,2026-12-14 10:18:33,VLan20,Finance,Mobile,SSH,230,3.23,8,NO,TEMA
3974,2026-10-19 08:13:01,VLan10,HR,Laptop,SSH,521,0.19,9,NO,Tamale
3975,2026-10-09 05:53:18,VLan30,IT,Desktop,HTTPS,1145,0.66,4,NO,Tamale
3976,2026-02-13 06:58:35,VLan30,IT,Laptop,FTP,816,4.11,2,NO,TAKORADI
3977,2026-09-14 18:41:23,VLan30,IT,Desktop,HTTPS,1073,0.56,11,NO,KUMASI
3978,2026-06-07 16:59:36,VLan30,IT,Router,SSH,764,4.44,7,NO,Tamale
3979,2026-10-12 14:00:56,VLan10,HR,Server,DNS,306,4.57,12,NO,TAKORADI
3980,2026-01-28 21:49:39,VLan10,HR,Laptop,FTP,267,1.66,15,NO,Tamale
3981,2026-04-01 12:31:50,VLan30,IT,Server,FTP,827,2.24,8,NO,ACCRA
3982,2026-04-04 07:39:33,VLan20,Finance,Desktop,SSH,534,3.79,7,NO,ACCRA
3983,2026-08-19 11:49:59,VLan30,IT,Router,HTTP,854,0.49,3,NO,ACCRA
3984,2026-10-12 20:37:44,VLan20,Finance,Server,HTTPS,553,3.39,12,NO,ACCRA
3985,2026-07-07 16:55:55,VLan30,IT,Router,HTTPS,712,2.84,12,NO,ACCRA
3986,2026-09-07 03:50:11,VLan30,IT,Desktop,DNS,1073,2.24,6,NO,KUMASI
3987,2026-04-01 10:25:30,VLan10,HR,Server,HTTP,486,1.9,15,NO,TEMA
3988,2026-07-13 10:42:28,VLan20,Finance,Laptop,FTP,151,2.4,14,NO,KUMASI
3989,2026-09-19 22:21:57,VLan10,HR,Mobile,HTTPS,133,2.73,10,NO,ACCRA
3990,2026-05-05 06:24:52,VLan20,Finance,Desktop,HTTP,463,2.62,5,NO,KUMASI
3991,2026-02-23 10:46:14,VLan10,HR,Mobile,DNS,116,2.42,1,NO,KUMASI
3992,2026-11-27 08:48:30,VLan20,Finance,Router,SSH,401,3.62,14,NO,TAKORADI
3993,2026-04-09 16:54:40,VLan10,HR,Desktop,FTP,272,2.2,2,NO,TAKORADI
3994,2026-01-27 08:07:44,VLan20,Finance,Router,SSH,465,0.13,12,NO,TAKORADI
3995,2026-04-16 20:45:50,VLan30,IT,Server,HTTP,1155,4.63,5,NO,Tamale
3996,2026-11-27 23:48:40,VLan40,Sales,Router,HTTPS,316,0.31,14,NO,ACCRA
3997,2026-05-28 10:51:02,VLan20,Finance,Mobile,HTTPS,320,3.82,15,NO,TAKORADI
3998,2026-02-07 17:16:18,VLan40,Sales,Mobile,HTTP,295,4.22,2,NO,KUMASI
3999,2026-06-01 10:37:03,VLan40,Sales,Router,DNS,515,0.65,11,NO,KUMASI
4000,2026-02-26 07:27:03,VLan40,Sales,Desktop,SSH,459,2.79,2,NO,KUMASI
4001,2026-06-23 07:26:09,VLan40,Sales,Router,DNS,179,3.54,2,NO,TAKORADI
4002,2026-11-03 20:28:50,VLan30,IT,Mobile,HTTP,691,3.75,4,NO,Tamale
4003,2026-09-15 18:34:53,VLan30,IT,Server,SMTP,853,1.47,8,NO,KUMASI
4004,2026-11-19 16:28:37,VLan20,Finance,Router,SSH,561,3.63,4,NO,ACCRA
4005,2026-05-19 04:16:03,VLan30,IT,Server,DNS,1013,4.34,11,NO,ACCRA
4006,2026-08-01 18:44:42,VLan20,Finance,Desktop,SSH,141,4.66,3,NO,KUMASI
4007,2026-06-17 05:39:16,VLan30,IT,Mobile,HTTPS,1191,0.47,8,NO,TEMA
4008,2026-06-28 04:03:09,VLan10,HR,Laptop,DNS,533,2.83,9,NO,TEMA
4009,2026-10-25 06:51:26,VLan30,IT,Desktop,FTP,955,3.7,4,YES,Tamale
4010,2026-04-11 01:02:52,VLan10,HR,Router,FTP,129,1.85,15,NO,Tamale
4011,2026-12-14 15:03:43,VLan10,HR,Router,HTTPS,131,4.95,6,NO,TAKORADI
4012,2026-04-16 16:36:37,VLan10,HR,Laptop,SSH,452,3.75,13,NO,ACCRA
4013,2026-12-28 20:51:58,VLan30,IT,Router,SMTP,729,2.51,9,NO,KUMASI
4014,2026-02-03 15:02:37,VLan30,IT,Router,HTTP,765,3.74,4,NO,TAKORADI
4015,2026-05-30 19:48:11,VLan40,Sales,Laptop,FTP,434,0.49,12,NO,TEMA
4016,2026-02-28 20:24:26,VLan30,IT,Laptop,HTTP,986,1.2,14,NO,TEMA
4017,2026-09-10 12:45:43,VLan10,HR,Mobile,HTTPS,347,4.73,9,NO,KUMASI
4018,2026-03-02 23:43:11,VLan20,Finance,Laptop,HTTP,497,1.8,13,NO,KUMASI
4019,2026-08-14 22:30:36,VLan20,Finance,Server,HTTP,507,0.87,10,NO,Tamale
4020,2026-06-14 15:26:29,VLan30,IT,Laptop,SMTP,666,3.08,12,NO,TEMA
4021,2026-08-05 02:26:02,VLan30,IT,Desktop,DNS,630,3.89,11,NO,KUMASI
4022,2026-05-17 10:36:44,VLan20,Finance,Desktop,SMTP,408,3.52,11,NO,ACCRA
4023,2026-07-26 04:25:16,VLan40,Sales,Router,SSH,428,1.86,10,NO,Tamale
4024,2026-01-14 23:17:05,VLan10,HR,Router,DNS,554,2.85,15,NO,TEMA
4025,2026-11-19 12:10:37,VLan30,IT,Desktop,DNS,898,4.26,11,NO,TEMA
4026,2026-07-27 13:57:39,VLan30,IT,Mobile,DNS,1001,0.96,15,NO,ACCRA
4027,2026-11-02 17:29:42,VLan20,Finance,Server,SSH,499,1.75,14,NO,KUMASI
4028,2026-12-23 04:38:22,VLan20,Finance,Mobile,FTP,387,4.1,9,NO,TAKORADI
4029,2026-02-20 03:11:53,VLan10,HR,Router,HTTP,368,4.12,7,NO,TEMA
4030,2026-10-17 21:32:49,VLan30,IT,Laptop,HTTP,1047,1.28,13,NO,Tamale
4031,2026-07-25 22:26:47,VLan20,Finance,Mobile,HTTPS,626,0.91,3,NO,Tamale
4032,2026-12-23 22:52:45,VLan30,IT,Mobile,SSH,738,2.92,8,NO,TEMA
4033,2026-12-15 09:21:14,VLan10,HR,Mobile,FTP,642,0.67,5,NO,ACCRA
4034,2026-10-04 16:03:36,VLan40,Sales,Laptop,DNS,306,0.45,8,NO,KUMASI
4035,2026-01-03 01:17:11,VLan40,Sales,Mobile,SSH,304,3.53,2,NO,ACCRA
4036,2026-10-21 11:12:13,VLan20,Finance,Desktop,HTTPS,314,3.52,10,NO,Tamale
4037,2026-04-27 09:20:21,VLan40,Sales,Router,HTTP,210,0.41,9,NO,ACCRA
4038,2026-01-11 19:45:49,VLan40,Sales,Laptop,HTTP,263,2.58,13,NO,ACCRA
4039,2026-02-01 18:17:08,VLan40,Sales,Router,HTTPS,585,4.42,0,NO,TEMA
4040,2026-02-18 01:34:21,VLan20,Finance,Mobile,SSH,181,4.92,9,NO,ACCRA
4041,2026-08-20 13:13:34,VLan40,Sales,Laptop,FTP,144,4.42,6,NO,TEMA
4042,2026-07-28 16:07:42,VLan20,Finance,Mobile,HTTPS,648,4.57,5,NO,TEMA
4043,2026-10-15 16:48:01,VLan40,Sales,Desktop,SSH,283,3.6,11,NO,Tamale
4044,2026-11-06 02:46:26,VLan10,HR,Router,HTTP,328,2.9,13,NO,TEMA
4045,2026-01-30 03:21:42,VLan20,Finance,Server,HTTP,331,1.94,9,NO,TAKORADI
4046,2026-11-13 19:09:48,VLan40,Sales,Server,SSH,102,2.64,5,NO,TAKORADI
4047,2026-06-05 04:03:25,VLan30,IT,Laptop,SSH,965,0.38,8,YES,Tamale
4048,2026-11-04 22:55:17,VLan30,IT,Router,SSH,621,0.52,8,NO,TAKORADI
4049,2026-03-05 03:30:27,VLan40,Sales,Laptop,HTTP,476,0.6,7,NO,TEMA
4050,2026-02-19 01:48:09,VLan40,Sales,Mobile,HTTP,397,0.17,15,NO,KUMASI
4051,2026-06-28 15:03:44,VLan40,Sales,Laptop,SSH,297,2.43,10,NO,KUMASI
4052,2026-03-30 18:40:42,VLan10,HR,Mobile,HTTP,519,4.36,3,NO,KUMASI
4053,2026-01-24 17:57:56,VLan20,Finance,Server,SSH,409,1.79,3,NO,TAKORADI
4054,2026-03-28 07:36:41,VLan30,IT,Router,DNS,1137,0.03,9,NO,ACCRA
4055,2026-09-17 18:36:01,VLan30,IT,Router,HTTPS,790,4.16,9,NO,Tamale
4056,2026-09-09 23:52:29,VLan10,HR,Laptop,SSH,180,0.61,13,NO,ACCRA
4057,2026-09-08 15:58:44,VLan20,Finance,Router,SSH,426,1.62,3,NO,Tamale
4058,2026-08-18 23:37:52,VLan40,Sales,Router,SMTP,101,1.71,10,NO,TAKORADI
4059,2026-08-27 12:56:35,VLan40,Sales,Mobile,SMTP,587,3.19,4,NO,ACCRA
4060,2026-02-10 13:03:08,VLan10,HR,Laptop,FTP,447,3.73,10,NO,Tamale
4061,2026-02-12 07:19:55,VLan10,HR,Server,SSH,408,2.4,0,NO,ACCRA
4062,2026-07-13 15:36:38,VLan20,Finance,Laptop,SSH,302,2.3,8,NO,TEMA
4063,2026-12-19 13:44:59,VLan40,Sales,Server,DNS,365,3.47,5,NO,ACCRA
4064,2026-05-19 17:41:39,VLan40,Sales,Server,HTTP,442,3.88,11,NO,KUMASI
4065,2026-02-01 20:46:59,VLan30,IT,Router,FTP,1138,1.6,13,YES,ACCRA
4066,2026-11-08 16:58:55,VLan30,IT,Router,SSH,1032,2.12,15,YES,TEMA
4067,2026-05-06 02:36:50,VLan20,Finance,Server,SSH,321,4.3,6,NO,ACCRA
4068,2026-12-02 23:05:10,VLan30,IT,Mobile,FTP,687,1.3,14,NO,KUMASI
4069,2026-04-20 23:36:52,VLan20,Finance,Server,DNS,471,0.04,2,NO,TAKORADI
4070,2026-12-19 14:06:19,VLan20,Finance,Router,HTTP,596,0.44,10,NO,ACCRA
4071,2026-11-01 11:20:06,VLan20,Finance,Server,DNS,236,4.35,1,NO,TAKORADI
4072,2026-10-25 19:42:01,VLan30,IT,Server,DNS,886,4.01,6,NO,KUMASI
4073,2026-02-05 01:38:48,VLan20,Finance,Mobile,SMTP,612,4.35,3,NO,KUMASI
4074,2026-07-26 14:20:16,VLan40,Sales,Desktop,SMTP,206,4.86,11,NO,ACCRA
4075,2026-10-29 11:22:08,VLan10,HR,Mobile,HTTP,154,4.63,0,NO,TAKORADI
4076,2026-06-21 06:22:29,VLan30,IT,Server,SMTP,568,0.88,0,NO,KUMASI
4077,2026-10-06 12:19:19,VLan30,IT,Router,SSH,647,2.2,8,NO,ACCRA
4078,2026-10-30 21:44:28,VLan10,HR,Desktop,SSH,349,4.82,11,NO,TEMA
4079,2026-01-15 06:13:54,VLan30,IT,Desktop,DNS,1102,2.72,7,NO,TEMA
4080,2026-06-02 09:23:30,VLan20,Finance,Mobile,SMTP,129,4.44,1,NO,ACCRA
4081,2026-05-25 08:18:33,VLan10,HR,Desktop,DNS,389,1.07,15,NO,ACCRA
4082,2026-12-21 22:16:38,VLan10,HR,Mobile,FTP,630,0.21,7,NO,ACCRA
4083,2026-08-21 04:19:45,VLan10,HR,Laptop,SSH,319,4.72,0,NO,Tamale
4084,2026-07-30 05:08:45,VLan20,Finance,Mobile,HTTPS,348,1.29,5,NO,ACCRA
4085,2026-05-30 10:24:56,VLan40,Sales,Laptop,FTP,568,2.53,15,NO,Tamale
4086,2026-01-26 21:37:00,VLan10,HR,Laptop,HTTP,534,4.73,11,NO,ACCRA
4087,2026-07-19 16:54:40,VLan40,Sales,Router,SSH,124,1.49,10,NO,KUMASI
4088,2026-02-02 10:23:19,VLan40,Sales,Mobile,DNS,333,3.64,11,NO,TAKORADI
4089,2026-12-18 09:37:02,VLan40,Sales,Mobile,FTP,124,3.15,0,NO,KUMASI
4090,2026-03-11 20:31:41,VLan10,HR,Mobile,HTTPS,283,2.94,0,NO,TAKORADI
4091,2026-06-23 14:37:23,VLan30,IT,Laptop,SMTP,717,3.46,4,NO,ACCRA
4092,2026-05-19 10:01:09,VLan40,Sales,Server,FTP,309,0.78,6,NO,KUMASI
4093,2026-07-19 22:19:32,VLan40,Sales,Laptop,HTTP,570,0.2,15,NO,TEMA
4094,2026-12-05 08:29:28,VLan30,IT,Desktop,HTTPS,633,3.08,15,NO,KUMASI
4095,2026-03-12 20:23:52,VLan20,Finance,Laptop,HTTP,277,0.81,2,NO,TEMA
4096,2026-09-18 22:45:44,VLan20,Finance,Router,HTTPS,242,0.73,5,NO,ACCRA
4097,2026-04-10 10:40:51,VLan30,IT,Desktop,DNS,560,2.82,15,NO,ACCRA
4098,2026-07-19 23:18:50,VLan10,HR,Desktop,DNS,318,4.98,0,NO,Tamale
4099,2026-09-05 14:44:18,VLan30,IT,Laptop,FTP,1103,4.66,15,YES,TEMA
4100,2026-02-05 14:18:12,VLan40,Sales,Router,DNS,611,0.65,10,NO,KUMASI
4101,2026-12-03 01:29:57,VLan30,IT,Router,FTP,745,3.86,10,NO,KUMASI
4102,2026-06-10 06:17:31,VLan10,HR,Mobile,SMTP,449,0.23,12,NO,TEMA
4103,2026-11-09 21:02:20,VLan20,Finance,Laptop,SSH,160,3.01,0,NO,TEMA
4104,2026-03-29 07:24:11,VLan10,HR,Router,SMTP,620,3.38,2,NO,TEMA
4105,2026-12-20 14:50:58,VLan40,Sales,Desktop,SMTP,304,2.52,4,NO,TEMA
4106,2026-07-30 00:38:24,VLan40,Sales,Server,FTP,208,1.58,7,NO,KUMASI
4107,2026-01-21 15:39:49,VLan40,Sales,Server,DNS,144,2.49,15,NO,KUMASI
4108,2026-07-18 00:44:35,VLan20,Finance,Router,DNS,165,3.66,15,NO,KUMASI
4109,2026-09-29 20:38:08,VLan30,IT,Server,FTP,522,4.08,15,NO,ACCRA
4110,2026-03-25 12:37:49,VLan10,HR,Server,SMTP,318,3.37,6,NO,TEMA
4111,2026-09-10 06:07:34,VLan30,IT,Server,FTP,901,0.61,10,YES,ACCRA
4112,2026-08-09 20:09:39,VLan10,HR,Laptop,SMTP,256,4.56,0,NO,TEMA
4113,2026-12-11 20:48:08,VLan40,Sales,Desktop,FTP,692,2.47,10,NO,ACCRA
4114,2026-06-26 19:05:54,VLan40,Sales,Server,HTTP,186,3.86,11,NO,ACCRA
4115,2026-09-22 10:44:22,VLan10,HR,Desktop,SSH,509,2.69,10,NO,Tamale
4116,2026-08-24 03:09:47,VLan40,Sales,Laptop,DNS,276,3.45,7,NO,ACCRA
4117,2026-01-17 03:53:00,VLan30,IT,Router,FTP,1035,3.63,2,YES,KUMASI
4118,2026-12-21 15:04:39,VLan20,Finance,Router,SMTP,615,1.34,14,NO,ACCRA
4119,2026-11-22 01:27:35,VLan40,Sales,Mobile,HTTPS,556,0.47,4,NO,Tamale
4120,2026-04-16 03:09:23,VLan30,IT,Server,HTTP,1189,2.31,3,NO,TAKORADI
4121,2026-03-05 12:40:33,VLan40,Sales,Server,FTP,263,4.11,12,NO,TEMA
4122,2026-05-18 08:46:41,VLan30,IT,Laptop,HTTP,941,2.28,9,NO,KUMASI
4123,2026-12-15 00:46:59,VLan20,Finance,Desktop,SMTP,561,1.63,0,NO,KUMASI
4124,2026-12-20 15:19:06,VLan30,IT,Server,DNS,790,2.96,10,NO,KUMASI
4125,2026-01-04 18:35:08,VLan20,Finance,Server,SSH,234,3.43,4,NO,ACCRA
4126,2026-05-03 09:13:44,VLan30,IT,Laptop,DNS,1164,2.07,1,NO,Tamale
4127,2026-04-21 21:58:30,VLan20,Finance,Server,HTTP,230,4.99,8,NO,TAKORADI
4128,2026-08-03 08:23:35,VLan20,Finance,Server,HTTP,179,2.38,14,NO,Tamale
4129,2026-09-19 20:16:33,VLan10,HR,Server,SSH,133,2.7,6,NO,ACCRA
4130,2026-09-17 09:45:44,VLan40,Sales,Router,FTP,279,3.72,6,NO,KUMASI
4131,2026-05-22 01:28:28,VLan30,IT,Laptop,SSH,611,3.07,15,NO,TAKORADI
4132,2026-02-12 04:47:49,VLan10,HR,Mobile,DNS,187,1.24,4,NO,ACCRA
4133,2026-02-04 20:22:54,VLan20,Finance,Mobile,FTP,683,0.97,13,NO,TEMA
4134,2026-07-24 04:30:32,VLan30,IT,Server,HTTP,847,2.11,14,NO,TAKORADI
4135,2026-08-18 22:57:03,VLan30,IT,Mobile,DNS,1077,1.33,6,NO,ACCRA
4136,2026-11-06 17:39:14,VLan20,Finance,Laptop,HTTPS,575,4.07,12,NO,TEMA
4137,2026-06-05 15:57:47,VLan40,Sales,Desktop,HTTPS,262,3.44,7,NO,TAKORADI
4138,2026-07-30 05:47:35,VLan20,Finance,Mobile,FTP,300,2.36,2,NO,TAKORADI
4139,2026-04-14 08:07:26,VLan30,IT,Desktop,FTP,863,4.11,3,NO,KUMASI
4140,2026-07-12 13:24:43,VLan20,Finance,Server,HTTPS,660,4.76,10,NO,Tamale
4141,2026-05-29 00:32:36,VLan30,IT,Router,HTTPS,793,3.99,15,NO,ACCRA
4142,2026-01-11 04:24:10,VLan10,HR,Mobile,SMTP,160,2.01,8,NO,ACCRA
4143,2026-03-24 11:49:29,VLan30,IT,Laptop,SMTP,991,0.03,14,NO,TAKORADI
4144,2026-02-16 01:06:41,VLan20,Finance,Laptop,DNS,240,3.72,5,NO,TEMA
4145,2026-02-22 01:12:56,VLan20,Finance,Laptop,HTTPS,698,1.93,8,NO,TEMA
4146,2026-03-20 02:42:47,VLan10,HR,Mobile,SMTP,531,0.3,11,NO,TEMA
4147,2026-08-24 06:59:23,VLan10,HR,Server,FTP,637,3.22,6,NO,ACCRA
4148,2026-09-26 16:05:22,VLan10,HR,Mobile,SSH,369,4.29,0,NO,ACCRA
4149,2026-03-14 13:17:28,VLan40,Sales,Router,DNS,476,2.5,5,NO,Tamale
4150,2026-06-05 09:24:08,VLan30,IT,Server,HTTP,724,1.75,13,NO,TEMA
4151,2026-11-08 11:08:29,VLan10,HR,Mobile,SMTP,231,4.14,9,NO,KUMASI
4152,2026-04-30 20:49:29,VLan20,Finance,Desktop,DNS,462,1.75,0,NO,TAKORADI
4153,2026-02-06 12:34:22,VLan30,IT,Router,SSH,815,3.04,14,NO,KUMASI
4154,2026-10-24 17:36:06,VLan40,Sales,Desktop,FTP,504,4.28,14,NO,Tamale
4155,2026-05-05 17:37:04,VLan30,IT,Router,SSH,744,4.25,3,NO,KUMASI
4156,2026-08-27 02:43:54,VLan30,IT,Router,SSH,602,1.37,6,NO,TAKORADI
4157,2026-04-09 17:39:54,VLan40,Sales,Router,HTTPS,596,1.82,5,NO,Tamale
4158,2026-06-17 14:03:31,VLan30,IT,Mobile,FTP,993,4.14,10,YES,ACCRA
4159,2026-07-14 09:35:49,VLan10,HR,Server,HTTPS,531,4.04,0,NO,TEMA
4160,2026-07-24 21:24:56,VLan30,IT,Server,SSH,665,0.64,10,NO,Tamale
4161,2026-09-15 18:26:03,VLan10,HR,Mobile,HTTP,597,0.81,11,NO,ACCRA
4162,2026-12-19 04:49:17,VLan20,Finance,Desktop,SMTP,508,4,5,NO,TEMA
4163,2026-02-07 09:11:03,VLan20,Finance,Router,SSH,680,1.72,14,NO,KUMASI
4164,2026-06-29 22:27:57,VLan10,HR,Mobile,SMTP,115,1.34,9,NO,TAKORADI
4165,2026-01-24 13:08:44,VLan10,HR,Server,HTTP,536,2.04,13,NO,TAKORADI
4166,2026-03-06 18:22:26,VLan30,IT,Mobile,HTTP,597,0.76,0,NO,Tamale
4167,2026-04-22 00:32:44,VLan20,Finance,Mobile,DNS,272,2.07,3,NO,KUMASI
4168,2026-09-20 19:17:02,VLan20,Finance,Laptop,SSH,599,0.66,15,NO,ACCRA
4169,2026-01-26 11:58:26,VLan40,Sales,Server,FTP,372,0.2,8,NO,KUMASI
4170,2026-06-24 11:16:24,VLan10,HR,Router,HTTP,659,2.15,2,NO,KUMASI
4171,2026-12-03 00:04:35,VLan10,HR,Laptop,HTTPS,545,4.39,3,NO,ACCRA
4172,2026-07-27 01:26:30,VLan30,IT,Desktop,HTTP,1063,3.57,11,NO,Tamale
4173,2026-05-19 16:32:42,VLan20,Finance,Desktop,HTTPS,189,4.46,2,NO,ACCRA
4174,2026-03-16 01:11:44,VLan20,Finance,Server,HTTPS,175,1.17,9,NO,KUMASI
4175,2026-01-11 22:58:09,VLan30,IT,Mobile,HTTPS,598,3.27,12,NO,ACCRA
4176,2026-09-25 00:10:01,VLan30,IT,Server,SSH,916,2.81,6,YES,TEMA
4177,2026-12-04 23:24:44,VLan40,Sales,Server,FTP,132,1.15,7,NO,ACCRA
4178,2026-02-06 12:25:41,VLan40,Sales,Mobile,SSH,350,1.19,1,NO,KUMASI
4179,2026-11-26 03:39:09,VLan30,IT,Desktop,HTTP,562,4.69,3,NO,ACCRA
4180,2026-11-05 17:56:17,VLan10,HR,Laptop,HTTPS,211,0.16,2,NO,TEMA
4181,2026-12-15 09:09:49,VLan10,HR,Server,HTTPS,462,3.3,0,NO,ACCRA
4182,2026-10-28 02:57:18,VLan30,IT,Desktop,SMTP,640,2.37,9,NO,Tamale
4183,2026-11-29 16:49:48,VLan10,HR,Laptop,HTTPS,102,2.93,0,NO,KUMASI
4184,2026-02-16 00:46:49,VLan30,IT,Desktop,DNS,832,3.86,0,NO,TAKORADI
4185,2026-04-30 03:24:29,VLan20,Finance,Desktop,HTTP,272,3.85,2,NO,TEMA
4186,2026-07-06 17:46:14,VLan10,HR,Mobile,SSH,573,1,8,NO,TAKORADI
4187,2026-02-14 01:26:08,VLan40,Sales,Laptop,SMTP,642,1.25,9,NO,ACCRA
4188,2026-03-14 04:01:30,VLan10,HR,Laptop,DNS,229,4.84,1,NO,ACCRA
4189,2026-08-30 06:46:43,VLan10,HR,Server,HTTP,207,3.4,4,NO,TAKORADI
4190,2026-07-14 17:33:17,VLan40,Sales,Desktop,HTTP,642,2.71,6,NO,TAKORADI
4191,2026-06-03 17:04:15,VLan30,IT,Server,FTP,1164,1.2,10,YES,TEMA
4192,2026-11-23 00:13:55,VLan40,Sales,Server,HTTPS,120,0.98,0,NO,KUMASI
4193,2026-04-05 00:11:53,VLan40,Sales,Server,SMTP,669,1.84,13,NO,Tamale
4194,2026-06-23 09:42:04,VLan30,IT,Laptop,SMTP,1068,2.19,10,NO,TEMA
4195,2026-10-18 22:38:24,VLan10,HR,Router,HTTP,268,2.71,3,NO,TAKORADI
4196,2026-02-20 06:54:54,VLan10,HR,Desktop,SSH,543,2.39,5,NO,TEMA
4197,2026-10-01 21:42:02,VLan10,HR,Mobile,HTTPS,164,1.63,7,NO,ACCRA
4198,2026-04-07 17:23:45,VLan20,Finance,Mobile,SMTP,403,2.44,6,NO,TEMA
4199,2026-09-26 22:10:31,VLan10,HR,Desktop,FTP,518,2.54,8,NO,TAKORADI
4200,2026-11-24 03:22:39,VLan20,Finance,Router,SSH,150,2.37,3,NO,TAKORADI
4201,2026-03-22 11:17:41,VLan10,HR,Desktop,HTTP,351,1.91,11,NO,Tamale
4202,2026-08-15 19:02:30,VLan10,HR,Mobile,SSH,430,4.35,8,NO,Tamale
4203,2026-08-20 06:43:04,VLan30,IT,Router,HTTP,546,4.94,0,NO,TEMA
4204,2026-02-05 01:39:55,VLan30,IT,Server,DNS,1076,1.95,12,NO,TEMA
4205,2026-05-04 05:13:34,VLan10,HR,Desktop,SMTP,201,2.18,10,NO,Tamale
4206,2026-05-19 17:13:41,VLan30,IT,Server,DNS,532,1.61,0,NO,ACCRA
4207,2026-08-12 20:24:10,VLan30,IT,Laptop,SSH,1106,0.19,15,YES,KUMASI
4208,2026-02-09 22:51:12,VLan30,IT,Server,HTTPS,751,2.46,2,NO,ACCRA
4209,2026-05-27 12:44:32,VLan40,Sales,Desktop,HTTPS,530,2.16,0,NO,ACCRA
4210,2026-10-21 01:03:28,VLan10,HR,Mobile,SMTP,576,2.92,1,NO,KUMASI
4211,2026-01-10 18:43:06,VLan40,Sales,Router,FTP,492,4.52,5,NO,TEMA
4212,2026-06-27 20:04:38,VLan20,Finance,Laptop,SSH,327,1.87,4,NO,TAKORADI
4213,2026-10-27 11:56:33,VLan10,HR,Server,SSH,614,4.63,14,NO,KUMASI
4214,2026-09-27 03:15:40,VLan10,HR,Laptop,FTP,661,3.48,8,NO,TEMA
4215,2026-04-16 06:44:22,VLan30,IT,Mobile,SSH,774,1.53,1,NO,KUMASI
4216,2026-07-20 08:38:26,VLan30,IT,Server,FTP,695,1.8,6,NO,Tamale
4217,2026-05-14 16:49:02,VLan40,Sales,Desktop,DNS,625,4.04,10,NO,KUMASI
4218,2026-01-31 10:09:29,VLan10,HR,Server,FTP,217,2.65,2,NO,ACCRA
4219,2026-01-15 01:34:16,VLan20,Finance,Server,DNS,128,1.36,7,NO,TAKORADI
4220,2026-08-17 13:01:00,VLan20,Finance,Laptop,HTTP,171,1.2,13,NO,TEMA
4221,2026-05-14 04:52:55,VLan10,HR,Mobile,FTP,576,4.51,1,NO,KUMASI
4222,2026-07-02 05:08:32,VLan10,HR,Desktop,SMTP,244,0.91,3,NO,TEMA
4223,2026-11-07 17:10:34,VLan40,Sales,Laptop,HTTP,444,2.73,6,NO,TAKORADI
4224,2026-09-11 13:09:49,VLan10,HR,Desktop,SMTP,154,4.63,6,NO,ACCRA
4225,2026-04-20 02:20:49,VLan10,HR,Router,FTP,236,0.63,15,NO,Tamale
4226,2026-07-20 06:27:10,VLan30,IT,Laptop,FTP,922,4.77,13,YES,KUMASI
4227,2026-10-19 19:53:34,VLan40,Sales,Server,FTP,336,0.1,1,NO,ACCRA
4228,2026-10-24 08:32:03,VLan40,Sales,Server,FTP,489,3.24,8,NO,TEMA
4229,2026-06-11 04:37:13,VLan10,HR,Mobile,FTP,135,1.21,7,NO,KUMASI
4230,2026-07-04 08:54:07,VLan10,HR,Mobile,SSH,387,1.76,2,NO,Tamale
4231,2026-11-04 12:12:24,VLan20,Finance,Server,SMTP,604,2.6,0,NO,TAKORADI
4232,2026-07-19 13:07:46,VLan20,Finance,Server,HTTPS,138,4.59,13,NO,ACCRA
4233,2026-12-18 09:12:59,VLan10,HR,Server,FTP,585,3.81,15,NO,TAKORADI
4234,2026-02-20 11:55:02,VLan10,HR,Laptop,HTTP,266,4.89,11,NO,KUMASI
4235,2026-03-11 12:20:04,VLan30,IT,Router,SMTP,829,4.04,5,NO,KUMASI
4236,2026-10-24 21:18:42,VLan10,HR,Laptop,HTTP,379,2,9,NO,TEMA
4237,2026-08-06 11:11:18,VLan30,IT,Mobile,DNS,728,3.36,12,NO,ACCRA
4238,2026-07-12 18:03:04,VLan10,HR,Mobile,HTTP,135,1.91,13,NO,Tamale
4239,2026-09-23 12:29:34,VLan40,Sales,Desktop,DNS,332,1.13,15,NO,TAKORADI
4240,2026-06-19 13:52:15,VLan10,HR,Router,FTP,448,4.63,11,NO,Tamale
4241,2026-06-06 20:37:57,VLan30,IT,Desktop,FTP,978,3.48,2,YES,Tamale
4242,2026-04-12 05:43:45,VLan30,IT,Mobile,DNS,664,4.24,2,NO,ACCRA
4243,2026-06-18 09:45:27,VLan30,IT,Laptop,SMTP,1158,2.18,11,NO,KUMASI
4244,2026-02-17 13:26:19,VLan40,Sales,Mobile,FTP,265,0.48,15,NO,KUMASI
4245,2026-03-20 10:20:55,VLan10,HR,Laptop,SMTP,465,2.37,2,NO,TEMA
4246,2026-10-03 08:12:36,VLan30,IT,Mobile,HTTPS,791,2.13,5,NO,TAKORADI
4247,2026-03-25 20:31:20,VLan20,Finance,Desktop,HTTP,402,4.27,2,NO,TAKORADI
4248,2026-05-01 14:46:21,VLan20,Finance,Desktop,DNS,441,2.07,0,NO,TAKORADI
4249,2026-08-08 09:40:10,VLan20,Finance,Mobile,SSH,576,2.82,1,NO,TAKORADI
4250,2026-02-09 07:49:26,VLan30,IT,Mobile,DNS,619,3.73,14,NO,TEMA
4251,2026-08-21 23:02:27,VLan40,Sales,Desktop,SMTP,382,0.48,10,NO,Tamale
4252,2026-02-10 20:49:29,VLan20,Finance,Desktop,SSH,150,3.19,3,NO,TAKORADI
4253,2026-10-29 12:18:44,VLan30,IT,Server,FTP,1001,1.64,6,YES,Tamale
4254,2026-11-28 02:54:29,VLan40,Sales,Laptop,SSH,441,4.75,11,NO,TAKORADI
4255,2026-09-10 09:57:55,VLan40,Sales,Mobile,HTTPS,634,0.47,0,NO,TAKORADI
4256,2026-08-10 17:51:27,VLan20,Finance,Laptop,DNS,616,3.77,12,NO,TAKORADI
4257,2026-06-02 04:53:58,VLan20,Finance,Laptop,HTTPS,596,2.72,9,NO,Tamale
4258,2026-05-16 15:16:37,VLan40,Sales,Router,HTTP,380,2.31,6,NO,KUMASI
4259,2026-10-22 18:30:01,VLan10,HR,Laptop,DNS,380,3.26,2,NO,TEMA
4260,2026-07-28 08:54:05,VLan10,HR,Desktop,SMTP,570,4.9,2,NO,KUMASI
4261,2026-06-03 13:02:11,VLan10,HR,Laptop,FTP,164,4.56,3,NO,Tamale
4262,2026-04-14 07:21:49,VLan40,Sales,Router,HTTPS,299,2.38,3,NO,KUMASI
4263,2026-10-25 06:49:21,VLan40,Sales,Router,HTTP,675,0,12,NO,ACCRA
4264,2026-06-14 11:58:48,VLan30,IT,Desktop,HTTPS,785,1.97,6,NO,KUMASI
4265,2026-06-10 18:12:01,VLan20,Finance,Desktop,DNS,456,4.86,14,NO,ACCRA
4266,2026-05-09 07:45:27,VLan40,Sales,Mobile,FTP,235,1.68,9,NO,TAKORADI
4267,2026-01-09 17:38:03,VLan10,HR,Router,HTTPS,422,0.35,6,NO,TEMA
4268,2026-08-26 13:20:38,VLan20,Finance,Desktop,SSH,407,3.08,6,NO,KUMASI
4269,2026-11-30 02:56:10,VLan40,Sales,Router,SSH,376,2.62,15,NO,KUMASI
4270,2026-09-19 15:07:16,VLan10,HR,Desktop,DNS,588,4.02,10,NO,TAKORADI
4271,2026-11-11 04:29:47,VLan10,HR,Mobile,SMTP,613,3.06,1,NO,TAKORADI
4272,2026-06-24 03:01:20,VLan10,HR,Server,HTTP,214,3.87,9,NO,KUMASI
4273,2026-06-26 15:12:27,VLan10,HR,Desktop,SSH,193,4.37,15,NO,ACCRA
4274,2026-01-31 21:04:02,VLan20,Finance,Router,HTTP,491,0.89,1,NO,ACCRA
4275,2026-03-05 04:47:32,VLan10,HR,Laptop,SMTP,222,2.62,3,NO,KUMASI
4276,2026-12-31 01:44:44,VLan10,HR,Router,DNS,327,3.25,0,NO,TEMA
4277,2026-04-20 09:42:32,VLan40,Sales,Mobile,HTTP,516,4.12,8,NO,TEMA
4278,2026-08-29 20:58:39,VLan10,HR,Laptop,SSH,537,2.78,14,NO,TEMA
4279,2026-10-25 21:59:45,VLan40,Sales,Desktop,SMTP,561,0.16,7,NO,KUMASI
4280,2026-09-20 14:14:50,VLan20,Finance,Router,SMTP,348,1.15,2,NO,Tamale
4281,2026-01-10 10:46:52,VLan30,IT,Mobile,DNS,1167,2.88,1,NO,TAKORADI
4282,2026-09-22 20:11:00,VLan30,IT,Mobile,DNS,616,3.74,5,NO,ACCRA
4283,2026-05-19 04:23:06,VLan40,Sales,Mobile,HTTP,628,3.6,10,NO,TAKORADI
4284,2026-01-17 19:56:58,VLan40,Sales,Desktop,HTTP,554,4.23,2,NO,TEMA
4285,2026-03-05 00:09:40,VLan30,IT,Desktop,FTP,891,4.63,13,NO,TEMA
4286,2026-01-31 14:25:37,VLan10,HR,Mobile,DNS,608,4.88,14,NO,TAKORADI
4287,2026-09-07 00:52:06,VLan20,Finance,Mobile,DNS,332,3.33,7,NO,Tamale
4288,2026-06-18 17:20:27,VLan40,Sales,Desktop,DNS,409,4.53,10,NO,Tamale
4289,2026-11-14 12:55:33,VLan10,HR,Mobile,SMTP,102,4.09,6,NO,KUMASI
4290,2026-06-21 02:31:12,VLan30,IT,Mobile,HTTP,1088,0.41,1,NO,Tamale
4291,2026-12-13 20:21:03,VLan20,Finance,Server,SMTP,354,0.55,12,NO,Tamale
4292,2026-08-02 23:37:59,VLan40,Sales,Laptop,DNS,278,2.96,1,NO,TEMA
4293,2026-09-14 19:17:28,VLan30,IT,Server,DNS,616,4.03,5,NO,ACCRA
4294,2026-05-21 05:57:31,VLan10,HR,Server,SMTP,372,2.28,8,NO,ACCRA
4295,2026-10-17 01:51:08,VLan40,Sales,Laptop,SSH,549,4.73,8,NO,KUMASI
4296,2026-04-20 12:11:42,VLan40,Sales,Desktop,HTTP,262,2.93,1,NO,ACCRA
4297,2026-05-02 09:24:51,VLan10,HR,Server,HTTP,125,3.36,11,NO,Tamale
4298,2026-10-29 17:22:22,VLan20,Finance,Mobile,HTTP,539,1.96,10,NO,Tamale
4299,2026-01-08 22:22:01,VLan20,Finance,Laptop,SMTP,427,2.95,12,NO,ACCRA
4300,2026-04-18 07:23:46,VLan40,Sales,Server,FTP,354,0.15,12,NO,Tamale
4301,2026-04-05 18:44:18,VLan20,Finance,Router,FTP,347,1.02,15,NO,TAKORADI
4302,2026-09-17 08:16:26,VLan30,IT,Laptop,SMTP,1133,4.89,3,NO,TAKORADI
4303,2026-02-10 08:05:47,VLan30,IT,Server,DNS,885,4.72,4,NO,TAKORADI
4304,2026-04-22 07:16:43,VLan30,IT,Mobile,HTTPS,750,3.59,11,NO,Tamale
4305,2026-04-09 09:31:35,VLan20,Finance,Server,DNS,471,2.52,6,NO,KUMASI
4306,2026-01-14 06:25:41,VLan30,IT,Laptop,DNS,1189,0.67,13,NO,ACCRA
4307,2026-03-04 15:25:28,VLan30,IT,Laptop,HTTP,735,0.65,11,NO,Tamale
4308,2026-04-27 07:27:19,VLan40,Sales,Router,SSH,625,4.59,14,NO,Tamale
4309,2026-06-01 03:53:58,VLan10,HR,Desktop,FTP,683,3.39,6,NO,TEMA
4310,2026-01-06 19:33:54,VLan20,Finance,Server,FTP,683,0.91,12,NO,TEMA
4311,2026-07-25 22:41:38,VLan20,Finance,Server,DNS,539,3.94,14,NO,TEMA
4312,2026-10-25 02:15:03,VLan30,IT,Mobile,HTTP,921,2.45,11,NO,TAKORADI
4313,2026-10-19 22:43:00,VLan20,Finance,Server,SMTP,627,1.13,2,NO,TAKORADI
4314,2026-06-03 18:49:58,VLan30,IT,Router,SSH,666,0.23,2,NO,KUMASI
4315,2026-01-11 13:14:37,VLan10,HR,Server,HTTPS,249,0.87,3,NO,ACCRA
4316,2026-09-04 15:01:48,VLan40,Sales,Router,HTTP,577,3.72,15,NO,TAKORADI
4317,2026-03-29 20:48:17,VLan20,Finance,Laptop,FTP,100,3.92,15,NO,ACCRA
4318,2026-08-14 07:23:29,VLan10,HR,Desktop,FTP,239,1.92,8,NO,ACCRA
4319,2026-12-20 04:18:34,VLan10,HR,Desktop,DNS,646,1.48,8,NO,TAKORADI
4320,2026-04-11 20:52:07,VLan40,Sales,Laptop,HTTPS,532,2.8,6,NO,TEMA
4321,2026-10-10 03:27:50,VLan10,HR,Mobile,HTTP,461,4.22,1,NO,TEMA
4322,2026-01-09 13:25:03,VLan10,HR,Server,DNS,312,2.23,8,NO,TEMA
4323,2026-06-18 05:23:59,VLan10,HR,Desktop,FTP,695,4.36,14,NO,ACCRA
4324,2026-07-30 18:15:02,VLan20,Finance,Router,HTTPS,635,1.72,15,NO,TEMA
4325,2026-05-15 14:07:58,VLan10,HR,Laptop,FTP,686,3.35,1,NO,TAKORADI
4326,2026-07-06 17:21:57,VLan20,Finance,Desktop,FTP,289,0.97,1,NO,Tamale
4327,2026-11-04 22:30:48,VLan10,HR,Laptop,FTP,248,2.81,5,NO,TAKORADI
4328,2026-02-01 00:08:48,VLan30,IT,Desktop,HTTPS,544,1.57,3,NO,TEMA
4329,2026-10-03 08:20:52,VLan10,HR,Mobile,FTP,196,3.12,12,NO,TAKORADI
4330,2026-07-06 11:12:57,VLan20,Finance,Laptop,HTTPS,260,1.53,12,NO,ACCRA
4331,2026-11-22 11:30:57,VLan30,IT,Mobile,SMTP,533,2.96,3,NO,Tamale
4332,2026-11-13 12:05:58,VLan20,Finance,Router,HTTPS,391,0.48,15,NO,TEMA
4333,2026-03-25 21:26:43,VLan40,Sales,Router,SSH,533,4.06,9,NO,ACCRA
4334,2026-12-18 02:28:41,VLan40,Sales,Server,SSH,130,1.96,15,NO,KUMASI
4335,2026-01-07 21:51:34,VLan10,HR,Desktop,SSH,133,2.65,5,NO,TAKORADI
4336,2026-05-11 06:58:18,VLan20,Finance,Server,HTTP,485,4.81,15,NO,TEMA
4337,2026-04-06 00:35:09,VLan30,IT,Router,DNS,634,0.22,8,NO,Tamale
4338,2026-12-06 01:17:09,VLan20,Finance,Router,HTTP,562,3.01,10,NO,ACCRA
4339,2026-05-22 22:15:01,VLan30,IT,Laptop,SSH,547,2.82,10,NO,TEMA
4340,2026-04-16 01:37:05,VLan40,Sales,Desktop,FTP,520,4.08,14,NO,KUMASI
4341,2026-06-11 15:42:49,VLan30,IT,Server,HTTPS,610,4.68,5,NO,Tamale
4342,2026-06-09 03:12:24,VLan20,Finance,Desktop,SMTP,377,4.87,10,NO,Tamale
4343,2026-07-04 19:50:24,VLan40,Sales,Mobile,SMTP,403,2.31,15,NO,Tamale
4344,2026-09-03 20:55:45,VLan30,IT,Laptop,DNS,525,4.56,9,NO,ACCRA
4345,2026-09-17 13:14:00,VLan30,IT,Laptop,SMTP,1165,2.18,0,NO,KUMASI
4346,2026-06-06 05:29:11,VLan10,HR,Router,HTTP,555,0.28,9,NO,TAKORADI
4347,2026-10-29 19:53:16,VLan30,IT,Router,SMTP,535,3.21,6,NO,Tamale
4348,2026-12-09 22:28:55,VLan20,Finance,Laptop,HTTPS,109,4.06,11,NO,TAKORADI
4349,2026-05-16 11:33:35,VLan20,Finance,Server,HTTP,602,1.39,4,NO,TAKORADI
4350,2026-03-11 16:51:25,VLan30,IT,Laptop,HTTPS,1136,1.88,10,NO,KUMASI
4351,2026-11-05 04:17:58,VLan10,HR,Laptop,HTTPS,462,4.15,8,NO,KUMASI
4352,2026-10-04 23:14:36,VLan40,Sales,Laptop,DNS,302,2.22,10,NO,ACCRA
4353,2026-12-20 00:14:31,VLan30,IT,Laptop,SMTP,925,4.57,7,NO,TAKORADI
4354,2026-01-14 14:12:06,VLan30,IT,Server,SMTP,980,3.73,7,NO,KUMASI
4355,2026-12-11 03:32:44,VLan40,Sales,Desktop,DNS,554,0.96,12,NO,ACCRA
4356,2026-05-20 09:20:50,VLan30,IT,Server,SSH,795,4.29,2,NO,Tamale
4357,2026-02-01 15:35:45,VLan40,Sales,Router,FTP,401,3.91,6,NO,KUMASI
4358,2026-12-30 19:37:19,VLan30,IT,Mobile,DNS,751,0.29,15,NO,KUMASI
4359,2026-01-16 07:15:56,VLan20,Finance,Mobile,SMTP,302,2.59,2,NO,TAKORADI
4360,2026-01-19 17:44:25,VLan30,IT,Laptop,SSH,706,4.51,7,NO,KUMASI
4361,2026-06-03 02:21:32,VLan20,Finance,Mobile,FTP,463,0.18,14,NO,Tamale
4362,2026-12-20 22:32:25,VLan30,IT,Laptop,HTTPS,938,4.75,0,NO,TEMA
4363,2026-08-31 19:37:00,VLan10,HR,Mobile,DNS,192,0.19,4,NO,KUMASI
4364,2026-02-09 12:46:01,VLan30,IT,Laptop,HTTPS,1029,4.21,3,NO,KUMASI
4365,2026-08-04 06:20:00,VLan10,HR,Server,FTP,129,1.28,7,NO,ACCRA
4366,2026-02-06 19:41:34,VLan30,IT,Laptop,DNS,959,1.57,2,NO,TAKORADI
4367,2026-12-14 23:42:30,VLan20,Finance,Laptop,SMTP,418,3.06,14,NO,TAKORADI
4368,2026-12-27 23:41:29,VLan10,HR,Laptop,SMTP,107,2.59,7,NO,Tamale
4369,2026-03-19 22:44:18,VLan30,IT,Mobile,FTP,758,2.46,10,NO,KUMASI
4370,2026-01-31 17:57:23,VLan40,Sales,Laptop,FTP,196,0.86,10,NO,TAKORADI
4371,2026-05-07 21:24:46,VLan40,Sales,Server,SMTP,202,4.42,8,NO,ACCRA
4372,2026-03-09 22:51:09,VLan40,Sales,Mobile,HTTP,513,3.88,8,NO,KUMASI
4373,2026-05-23 01:07:33,VLan20,Finance,Mobile,HTTPS,359,4.43,13,NO,Tamale
4374,2026-06-06 02:59:03,VLan30,IT,Desktop,HTTP,588,2.66,12,NO,TAKORADI
4375,2026-11-30 15:35:01,VLan10,HR,Mobile,HTTP,226,2.17,0,NO,ACCRA
4376,2026-10-12 12:17:54,VLan30,IT,Mobile,SMTP,539,4.18,6,NO,TAKORADI
4377,2026-12-09 17:52:46,VLan10,HR,Desktop,HTTP,583,2.49,12,NO,TAKORADI
4378,2026-08-29 20:19:51,VLan30,IT,Mobile,HTTP,1060,3.79,6,NO,TEMA
4379,2026-10-24 09:05:21,VLan10,HR,Router,SSH,449,2.31,7,NO,Tamale
4380,2026-05-16 20:06:29,VLan30,IT,Router,SSH,850,3.09,4,NO,TEMA
4381,2026-05-07 17:18:44,VLan40,Sales,Server,DNS,612,3.5,12,NO,TEMA
4382,2026-07-13 13:19:01,VLan20,Finance,Mobile,DNS,328,3.67,9,NO,TEMA
4383,2026-06-13 01:32:08,VLan10,HR,Laptop,DNS,275,0.33,4,NO,ACCRA
4384,2026-11-27 11:13:38,VLan40,Sales,Mobile,FTP,292,1.88,3,NO,KUMASI
4385,2026-11-07 14:52:37,VLan10,HR,Server,SMTP,173,3.28,9,NO,Tamale
4386,2026-08-08 11:49:10,VLan10,HR,Server,SMTP,685,1.58,11,NO,TEMA
4387,2026-09-11 09:08:16,VLan10,HR,Mobile,DNS,605,1.54,13,NO,TEMA
4388,2026-05-02 17:53:16,VLan10,HR,Router,SSH,305,4.02,6,NO,KUMASI
4389,2026-12-04 21:40:03,VLan40,Sales,Router,HTTP,213,4.2,11,NO,KUMASI
4390,2026-08-03 18:54:44,VLan40,Sales,Mobile,DNS,232,1.89,13,NO,ACCRA
4391,2026-06-03 19:19:29,VLan40,Sales,Server,SSH,534,1.31,4,NO,ACCRA
4392,2026-01-06 16:32:15,VLan40,Sales,Mobile,SSH,675,0.35,8,NO,ACCRA
4393,2026-05-01 09:28:25,VLan30,IT,Server,HTTPS,1168,4.06,9,NO,Tamale
4394,2026-03-19 17:15:29,VLan20,Finance,Server,SMTP,418,0.79,5,NO,KUMASI
4395,2026-06-04 09:48:34,VLan30,IT,Router,HTTP,1139,2.06,9,NO,KUMASI
4396,2026-04-20 08:14:45,VLan20,Finance,Desktop,FTP,639,3.8,7,NO,ACCRA
4397,2026-12-27 14:32:14,VLan10,HR,Laptop,DNS,369,2.96,12,NO,TAKORADI
4398,2026-08-09 18:50:58,VLan20,Finance,Router,SSH,470,0.5,7,NO,ACCRA
4399,2026-04-23 01:32:48,VLan30,IT,Router,FTP,699,2.98,11,NO,TEMA
4400,2026-11-16 10:03:05,VLan10,HR,Router,HTTP,532,3.46,0,NO,KUMASI
4401,2026-04-14 11:02:51,VLan10,HR,Desktop,SMTP,441,3.06,5,NO,TAKORADI
4402,2026-07-13 15:37:10,VLan40,Sales,Mobile,SMTP,281,4.06,8,NO,KUMASI
4403,2026-10-15 03:13:08,VLan10,HR,Laptop,SSH,669,1.9,3,NO,KUMASI
4404,2026-08-24 19:30:39,VLan30,IT,Laptop,SSH,902,2.11,9,YES,KUMASI
4405,2026-10-14 03:01:20,VLan40,Sales,Server,HTTP,688,2.43,14,NO,ACCRA
4406,2026-11-30 10:43:12,VLan20,Finance,Router,FTP,210,2.75,14,NO,Tamale
4407,2026-12-26 20:33:53,VLan20,Finance,Server,FTP,527,3.2,4,NO,TAKORADI
4408,2026-06-19 17:46:41,VLan10,HR,Router,SSH,372,3.17,11,NO,ACCRA
4409,2026-01-02 16:20:09,VLan30,IT,Desktop,SSH,713,4.12,13,NO,Tamale
4410,2026-01-20 01:35:03,VLan10,HR,Router,HTTPS,479,2.83,12,NO,TAKORADI
4411,2026-09-28 18:51:59,VLan10,HR,Mobile,HTTP,623,1.85,15,NO,Tamale
4412,2026-08-08 22:06:37,VLan10,HR,Desktop,SSH,105,3.63,12,NO,TEMA
4413,2026-04-06 03:15:33,VLan20,Finance,Mobile,HTTPS,555,0.8,15,NO,Tamale
4414,2026-11-29 17:27:33,VLan30,IT,Desktop,FTP,886,1.14,2,NO,ACCRA
4415,2026-12-16 19:28:52,VLan20,Finance,Desktop,HTTPS,514,0.42,9,NO,Tamale
4416,2026-11-23 13:57:41,VLan20,Finance,Desktop,SSH,411,3.26,14,NO,ACCRA
4417,2026-01-05 02:27:23,VLan20,Finance,Server,HTTP,518,2.33,14,NO,TEMA
4418,2026-07-01 01:34:34,VLan10,HR,Server,HTTP,577,0.19,2,NO,ACCRA
4419,2026-07-07 06:51:46,VLan30,IT,Laptop,SSH,925,4.52,15,YES,TEMA
4420,2026-12-04 19:47:47,VLan20,Finance,Mobile,SMTP,191,4,4,NO,KUMASI
4421,2026-02-27 16:05:19,VLan30,IT,Router,HTTPS,839,1.63,14,NO,Tamale
4422,2026-06-03 07:35:54,VLan20,Finance,Router,DNS,595,3.46,11,NO,ACCRA
4423,2026-05-09 08:43:55,VLan10,HR,Mobile,SMTP,331,2.34,15,NO,KUMASI
4424,2026-01-10 09:02:06,VLan20,Finance,Server,DNS,440,1.05,13,NO,ACCRA
4425,2026-02-12 16:48:42,VLan20,Finance,Router,FTP,304,1.3,7,NO,Tamale
4426,2026-12-30 19:38:04,VLan20,Finance,Router,SSH,273,4.68,8,NO,TAKORADI
4427,2026-07-09 20:20:46,VLan30,IT,Mobile,HTTPS,1137,0.15,6,NO,Tamale
4428,2026-04-08 05:37:15,VLan40,Sales,Laptop,HTTP,341,2.84,11,NO,Tamale
4429,2026-04-24 00:27:17,VLan10,HR,Server,FTP,237,0.36,14,NO,KUMASI
4430,2026-02-15 22:49:33,VLan40,Sales,Mobile,HTTP,484,0.01,10,NO,TAKORADI
4431,2026-11-20 14:43:26,VLan20,Finance,Desktop,DNS,603,3.42,4,NO,KUMASI
4432,2026-07-18 22:52:47,VLan10,HR,Laptop,SSH,596,3.72,13,NO,KUMASI
4433,2026-09-25 04:11:55,VLan10,HR,Server,HTTPS,326,2.9,9,NO,TAKORADI
4434,2026-06-09 17:39:25,VLan40,Sales,Router,FTP,399,1.72,13,NO,Tamale
4435,2026-09-17 18:15:21,VLan20,Finance,Mobile,FTP,367,4.74,5,NO,KUMASI
4436,2026-08-17 01:28:23,VLan40,Sales,Router,DNS,645,3.76,8,NO,Tamale
4437,2026-01-24 06:14:01,VLan10,HR,Router,FTP,232,4.35,2,NO,KUMASI
4438,2026-02-23 08:04:53,VLan30,IT,Server,SSH,648,4.05,8,NO,Tamale
4439,2026-07-21 16:12:58,VLan30,IT,Mobile,HTTP,1183,1.7,1,NO,TAKORADI
4440,2026-09-01 19:07:07,VLan40,Sales,Laptop,SSH,250,2.72,13,NO,ACCRA
4441,2026-06-25 03:19:35,VLan30,IT,Server,HTTPS,1078,1,9,NO,TAKORADI
4442,2026-04-21 18:49:02,VLan40,Sales,Mobile,HTTPS,154,0.09,0,NO,KUMASI
4443,2026-04-30 03:04:26,VLan40,Sales,Server,HTTP,200,0.74,5,NO,TAKORADI
4444,2026-03-14 13:07:31,VLan30,IT,Router,HTTP,892,1.02,2,NO,Tamale
4445,2026-03-01 17:44:18,VLan20,Finance,Desktop,DNS,164,1.58,6,NO,ACCRA
4446,2026-03-18 03:25:00,VLan10,HR,Server,FTP,119,3.28,9,NO,TEMA
4447,2026-03-12 08:44:38,VLan40,Sales,Server,SSH,476,0.02,10,NO,KUMASI
4448,2026-09-06 03:55:46,VLan20,Finance,Mobile,DNS,348,4.42,9,NO,TAKORADI
4449,2026-12-09 21:45:39,VLan30,IT,Router,DNS,1165,3.65,3,NO,ACCRA
4450,2026-04-20 11:34:18,VLan30,IT,Router,SMTP,1183,2.46,15,NO,TAKORADI
4451,2026-07-28 00:05:13,VLan40,Sales,Laptop,SMTP,288,3.68,12,NO,KUMASI
4452,2026-11-12 04:42:41,VLan20,Finance,Server,HTTPS,375,0.31,6,NO,ACCRA
4453,2026-09-09 19:23:31,VLan20,Finance,Router,DNS,470,1.43,8,NO,KUMASI
4454,2026-12-10 06:20:50,VLan30,IT,Mobile,SMTP,1163,0.32,3,NO,ACCRA
4455,2026-04-30 21:59:14,VLan20,Finance,Router,HTTPS,185,4.4,2,NO,Tamale
4456,2026-09-09 07:22:37,VLan10,HR,Mobile,HTTPS,539,1.04,9,NO,ACCRA
4457,2026-01-14 17:27:41,VLan30,IT,Laptop,SMTP,806,4.45,13,NO,KUMASI
4458,2026-07-12 07:44:11,VLan40,Sales,Desktop,HTTP,127,1.07,11,NO,TEMA
4459,2026-09-26 11:43:07,VLan40,Sales,Laptop,SSH,416,1.29,15,NO,KUMASI
4460,2026-06-06 06:46:01,VLan10,HR,Desktop,FTP,145,3.34,12,NO,Tamale
4461,2026-08-21 23:27:49,VLan30,IT,Server,HTTP,769,0.55,15,NO,Tamale
4462,2026-03-09 11:51:45,VLan40,Sales,Desktop,SSH,177,0.26,8,NO,Tamale
4463,2026-12-14 01:14:29,VLan40,Sales,Laptop,SSH,238,0.93,0,NO,TEMA
4464,2026-04-19 13:58:28,VLan40,Sales,Server,SSH,523,1.6,15,NO,ACCRA
4465,2026-02-13 09:34:21,VLan20,Finance,Laptop,FTP,157,2.16,15,NO,KUMASI
4466,2026-07-11 23:04:30,VLan30,IT,Laptop,SMTP,1123,3.6,4,NO,TAKORADI
4467,2026-12-12 04:16:13,VLan30,IT,Laptop,SSH,760,3.13,8,NO,KUMASI
4468,2026-02-22 15:07:07,VLan40,Sales,Desktop,FTP,587,0.65,6,NO,TEMA
4469,2026-08-22 20:16:39,VLan40,Sales,Mobile,DNS,354,1.03,10,NO,ACCRA
4470,2026-12-21 15:39:00,VLan10,HR,Desktop,HTTPS,186,3.48,3,NO,TAKORADI
4471,2026-07-20 13:42:38,VLan30,IT,Server,DNS,602,0.35,12,NO,KUMASI
4472,2026-03-14 13:20:20,VLan20,Finance,Mobile,HTTPS,139,2.7,4,NO,Tamale
4473,2026-09-24 15:08:49,VLan40,Sales,Laptop,HTTPS,680,4.38,0,NO,TAKORADI
4474,2026-02-24 19:16:49,VLan10,HR,Router,FTP,602,2.55,6,NO,ACCRA
4475,2026-11-18 01:51:29,VLan40,Sales,Router,SMTP,696,0.12,6,NO,ACCRA
4476,2026-04-07 01:46:37,VLan30,IT,Desktop,HTTP,1172,0.36,3,NO,TAKORADI
4477,2026-01-10 12:59:29,VLan30,IT,Router,FTP,623,1.91,9,NO,ACCRA
4478,2026-11-16 01:33:21,VLan40,Sales,Desktop,HTTP,454,1.99,11,NO,ACCRA
4479,2026-12-22 13:27:51,VLan40,Sales,Server,FTP,699,4.72,10,NO,ACCRA
4480,2026-05-31 16:02:41,VLan40,Sales,Mobile,SMTP,156,4.87,5,NO,TEMA
4481,2026-04-08 03:00:30,VLan30,IT,Laptop,SSH,1073,1.83,15,YES,KUMASI
4482,2026-11-26 22:36:21,VLan40,Sales,Router,FTP,467,4.79,8,NO,TAKORADI
4483,2026-05-21 14:15:06,VLan30,IT,Mobile,DNS,938,0.65,13,NO,TAKORADI
4484,2026-08-03 17:08:22,VLan10,HR,Server,DNS,103,4.92,9,NO,ACCRA
4485,2026-01-24 15:03:38,VLan10,HR,Laptop,SMTP,661,0.29,3,NO,TEMA
4486,2026-03-27 13:02:07,VLan30,IT,Server,FTP,1143,0.49,0,YES,ACCRA
4487,2026-06-24 01:43:16,VLan40,Sales,Laptop,HTTP,576,4.64,3,NO,TEMA
4488,2026-10-30 15:21:10,VLan40,Sales,Router,HTTP,276,3.57,0,NO,TAKORADI
4489,2026-04-12 21:22:30,VLan30,IT,Server,HTTPS,1002,0.23,9,NO,Tamale
4490,2026-09-14 07:18:51,VLan10,HR,Server,DNS,258,3.78,14,NO,Tamale
4491,2026-01-16 14:59:53,VLan10,HR,Server,SSH,191,4.83,10,NO,Tamale
4492,2026-06-10 00:09:32,VLan20,Finance,Router,HTTP,405,0.8,5,NO,KUMASI
4493,2026-03-07 12:09:12,VLan20,Finance,Mobile,SSH,564,4.76,14,NO,Tamale
4494,2026-09-29 02:28:55,VLan10,HR,Server,SSH,510,2,8,NO,TEMA
4495,2026-03-22 03:38:47,VLan40,Sales,Server,HTTPS,544,2.49,7,NO,TEMA
4496,2026-02-11 03:23:30,VLan30,IT,Desktop,HTTP,891,1,5,NO,TEMA
4497,2026-07-11 18:18:49,VLan20,Finance,Router,SMTP,165,3.36,2,NO,ACCRA
4498,2026-05-07 10:18:24,VLan40,Sales,Router,DNS,167,0.66,8,NO,TEMA
4499,2026-08-20 17:10:11,VLan40,Sales,Laptop,DNS,428,3.1,10,NO,Tamale
4500,2026-05-07 23:34:07,VLan20,Finance,Desktop,SSH,257,3.42,6,NO,ACCRA
4501,2026-09-13 05:26:54,VLan10,HR,Laptop,FTP,384,2.04,7,NO,KUMASI
4502,2026-02-10 10:58:26,VLan40,Sales,Mobile,DNS,341,2.97,0,NO,Tamale
4503,2026-09-03 09:11:38,VLan20,Finance,Router,SSH,349,0.78,8,NO,TAKORADI
4504,2026-11-06 06:15:14,VLan40,Sales,Server,HTTP,501,3.35,5,NO,TEMA
4505,2026-08-30 11:21:04,VLan40,Sales,Desktop,DNS,315,4.1,15,NO,Tamale
4506,2026-01-19 02:50:01,VLan20,Finance,Laptop,FTP,541,1.95,7,NO,ACCRA
4507,2026-06-17 13:10:16,VLan20,Finance,Router,FTP,676,3.89,10,NO,KUMASI
4508,2026-04-20 05:51:00,VLan20,Finance,Desktop,HTTP,239,1.37,2,NO,KUMASI
4509,2026-02-12 23:27:36,VLan40,Sales,Laptop,FTP,334,0.06,11,NO,KUMASI
4510,2026-03-11 21:15:45,VLan30,IT,Mobile,HTTPS,529,1.07,11,NO,Tamale
4511,2026-12-19 15:19:03,VLan10,HR,Router,HTTPS,593,0.38,14,NO,KUMASI
4512,2026-04-12 16:32:16,VLan40,Sales,Server,SSH,203,0.59,14,NO,TEMA
4513,2026-02-25 17:16:48,VLan40,Sales,Router,SSH,600,3.54,13,NO,TEMA
4514,2026-02-13 13:47:25,VLan30,IT,Desktop,DNS,973,0.88,1,NO,KUMASI
4515,2026-11-21 02:21:11,VLan40,Sales,Laptop,HTTP,676,2.35,5,NO,Tamale
4516,2026-02-20 11:56:19,VLan10,HR,Server,HTTPS,389,2.93,9,NO,ACCRA
4517,2026-01-18 21:10:32,VLan30,IT,Desktop,DNS,522,3.25,2,NO,ACCRA
4518,2026-12-16 02:13:22,VLan20,Finance,Server,HTTPS,482,0.74,4,NO,KUMASI
4519,2026-01-04 08:31:41,VLan30,IT,Mobile,SMTP,870,2.9,14,NO,Tamale
4520,2026-02-27 04:00:32,VLan40,Sales,Laptop,FTP,497,1.38,14,NO,Tamale
4521,2026-03-01 10:21:08,VLan20,Finance,Mobile,FTP,432,4.55,10,NO,ACCRA
4522,2026-12-14 21:50:50,VLan10,HR,Laptop,HTTP,225,1.58,0,NO,TEMA
4523,2026-10-21 20:26:26,VLan20,Finance,Mobile,DNS,334,3.96,10,NO,Tamale
4524,2026-06-27 01:04:25,VLan10,HR,Mobile,SSH,214,4.74,1,NO,Tamale
4525,2026-03-26 10:57:24,VLan40,Sales,Desktop,FTP,452,0.3,10,NO,TEMA
4526,2026-09-29 20:38:04,VLan30,IT,Router,DNS,947,1.84,9,NO,TEMA
4527,2026-09-01 10:06:09,VLan20,Finance,Desktop,SMTP,645,0.84,14,NO,TEMA
4528,2026-01-26 12:50:09,VLan10,HR,Mobile,HTTPS,638,1.01,12,NO,Tamale
4529,2026-06-24 06:59:53,VLan40,Sales,Laptop,HTTPS,501,1.55,14,NO,TAKORADI
4530,2026-07-02 15:31:34,VLan10,HR,Laptop,FTP,427,0.84,9,NO,KUMASI
4531,2026-08-21 14:34:04,VLan30,IT,Laptop,DNS,522,0.89,4,NO,TEMA
4532,2026-02-26 09:47:27,VLan40,Sales,Router,DNS,184,1.27,2,NO,KUMASI
4533,2026-09-16 18:43:03,VLan30,IT,Desktop,DNS,1125,3.19,12,NO,TEMA
4534,2026-08-13 01:48:22,VLan40,Sales,Server,DNS,322,4.14,8,NO,TEMA
4535,2026-10-06 12:31:02,VLan10,HR,Desktop,SMTP,271,4.1,5,NO,TEMA
4536,2026-03-17 09:49:33,VLan40,Sales,Laptop,SMTP,249,1.44,15,NO,TAKORADI
4537,2026-04-09 06:46:24,VLan40,Sales,Server,FTP,602,1.04,3,NO,Tamale
4538,2026-12-03 17:08:47,VLan40,Sales,Server,DNS,685,1.29,1,NO,ACCRA
4539,2026-08-25 18:06:04,VLan40,Sales,Server,SMTP,414,1.74,6,NO,Tamale
4540,2026-01-26 13:47:57,VLan40,Sales,Mobile,DNS,484,2.26,9,NO,TAKORADI
4541,2026-07-24 17:50:43,VLan40,Sales,Server,SSH,107,4.98,1,NO,TEMA
4542,2026-03-13 22:12:11,VLan30,IT,Router,SMTP,663,2.09,0,NO,Tamale
4543,2026-10-20 05:05:48,VLan20,Finance,Router,DNS,303,3.24,1,NO,Tamale
4544,2026-07-19 18:19:43,VLan10,HR,Mobile,HTTPS,538,3.05,8,NO,TAKORADI
4545,2026-12-25 22:03:03,VLan10,HR,Laptop,SMTP,366,1.18,12,NO,KUMASI
4546,2026-04-20 00:38:19,VLan30,IT,Server,SSH,523,4.05,9,NO,Tamale
4547,2026-08-02 09:39:48,VLan30,IT,Mobile,SSH,586,4.05,6,NO,KUMASI
4548,2026-03-14 08:42:10,VLan40,Sales,Router,HTTPS,175,0.81,8,NO,Tamale
4549,2026-03-11 12:34:55,VLan20,Finance,Desktop,FTP,511,0.63,7,NO,Tamale
4550,2026-11-18 21:35:25,VLan30,IT,Server,HTTP,522,2.15,2,NO,ACCRA
4551,2026-07-28 06:16:42,VLan20,Finance,Router,HTTPS,518,0.12,4,NO,Tamale
4552,2026-10-31 08:02:56,VLan20,Finance,Router,DNS,253,3.53,3,NO,Tamale
4553,2026-09-26 07:32:19,VLan30,IT,Desktop,SMTP,948,0.08,7,NO,ACCRA
4554,2026-10-06 10:28:35,VLan30,IT,Laptop,FTP,614,1.7,5,NO,ACCRA
4555,2026-10-04 03:25:46,VLan40,Sales,Router,SMTP,641,1.87,12,NO,KUMASI
4556,2026-07-16 23:33:34,VLan10,HR,Laptop,DNS,683,3.89,10,NO,TEMA
4557,2026-09-24 21:52:51,VLan30,IT,Mobile,FTP,945,1.42,10,YES,TAKORADI
4558,2026-12-15 19:39:38,VLan10,HR,Laptop,HTTPS,662,4.24,10,NO,TAKORADI
4559,2026-03-15 07:21:45,VLan10,HR,Laptop,FTP,266,3.05,0,NO,Tamale
4560,2026-05-29 19:19:20,VLan30,IT,Laptop,HTTP,1074,0.15,3,NO,TEMA
4561,2026-10-01 06:03:52,VLan20,Finance,Laptop,SSH,191,0.64,12,NO,TEMA
4562,2026-02-05 14:56:28,VLan40,Sales,Desktop,FTP,174,1.37,5,NO,Tamale
4563,2026-07-11 00:54:43,VLan40,Sales,Mobile,SSH,699,3.03,2,NO,ACCRA
4564,2026-02-15 19:07:12,VLan30,IT,Laptop,HTTPS,973,3.2,12,NO,TEMA
4565,2026-08-14 03:38:45,VLan40,Sales,Router,HTTPS,680,0.01,6,NO,TEMA
4566,2026-12-17 02:13:01,VLan30,IT,Router,DNS,800,1.14,15,NO,ACCRA
4567,2026-07-20 08:08:53,VLan10,HR,Laptop,SMTP,236,2.09,6,NO,Tamale
4568,2026-10-19 06:12:09,VLan10,HR,Server,HTTPS,487,1.44,5,NO,TAKORADI
4569,2026-01-20 21:55:10,VLan20,Finance,Laptop,HTTPS,633,2.87,14,NO,ACCRA
4570,2026-03-05 10:58:21,VLan30,IT,Mobile,HTTP,1122,4.2,15,NO,KUMASI
4571,2026-07-11 18:19:04,VLan10,HR,Laptop,HTTPS,227,3.26,6,NO,Tamale
4572,2026-01-25 05:17:36,VLan10,HR,Mobile,DNS,119,1.96,0,NO,TAKORADI
4573,2026-10-07 05:04:53,VLan20,Finance,Laptop,SMTP,589,0.46,12,NO,KUMASI
4574,2026-09-28 01:23:05,VLan30,IT,Laptop,HTTP,1155,0.68,10,NO,Tamale
4575,2026-04-14 13:51:30,VLan10,HR,Laptop,HTTP,544,1.4,3,NO,TEMA
4576,2026-01-02 08:16:30,VLan30,IT,Desktop,FTP,544,3.73,8,NO,ACCRA
4577,2026-10-30 09:26:41,VLan20,Finance,Router,FTP,344,4.42,2,NO,TAKORADI
4578,2026-11-18 19:15:39,VLan40,Sales,Desktop,DNS,115,2.44,10,NO,TEMA
4579,2026-07-02 16:13:42,VLan10,HR,Laptop,FTP,451,1.21,11,NO,Tamale
4580,2026-11-18 23:26:34,VLan10,HR,Mobile,DNS,310,4.96,14,NO,KUMASI
4581,2026-06-20 13:41:57,VLan30,IT,Server,SSH,818,1.49,2,NO,ACCRA
4582,2026-05-02 00:15:01,VLan20,Finance,Server,SMTP,543,4.87,9,NO,ACCRA
4583,2026-12-19 18:57:59,VLan10,HR,Router,HTTP,296,4.74,3,NO,Tamale
4584,2026-04-19 15:49:30,VLan30,IT,Mobile,DNS,1029,2.97,2,NO,TAKORADI
4585,2026-09-10 14:42:12,VLan20,Finance,Server,FTP,435,1.89,13,NO,KUMASI
4586,2026-07-22 11:56:00,VLan40,Sales,Laptop,SMTP,197,1.87,10,NO,TEMA
4587,2026-03-16 14:57:14,VLan20,Finance,Laptop,HTTPS,252,4.93,5,NO,KUMASI
4588,2026-07-31 09:20:41,VLan40,Sales,Laptop,DNS,365,3.83,9,NO,KUMASI
4589,2026-11-19 04:41:08,VLan20,Finance,Laptop,FTP,263,2.53,15,NO,Tamale
4590,2026-07-01 12:02:01,VLan40,Sales,Laptop,FTP,226,0.28,10,NO,Tamale
4591,2026-07-02 15:32:11,VLan30,IT,Server,SMTP,777,2.47,6,NO,KUMASI
4592,2026-11-16 06:27:18,VLan20,Finance,Laptop,HTTPS,389,3.59,11,NO,TEMA
4593,2026-10-14 11:38:25,VLan20,Finance,Server,SMTP,279,0.64,3,NO,Tamale
4594,2026-04-21 14:16:47,VLan30,IT,Desktop,HTTPS,1192,4.18,11,NO,ACCRA
4595,2026-11-23 11:05:59,VLan30,IT,Router,FTP,855,2.73,6,NO,KUMASI
4596,2026-08-18 14:24:38,VLan30,IT,Mobile,HTTP,1089,0.84,13,NO,Tamale
4597,2026-11-24 01:49:26,VLan40,Sales,Laptop,SSH,649,0.99,14,NO,TEMA
4598,2026-12-11 06:34:28,VLan10,HR,Router,FTP,477,1.05,10,NO,KUMASI
4599,2026-07-16 13:37:57,VLan40,Sales,Laptop,HTTPS,312,3.7,2,NO,KUMASI
4600,2026-02-11 04:43:26,VLan10,HR,Router,DNS,282,0.07,3,NO,Tamale
4601,2026-11-21 04:40:26,VLan30,IT,Router,SSH,1050,2.07,6,YES,KUMASI
4602,2026-06-09 11:04:48,VLan30,IT,Mobile,SSH,971,1.84,1,YES,TEMA
4603,2026-02-09 21:41:55,VLan20,Finance,Router,DNS,179,3.17,2,NO,Tamale
4604,2026-11-14 12:11:22,VLan20,Finance,Mobile,HTTP,291,4.6,13,NO,Tamale
4605,2026-12-23 00:09:16,VLan40,Sales,Desktop,HTTPS,526,4.05,12,NO,ACCRA
4606,2026-02-02 04:32:37,VLan40,Sales,Server,FTP,139,0.2,5,NO,KUMASI
4607,2026-08-31 09:44:50,VLan40,Sales,Server,HTTPS,264,2.09,6,NO,Tamale
4608,2026-04-05 21:30:55,VLan20,Finance,Laptop,SSH,670,1.29,1,NO,KUMASI
4609,2026-03-25 07:42:56,VLan40,Sales,Laptop,FTP,528,2.45,7,NO,Tamale
4610,2026-10-03 21:40:00,VLan20,Finance,Router,FTP,467,0.01,14,NO,TAKORADI
4611,2026-01-03 05:23:24,VLan40,Sales,Desktop,HTTP,166,1.68,15,NO,KUMASI
4612,2026-05-24 23:44:49,VLan20,Finance,Laptop,DNS,625,3.83,0,NO,Tamale
4613,2026-10-18 05:29:40,VLan30,IT,Router,HTTP,968,3.73,3,NO,TAKORADI
4614,2026-11-06 10:28:41,VLan10,HR,Desktop,SMTP,615,4.12,15,NO,KUMASI
4615,2026-11-23 02:17:20,VLan20,Finance,Mobile,HTTP,133,4.41,1,NO,KUMASI
4616,2026-11-04 13:59:51,VLan20,Finance,Laptop,FTP,532,2.14,9,NO,Tamale
4617,2026-05-10 14:15:07,VLan10,HR,Mobile,FTP,409,3.19,6,NO,ACCRA
4618,2026-03-07 06:19:21,VLan20,Finance,Server,SMTP,662,0.14,15,NO,TAKORADI
4619,2026-07-11 05:46:42,VLan20,Finance,Router,HTTP,277,2.56,4,NO,KUMASI
4620,2026-02-08 20:38:21,VLan40,Sales,Laptop,HTTP,194,4.82,15,NO,Tamale
4621,2026-05-04 10:07:31,VLan10,HR,Router,FTP,150,1.42,5,NO,TAKORADI
4622,2026-11-23 19:36:55,VLan40,Sales,Laptop,DNS,524,2.53,7,NO,TAKORADI
4623,2026-03-06 10:29:58,VLan20,Finance,Mobile,HTTPS,355,3.77,0,NO,ACCRA
4624,2026-02-14 09:04:50,VLan30,IT,Router,HTTP,980,4.75,0,NO,Tamale
4625,2026-05-17 07:34:55,VLan40,Sales,Server,HTTPS,412,4.94,1,NO,KUMASI
4626,2026-09-17 05:33:20,VLan30,IT,Desktop,DNS,1119,1.07,0,NO,ACCRA
4627,2026-06-29 04:57:17,VLan20,Finance,Router,HTTPS,509,1.41,13,NO,TAKORADI
4628,2026-03-05 17:10:02,VLan20,Finance,Mobile,FTP,510,4.95,1,NO,ACCRA
4629,2026-10-02 20:10:13,VLan30,IT,Desktop,SMTP,1116,0.91,7,NO,KUMASI
4630,2026-03-04 19:32:07,VLan20,Finance,Desktop,SSH,430,4.16,7,NO,KUMASI
4631,2026-04-15 07:22:46,VLan20,Finance,Router,HTTP,124,1.45,6,NO,KUMASI
4632,2026-12-10 16:00:07,VLan40,Sales,Router,DNS,666,3.76,7,NO,TEMA
4633,2026-05-19 02:04:40,VLan30,IT,Laptop,HTTP,1034,4.85,8,NO,TAKORADI
4634,2026-11-16 23:30:51,VLan40,Sales,Laptop,FTP,435,0.71,10,NO,TAKORADI
4635,2026-12-29 09:02:04,VLan30,IT,Laptop,HTTPS,979,3.28,12,NO,Tamale
4636,2026-07-08 19:08:56,VLan30,IT,Router,DNS,565,0.14,12,NO,Tamale
4637,2026-08-27 17:54:15,VLan40,Sales,Desktop,SSH,699,4.6,12,NO,TAKORADI
4638,2026-11-26 23:39:49,VLan30,IT,Desktop,SSH,1149,0.49,15,YES,ACCRA
4639,2026-12-24 10:10:02,VLan40,Sales,Server,HTTPS,541,4.72,7,NO,KUMASI
4640,2026-08-11 13:18:26,VLan30,IT,Router,SMTP,1162,2.21,13,NO,ACCRA
4641,2026-06-05 06:00:45,VLan30,IT,Router,DNS,1161,1.76,11,NO,TAKORADI
4642,2026-11-23 01:48:50,VLan30,IT,Router,SSH,897,2.43,5,NO,ACCRA
4643,2026-03-26 08:11:53,VLan30,IT,Desktop,FTP,1017,4.49,12,YES,ACCRA
4644,2026-03-19 11:29:21,VLan20,Finance,Router,HTTPS,634,0.86,11,NO,ACCRA
4645,2026-05-02 10:50:06,VLan40,Sales,Desktop,FTP,430,3.19,1,NO,TEMA
4646,2026-02-24 18:28:33,VLan40,Sales,Laptop,HTTP,370,1.77,0,NO,TEMA
4647,2026-10-20 09:18:15,VLan30,IT,Mobile,SSH,696,3.28,0,NO,Tamale
4648,2026-02-14 18:23:34,VLan20,Finance,Laptop,DNS,579,2.98,15,NO,ACCRA
4649,2026-10-07 22:40:29,VLan10,HR,Router,SSH,497,2.7,4,NO,TAKORADI
4650,2026-02-14 00:52:16,VLan30,IT,Desktop,HTTP,814,2.9,2,NO,ACCRA
4651,2026-06-05 07:47:21,VLan20,Finance,Desktop,SSH,627,2.92,1,NO,Tamale
4652,2026-03-22 00:56:41,VLan10,HR,Server,SSH,690,0.51,3,NO,TEMA
4653,2026-01-26 00:26:24,VLan20,Finance,Server,HTTPS,322,3,11,NO,ACCRA
4654,2026-05-08 08:59:08,VLan30,IT,Mobile,SMTP,1148,4.16,13,NO,TEMA
4655,2026-05-02 12:15:25,VLan40,Sales,Laptop,FTP,349,2.24,7,NO,TEMA
4656,2026-12-04 02:14:23,VLan30,IT,Mobile,HTTPS,781,0.27,1,NO,Tamale
4657,2026-02-25 22:22:51,VLan40,Sales,Router,SMTP,610,1.52,4,NO,KUMASI
4658,2026-08-06 10:09:37,VLan10,HR,Mobile,HTTPS,410,4.23,1,NO,TEMA
4659,2026-10-01 08:56:10,VLan10,HR,Mobile,HTTPS,331,3.69,6,NO,KUMASI
4660,2026-10-07 22:41:45,VLan20,Finance,Router,HTTP,461,3.64,10,NO,TEMA
4661,2026-06-09 02:56:37,VLan40,Sales,Server,SMTP,164,1.38,0,NO,ACCRA
4662,2026-12-25 02:47:43,VLan40,Sales,Mobile,SSH,664,3.67,4,NO,TEMA
4663,2026-05-01 17:10:07,VLan10,HR,Router,HTTPS,539,1.73,10,NO,ACCRA
4664,2026-04-27 14:28:00,VLan20,Finance,Laptop,HTTPS,263,4.82,13,NO,ACCRA
4665,2026-02-06 19:21:17,VLan40,Sales,Desktop,SSH,602,4.31,13,NO,KUMASI
4666,2026-01-28 06:51:25,VLan10,HR,Laptop,SSH,173,0.47,15,NO,Tamale
4667,2026-12-25 08:55:50,VLan30,IT,Router,DNS,546,3.67,6,NO,ACCRA
4668,2026-08-12 07:53:22,VLan10,HR,Desktop,SMTP,318,4.83,2,NO,ACCRA
4669,2026-11-12 14:36:41,VLan20,Finance,Mobile,SMTP,265,2.95,13,NO,TAKORADI
4670,2026-10-27 08:33:47,VLan40,Sales,Router,DNS,457,0.49,12,NO,ACCRA
4671,2026-11-09 12:45:39,VLan40,Sales,Desktop,DNS,358,0.03,10,NO,KUMASI
4672,2026-05-06 09:53:05,VLan40,Sales,Server,SMTP,588,0.63,4,NO,KUMASI
4673,2026-08-31 19:20:42,VLan30,IT,Router,HTTP,1166,2.46,14,NO,Tamale
4674,2026-09-12 02:37:27,VLan40,Sales,Mobile,HTTP,337,3.34,1,NO,ACCRA
4675,2026-10-15 00:21:22,VLan10,HR,Laptop,FTP,133,4.73,9,NO,TAKORADI
4676,2026-03-23 16:49:51,VLan40,Sales,Mobile,DNS,527,1.77,12,NO,Tamale
4677,2026-12-25 20:49:20,VLan20,Finance,Server,HTTPS,389,2.85,13,NO,ACCRA
4678,2026-05-12 18:45:18,VLan10,HR,Router,FTP,374,0.53,12,NO,TAKORADI
4679,2026-02-27 20:30:36,VLan40,Sales,Router,HTTPS,495,4.84,14,NO,Tamale
4680,2026-04-10 05:01:04,VLan40,Sales,Server,HTTP,379,1.16,13,NO,TEMA
4681,2026-02-14 23:23:37,VLan10,HR,Mobile,HTTPS,253,3.91,7,NO,Tamale
4682,2026-10-28 06:39:05,VLan10,HR,Server,HTTPS,269,0.38,0,NO,ACCRA
4683,2026-08-18 03:33:26,VLan10,HR,Desktop,FTP,676,1.03,12,NO,Tamale
4684,2026-05-08 22:11:53,VLan20,Finance,Desktop,SMTP,111,0.85,9,NO,TAKORADI
4685,2026-02-01 14:22:18,VLan40,Sales,Server,FTP,631,3.73,13,NO,Tamale
4686,2026-11-17 04:38:03,VLan40,Sales,Desktop,HTTP,158,3.6,5,NO,TEMA
4687,2026-02-18 03:31:19,VLan10,HR,Desktop,HTTPS,627,3.94,1,NO,TAKORADI
4688,2026-06-28 02:55:40,VLan20,Finance,Server,SMTP,241,4.19,11,NO,Tamale
4689,2026-09-18 11:22:53,VLan20,Finance,Desktop,HTTP,175,2.01,9,NO,KUMASI
4690,2026-04-07 17:04:55,VLan30,IT,Mobile,HTTPS,619,0.11,12,NO,TEMA
4691,2026-09-10 11:02:41,VLan40,Sales,Mobile,SSH,435,2.91,9,NO,ACCRA
4692,2026-03-31 18:17:36,VLan40,Sales,Mobile,DNS,489,0.23,4,NO,TEMA
4693,2026-01-19 21:45:48,VLan20,Finance,Server,FTP,303,3.94,11,NO,KUMASI
4694,2026-09-05 22:00:01,VLan20,Finance,Laptop,SSH,182,4.57,2,NO,KUMASI
4695,2026-02-03 15:28:32,VLan10,HR,Server,SMTP,194,1.77,0,NO,ACCRA
4696,2026-05-19 12:11:10,VLan20,Finance,Laptop,SSH,296,1.17,5,NO,ACCRA
4697,2026-01-25 04:31:10,VLan40,Sales,Desktop,DNS,568,3.28,4,NO,TEMA
4698,2026-09-08 13:25:38,VLan20,Finance,Laptop,SSH,633,1.86,0,NO,ACCRA
4699,2026-06-29 13:48:03,VLan20,Finance,Laptop,HTTP,528,3.1,3,NO,KUMASI
4700,2026-08-23 13:10:45,VLan20,Finance,Mobile,SSH,663,4.12,5,NO,ACCRA
4701,2026-06-25 00:15:21,VLan10,HR,Mobile,FTP,450,0.53,13,NO,TAKORADI
4702,2026-07-18 03:18:07,VLan20,Finance,Router,HTTP,576,1.4,8,NO,ACCRA
4703,2026-06-04 16:24:32,VLan40,Sales,Router,HTTP,424,2.29,3,NO,TAKORADI
4704,2026-11-28 02:31:11,VLan30,IT,Mobile,SMTP,805,4.78,14,NO,ACCRA
4705,2026-01-22 14:30:20,VLan20,Finance,Laptop,FTP,405,0.33,7,NO,Tamale
4706,2026-10-05 02:58:00,VLan30,IT,Laptop,SMTP,844,4.66,10,NO,ACCRA
4707,2026-01-27 17:20:25,VLan30,IT,Desktop,SSH,1164,1.59,11,YES,Tamale
4708,2026-10-25 11:28:06,VLan10,HR,Server,SMTP,482,1.07,2,NO,Tamale
4709,2026-06-23 11:42:13,VLan10,HR,Router,FTP,197,4.71,0,NO,Tamale
4710,2026-09-21 02:20:18,VLan20,Finance,Mobile,SSH,306,0.53,12,NO,TEMA
4711,2026-07-09 23:46:19,VLan30,IT,Desktop,HTTPS,719,4.55,3,NO,ACCRA
4712,2026-06-07 14:49:41,VLan30,IT,Laptop,FTP,1078,1.25,9,YES,TAKORADI
4713,2026-05-27 18:53:02,VLan20,Finance,Mobile,SMTP,337,1.99,15,NO,TEMA
4714,2026-07-12 11:44:54,VLan10,HR,Router,SMTP,584,4.93,3,NO,TEMA
4715,2026-04-20 11:59:40,VLan40,Sales,Mobile,SMTP,246,0.67,2,NO,TEMA
4716,2026-05-14 22:52:26,VLan40,Sales,Mobile,HTTP,461,2.19,1,NO,KUMASI
4717,2026-12-23 23:02:06,VLan40,Sales,Laptop,DNS,525,4.72,2,NO,TAKORADI
4718,2026-02-01 07:11:19,VLan10,HR,Mobile,SMTP,267,0.6,12,NO,ACCRA
4719,2026-11-22 06:15:28,VLan40,Sales,Server,SSH,381,3.46,2,NO,TEMA
4720,2026-06-13 15:08:02,VLan30,IT,Mobile,SMTP,526,1.15,1,NO,ACCRA
4721,2026-06-21 18:52:34,VLan30,IT,Server,FTP,1088,0.32,12,YES,ACCRA
4722,2026-04-09 19:13:14,VLan40,Sales,Router,SSH,144,2.31,0,NO,TEMA
4723,2026-05-24 04:32:44,VLan40,Sales,Desktop,HTTP,658,2.9,14,NO,KUMASI
4724,2026-10-14 23:06:13,VLan40,Sales,Server,FTP,390,0.45,8,NO,TAKORADI
4725,2026-11-27 15:47:12,VLan10,HR,Mobile,SMTP,668,3.89,6,NO,TAKORADI
4726,2026-01-16 04:27:33,VLan10,HR,Laptop,HTTPS,361,2.15,11,NO,ACCRA
4727,2026-09-16 16:23:14,VLan20,Finance,Desktop,HTTP,549,4.73,5,NO,ACCRA
4728,2026-05-16 15:28:32,VLan10,HR,Laptop,HTTPS,237,0.63,4,NO,Tamale
4729,2026-06-02 22:29:10,VLan30,IT,Server,HTTPS,854,3.89,9,NO,Tamale
4730,2026-10-16 16:36:59,VLan40,Sales,Mobile,DNS,247,3.92,13,NO,KUMASI
4731,2026-09-09 17:24:33,VLan10,HR,Mobile,SMTP,248,4.65,7,NO,Tamale
4732,2026-07-06 02:29:24,VLan40,Sales,Mobile,HTTP,235,2.16,13,NO,ACCRA
4733,2026-08-11 23:50:32,VLan20,Finance,Mobile,SSH,629,2.93,5,NO,KUMASI
4734,2026-03-02 23:22:34,VLan20,Finance,Desktop,HTTPS,318,1.09,14,NO,TAKORADI
4735,2026-06-18 12:54:14,VLan20,Finance,Server,FTP,631,2.31,9,NO,TAKORADI
4736,2026-12-05 07:42:49,VLan20,Finance,Desktop,HTTPS,514,1.16,12,NO,ACCRA
4737,2026-11-05 03:31:58,VLan10,HR,Desktop,HTTP,391,4.97,7,NO,KUMASI
4738,2026-07-31 23:47:16,VLan10,HR,Router,SSH,210,4.31,12,NO,TEMA
4739,2026-11-26 13:36:36,VLan30,IT,Router,FTP,598,1.5,11,NO,KUMASI
4740,2026-04-07 11:24:20,VLan10,HR,Laptop,SMTP,424,1.45,7,NO,TEMA
4741,2026-10-16 01:06:58,VLan30,IT,Router,FTP,846,1.84,5,NO,TAKORADI
4742,2026-12-29 16:55:02,VLan40,Sales,Router,HTTPS,513,1.05,10,NO,Tamale
4743,2026-01-10 19:01:44,VLan20,Finance,Mobile,SSH,169,0.58,7,NO,ACCRA
4744,2026-08-22 07:31:14,VLan10,HR,Laptop,FTP,119,4.94,4,NO,KUMASI
4745,2026-11-09 00:19:25,VLan20,Finance,Mobile,FTP,677,4.61,13,NO,KUMASI
4746,2026-11-27 11:14:14,VLan30,IT,Router,SMTP,895,0.33,11,NO,TEMA
4747,2026-09-17 04:57:23,VLan20,Finance,Router,HTTP,218,1.15,11,NO,TAKORADI
4748,2026-10-27 04:44:47,VLan20,Finance,Desktop,DNS,298,2.86,5,NO,ACCRA
4749,2026-06-19 12:22:03,VLan40,Sales,Laptop,HTTPS,376,2.97,11,NO,KUMASI
4750,2026-02-07 10:16:35,VLan20,Finance,Desktop,HTTPS,319,4.02,1,NO,KUMASI
4751,2026-05-10 18:41:29,VLan10,HR,Mobile,DNS,331,3.65,5,NO,KUMASI
4752,2026-12-13 02:30:59,VLan30,IT,Desktop,HTTP,511,4.48,5,NO,TEMA
4753,2026-07-19 22:16:31,VLan40,Sales,Router,FTP,169,1.54,13,NO,TAKORADI
4754,2026-01-18 04:33:29,VLan20,Finance,Router,HTTPS,202,3.77,9,NO,Tamale
4755,2026-01-15 13:56:36,VLan20,Finance,Router,DNS,514,2.96,15,NO,ACCRA
4756,2026-06-28 18:11:45,VLan40,Sales,Server,FTP,384,0.81,5,NO,ACCRA
4757,2026-08-10 05:16:01,VLan10,HR,Mobile,FTP,657,2.19,3,NO,TEMA
4758,2026-01-26 03:18:55,VLan30,IT,Mobile,SSH,1151,4.2,12,YES,KUMASI
4759,2026-10-19 04:54:17,VLan10,HR,Desktop,HTTP,290,4.49,13,NO,TEMA
4760,2026-02-20 20:38:43,VLan40,Sales,Server,DNS,152,0.24,12,NO,TAKORADI
4761,2026-09-15 23:49:20,VLan40,Sales,Server,HTTPS,559,4.32,6,NO,TEMA
4762,2026-03-05 22:32:57,VLan40,Sales,Desktop,SMTP,252,1.11,7,NO,TAKORADI
4763,2026-09-05 00:27:05,VLan20,Finance,Mobile,HTTPS,579,4.88,2,NO,Tamale
4764,2026-05-17 04:39:40,VLan40,Sales,Mobile,SSH,290,0.48,12,NO,Tamale
4765,2026-09-30 01:03:42,VLan40,Sales,Router,HTTPS,351,2.68,11,NO,TAKORADI
4766,2026-07-31 02:20:55,VLan10,HR,Server,HTTP,627,3.09,2,NO,Tamale
4767,2026-04-09 20:19:02,VLan20,Finance,Server,SMTP,339,2.5,14,NO,KUMASI
4768,2026-02-08 15:38:16,VLan10,HR,Desktop,SMTP,579,3.35,2,NO,ACCRA
4769,2026-10-25 12:03:39,VLan30,IT,Router,HTTP,985,4.05,11,NO,TAKORADI
4770,2026-01-13 15:46:03,VLan10,HR,Router,SSH,214,3.14,11,NO,TAKORADI
4771,2026-02-08 09:06:21,VLan30,IT,Desktop,SMTP,590,4.28,8,NO,KUMASI
4772,2026-05-26 19:24:52,VLan20,Finance,Server,FTP,355,4.94,12,NO,KUMASI
4773,2026-01-25 01:05:00,VLan10,HR,Mobile,DNS,666,2.39,9,NO,Tamale
4774,2026-12-12 11:05:36,VLan40,Sales,Server,SSH,578,2.32,2,NO,Tamale
4775,2026-11-03 22:15:47,VLan30,IT,Router,FTP,667,2.41,4,NO,TEMA
4776,2026-07-04 07:48:21,VLan10,HR,Server,SSH,570,2.74,7,NO,ACCRA
4777,2026-03-10 05:24:05,VLan40,Sales,Desktop,HTTPS,593,1.69,5,NO,KUMASI
4778,2026-05-24 11:44:50,VLan10,HR,Server,SSH,608,2.59,3,NO,TAKORADI
4779,2026-10-08 02:53:03,VLan20,Finance,Laptop,SMTP,563,0.06,5,NO,TAKORADI
4780,2026-12-15 11:50:48,VLan10,HR,Router,HTTP,287,4.86,7,NO,KUMASI
4781,2026-11-13 12:30:41,VLan10,HR,Router,SSH,231,4.65,15,NO,TEMA
4782,2026-03-13 20:25:10,VLan30,IT,Mobile,DNS,825,0.4,10,NO,KUMASI
4783,2026-10-23 10:32:29,VLan40,Sales,Router,HTTPS,554,4.78,15,NO,Tamale
4784,2026-12-04 18:23:54,VLan10,HR,Router,HTTP,173,3.46,10,NO,TEMA
4785,2026-09-21 10:24:47,VLan20,Finance,Server,HTTP,566,4.16,8,NO,TAKORADI
4786,2026-12-09 15:49:58,VLan20,Finance,Server,HTTPS,670,3.46,11,NO,TAKORADI
4787,2026-04-13 04:13:10,VLan30,IT,Laptop,FTP,1084,1.37,3,YES,TEMA
4788,2026-06-01 23:47:22,VLan20,Finance,Router,DNS,354,1.69,7,NO,KUMASI
4789,2026-05-16 19:53:33,VLan20,Finance,Router,SMTP,570,4.48,6,NO,Tamale
4790,2026-11-15 02:03:39,VLan10,HR,Laptop,SSH,372,1.74,10,NO,TEMA
4791,2026-07-07 05:13:10,VLan10,HR,Mobile,HTTP,308,3.55,13,NO,TAKORADI
4792,2026-03-11 01:51:38,VLan40,Sales,Router,DNS,433,0.73,0,NO,ACCRA
4793,2026-03-29 17:26:12,VLan10,HR,Desktop,DNS,341,0.73,11,NO,Tamale
4794,2026-05-06 14:58:59,VLan10,HR,Mobile,HTTP,347,4.51,11,NO,KUMASI
4795,2026-08-27 23:33:30,VLan10,HR,Desktop,SMTP,114,2.53,9,NO,KUMASI
4796,2026-11-22 09:01:39,VLan40,Sales,Server,HTTPS,269,0.91,12,NO,TEMA
4797,2026-09-03 02:12:01,VLan30,IT,Server,SSH,1037,4.25,2,YES,TEMA
4798,2026-10-05 05:51:32,VLan30,IT,Desktop,HTTPS,956,1.13,8,NO,ACCRA
4799,2026-11-18 22:29:50,VLan20,Finance,Mobile,HTTPS,435,3.53,2,NO,Tamale
4800,2026-12-24 04:04:26,VLan20,Finance,Mobile,DNS,559,0.99,5,NO,TAKORADI
4801,2026-05-03 11:28:50,VLan10,HR,Server,FTP,359,2.9,14,NO,TEMA
4802,2026-08-21 14:37:52,VLan30,IT,Router,HTTPS,994,2.64,12,NO,KUMASI
4803,2026-11-13 06:49:55,VLan40,Sales,Router,FTP,149,1.1,9,NO,KUMASI
4804,2026-07-15 11:39:43,VLan40,Sales,Mobile,HTTP,600,2.32,11,NO,TAKORADI
4805,2026-11-19 11:48:17,VLan30,IT,Router,DNS,1144,1.21,10,NO,KUMASI
4806,2026-06-21 20:46:09,VLan10,HR,Desktop,SSH,291,3.22,4,NO,Tamale
4807,2026-02-13 06:06:52,VLan30,IT,Router,SMTP,1089,4.88,5,NO,Tamale
4808,2026-03-22 05:45:56,VLan30,IT,Laptop,DNS,938,1.97,13,NO,KUMASI
4809,2026-03-02 11:42:39,VLan10,HR,Router,SMTP,675,2.03,9,NO,KUMASI
4810,2026-11-06 06:39:57,VLan30,IT,Server,DNS,1200,2.82,10,NO,Tamale
4811,2026-04-29 19:14:59,VLan30,IT,Router,SSH,1121,0.84,3,YES,ACCRA
4812,2026-09-12 11:54:17,VLan30,IT,Desktop,DNS,1192,2.31,6,NO,KUMASI
4813,2026-05-25 19:15:03,VLan10,HR,Router,HTTPS,574,2.3,1,NO,TEMA
4814,2026-03-20 04:03:06,VLan20,Finance,Mobile,SSH,176,0.01,11,NO,KUMASI
4815,2026-08-15 11:15:35,VLan40,Sales,Server,DNS,585,4.49,7,NO,TEMA
4816,2026-06-16 21:23:34,VLan30,IT,Desktop,SSH,722,1.58,0,NO,ACCRA
4817,2026-12-13 07:50:54,VLan20,Finance,Desktop,SSH,411,2.4,11,NO,TAKORADI
4818,2026-03-31 19:44:59,VLan30,IT,Laptop,DNS,1181,3.56,1,NO,Tamale
4819,2026-04-20 07:24:32,VLan20,Finance,Mobile,HTTPS,209,0.91,10,NO,TAKORADI
4820,2026-12-06 00:12:42,VLan20,Finance,Router,HTTPS,556,2.81,12,NO,KUMASI
4821,2026-06-23 21:15:44,VLan10,HR,Mobile,HTTP,110,1.72,3,NO,ACCRA
4822,2026-12-01 14:30:36,VLan40,Sales,Router,DNS,449,2.69,9,NO,TAKORADI
4823,2026-02-16 03:45:11,VLan20,Finance,Desktop,FTP,267,1.33,13,NO,Tamale
4824,2026-12-27 22:46:56,VLan30,IT,Desktop,SSH,980,0.2,5,YES,TAKORADI
4825,2026-09-17 17:41:49,VLan20,Finance,Desktop,SMTP,646,1.95,1,NO,ACCRA
4826,2026-09-26 23:59:29,VLan10,HR,Router,SMTP,669,2.42,11,NO,KUMASI
4827,2026-07-29 01:38:31,VLan30,IT,Router,SSH,1049,3.05,8,YES,KUMASI
4828,2026-11-20 02:48:44,VLan30,IT,Desktop,SMTP,829,2.7,5,NO,ACCRA
4829,2026-10-08 03:00:22,VLan30,IT,Laptop,HTTPS,1049,0.77,8,NO,ACCRA
4830,2026-11-09 14:47:20,VLan10,HR,Desktop,FTP,576,1.49,11,NO,ACCRA
4831,2026-04-10 17:35:21,VLan20,Finance,Laptop,DNS,254,1.28,5,NO,TAKORADI
4832,2026-01-06 10:57:30,VLan40,Sales,Desktop,HTTP,539,3.05,11,NO,ACCRA
4833,2026-06-30 12:12:45,VLan10,HR,Laptop,SSH,566,1.76,3,NO,TAKORADI
4834,2026-06-17 09:36:04,VLan10,HR,Router,HTTPS,609,0.97,9,NO,ACCRA
4835,2026-07-22 16:27:39,VLan30,IT,Server,HTTPS,1090,1.84,6,NO,ACCRA
4836,2026-12-16 11:30:47,VLan20,Finance,Router,SSH,600,4.92,15,NO,Tamale
4837,2026-11-04 04:36:10,VLan40,Sales,Server,DNS,225,0.56,10,NO,TEMA
4838,2026-05-29 00:07:20,VLan20,Finance,Desktop,HTTPS,656,3.91,10,NO,TAKORADI
4839,2026-04-26 21:48:08,VLan40,Sales,Server,SMTP,433,4.1,7,NO,TAKORADI
4840,2026-11-14 20:36:08,VLan40,Sales,Laptop,FTP,188,3.48,3,NO,Tamale
4841,2026-11-27 03:20:37,VLan40,Sales,Desktop,DNS,451,3.5,14,NO,TEMA
4842,2026-10-11 20:47:07,VLan10,HR,Desktop,SMTP,331,3.68,6,NO,Tamale
4843,2026-11-29 01:41:39,VLan40,Sales,Router,SMTP,532,1.25,5,NO,KUMASI
4844,2026-12-12 11:21:22,VLan20,Finance,Router,DNS,203,1.52,10,NO,KUMASI
4845,2026-08-07 08:02:44,VLan20,Finance,Desktop,HTTPS,460,2.06,15,NO,TEMA
4846,2026-05-20 07:46:08,VLan30,IT,Laptop,SMTP,1134,0.38,14,NO,ACCRA
4847,2026-08-11 04:55:50,VLan20,Finance,Router,SSH,343,2.66,13,NO,KUMASI
4848,2026-10-18 07:00:15,VLan20,Finance,Mobile,FTP,336,3.32,12,NO,ACCRA
4849,2026-01-15 22:16:10,VLan10,HR,Mobile,SSH,653,3.92,1,NO,KUMASI
4850,2026-01-29 07:20:08,VLan20,Finance,Router,SSH,316,0.53,14,NO,TEMA
4851,2026-12-15 08:53:11,VLan10,HR,Server,FTP,389,2.26,3,NO,TAKORADI
4852,2026-05-02 13:09:10,VLan30,IT,Mobile,SMTP,1169,4.9,5,NO,TEMA
4853,2026-10-02 09:36:04,VLan20,Finance,Laptop,DNS,619,4.83,0,NO,TAKORADI
4854,2026-12-27 13:49:00,VLan30,IT,Server,HTTPS,949,1.47,8,NO,TEMA
4855,2026-08-08 15:08:25,VLan40,Sales,Mobile,HTTPS,419,4.82,12,NO,ACCRA
4856,2026-06-26 17:15:42,VLan10,HR,Laptop,HTTPS,411,1.19,1,NO,Tamale
4857,2026-08-09 14:20:32,VLan10,HR,Desktop,SMTP,503,0.16,5,NO,Tamale
4858,2026-04-20 17:31:31,VLan30,IT,Laptop,FTP,1121,1.58,6,YES,Tamale
4859,2026-10-11 00:13:57,VLan20,Finance,Laptop,FTP,637,1.63,0,NO,ACCRA
4860,2026-08-12 06:36:57,VLan20,Finance,Mobile,DNS,292,2.24,3,NO,TAKORADI
4861,2026-05-15 03:46:27,VLan30,IT,Server,SSH,926,1.15,6,YES,TEMA
4862,2026-05-20 06:42:07,VLan30,IT,Router,FTP,1139,2.02,12,YES,Tamale
4863,2026-10-13 22:13:35,VLan20,Finance,Router,HTTPS,328,2.29,6,NO,KUMASI
4864,2026-08-20 00:41:50,VLan40,Sales,Laptop,HTTP,489,1.95,10,NO,TAKORADI
4865,2026-01-10 19:51:55,VLan10,HR,Mobile,DNS,449,0.98,15,NO,KUMASI
4866,2026-09-03 00:58:46,VLan30,IT,Laptop,HTTPS,1084,1.47,4,NO,TEMA
4867,2026-08-21 05:48:46,VLan30,IT,Server,HTTPS,514,4.37,6,NO,TAKORADI
4868,2026-04-10 07:20:24,VLan20,Finance,Laptop,SMTP,196,2.27,5,NO,ACCRA
4869,2026-08-21 23:40:24,VLan40,Sales,Laptop,DNS,669,0.42,0,NO,KUMASI
4870,2026-07-26 10:49:28,VLan30,IT,Router,SSH,813,1.77,14,NO,TAKORADI
4871,2026-07-01 10:32:16,VLan20,Finance,Laptop,HTTP,510,0.52,2,NO,ACCRA
4872,2026-08-04 21:42:52,VLan30,IT,Mobile,DNS,591,4.13,5,NO,KUMASI
4873,2026-09-15 10:53:17,VLan10,HR,Mobile,DNS,581,2.8,3,NO,TEMA
4874,2026-08-12 12:55:03,VLan20,Finance,Server,SSH,296,1.98,14,NO,KUMASI
4875,2026-04-25 08:58:11,VLan40,Sales,Desktop,HTTPS,684,3.76,3,NO,Tamale
4876,2026-05-11 04:37:22,VLan10,HR,Mobile,SSH,634,3.66,12,NO,Tamale
4877,2026-10-22 10:41:00,VLan20,Finance,Laptop,FTP,289,2.57,10,NO,ACCRA
4878,2026-02-05 02:40:39,VLan40,Sales,Laptop,HTTPS,119,1.18,6,NO,Tamale
4879,2026-06-14 06:10:00,VLan30,IT,Desktop,HTTPS,527,2.88,0,NO,TEMA
4880,2026-12-06 07:23:01,VLan30,IT,Mobile,SMTP,788,1.25,2,NO,Tamale
4881,2026-03-29 03:47:59,VLan30,IT,Router,HTTPS,815,2.73,1,NO,Tamale
4882,2026-01-20 17:24:17,VLan20,Finance,Desktop,HTTP,695,2.21,14,NO,Tamale
4883,2026-07-21 21:21:36,VLan40,Sales,Mobile,HTTPS,107,1.33,14,NO,KUMASI
4884,2026-01-09 01:44:10,VLan30,IT,Router,DNS,696,1.74,15,NO,TAKORADI
4885,2026-01-03 04:29:17,VLan10,HR,Mobile,SMTP,593,2.64,14,NO,ACCRA
4886,2026-01-24 20:25:42,VLan10,HR,Router,FTP,159,3.13,2,NO,TAKORADI
4887,2026-01-01 14:17:43,VLan30,IT,Router,SSH,604,3.89,2,NO,TAKORADI
4888,2026-05-29 22:32:57,VLan30,IT,Router,SSH,917,2.37,6,YES,KUMASI
4889,2026-06-30 00:34:52,VLan20,Finance,Laptop,SSH,118,4.13,7,NO,TAKORADI
4890,2026-08-10 18:37:33,VLan40,Sales,Router,HTTPS,247,4.45,0,NO,TEMA
4891,2026-03-02 06:06:34,VLan30,IT,Router,SSH,810,3.01,14,NO,TAKORADI
4892,2026-01-26 19:03:48,VLan30,IT,Server,DNS,1173,1.04,3,NO,Tamale
4893,2026-03-29 21:06:32,VLan30,IT,Server,SMTP,1170,4.73,5,NO,KUMASI
4894,2026-06-26 22:55:32,VLan20,Finance,Mobile,HTTP,513,1.53,6,NO,KUMASI
4895,2026-04-30 17:36:04,VLan40,Sales,Router,DNS,550,3.82,11,NO,KUMASI
4896,2026-04-02 13:37:49,VLan30,IT,Server,HTTPS,994,4.37,6,NO,TAKORADI
4897,2026-11-19 10:19:25,VLan20,Finance,Router,HTTP,428,0.36,13,NO,Tamale
4898,2026-06-26 21:17:42,VLan40,Sales,Desktop,HTTPS,530,3.22,5,NO,ACCRA
4899,2026-04-17 07:51:36,VLan20,Finance,Router,DNS,479,3.6,2,NO,KUMASI
4900,2026-10-17 04:01:46,VLan10,HR,Server,FTP,678,3.83,6,NO,TEMA
4901,2026-12-07 15:35:27,VLan20,Finance,Router,HTTPS,351,1.79,3,NO,ACCRA
4902,2026-06-23 06:03:57,VLan10,HR,Server,FTP,346,2.87,9,NO,TEMA
4903,2026-01-16 14:08:20,VLan10,HR,Laptop,HTTPS,621,2.18,8,NO,KUMASI
4904,2026-01-06 23:16:57,VLan40,Sales,Router,FTP,667,3.2,13,NO,TAKORADI
4905,2026-05-05 04:38:30,VLan30,IT,Mobile,SSH,865,3.58,13,NO,TAKORADI
4906,2026-07-26 10:05:57,VLan20,Finance,Laptop,DNS,640,2.34,8,NO,TEMA
4907,2026-09-23 10:48:24,VLan30,IT,Server,DNS,871,2.11,2,NO,TEMA
4908,2026-01-01 23:44:28,VLan20,Finance,Server,FTP,639,1.88,10,NO,TAKORADI
4909,2026-09-17 11:52:13,VLan40,Sales,Desktop,DNS,462,0.86,12,NO,KUMASI
4910,2026-03-24 09:50:51,VLan30,IT,Router,DNS,1076,3.48,2,NO,KUMASI
4911,2026-06-12 07:51:08,VLan20,Finance,Laptop,HTTPS,150,1.42,6,NO,ACCRA
4912,2026-12-08 18:47:20,VLan10,HR,Router,DNS,549,2.39,13,NO,TAKORADI
4913,2026-04-05 22:10:18,VLan20,Finance,Laptop,HTTP,522,1.29,7,NO,TEMA
4914,2026-02-27 06:16:03,VLan30,IT,Desktop,SMTP,974,2.26,8,NO,KUMASI
4915,2026-08-08 19:38:02,VLan40,Sales,Laptop,HTTP,612,2.22,1,NO,TAKORADI
4916,2026-12-11 05:48:54,VLan30,IT,Desktop,SSH,1157,3.16,11,YES,Tamale
4917,2026-02-28 19:29:55,VLan10,HR,Mobile,SMTP,611,3.69,9,NO,KUMASI
4918,2026-02-10 12:59:23,VLan30,IT,Mobile,SMTP,920,1.3,4,NO,ACCRA
4919,2026-10-28 22:10:27,VLan40,Sales,Mobile,FTP,528,2.69,6,NO,KUMASI
4920,2026-01-20 13:09:45,VLan30,IT,Router,DNS,532,2.94,4,NO,TEMA
4921,2026-01-19 04:38:59,VLan30,IT,Desktop,HTTPS,711,0.62,2,NO,Tamale
4922,2026-06-04 23:02:26,VLan40,Sales,Router,SSH,444,2.79,11,NO,TAKORADI
4923,2026-07-31 06:49:30,VLan10,HR,Server,HTTPS,609,2.51,5,NO,Tamale
4924,2026-05-18 08:59:42,VLan10,HR,Laptop,SSH,689,2.01,6,NO,ACCRA
4925,2026-12-11 22:58:43,VLan20,Finance,Laptop,SSH,616,0.56,1,NO,ACCRA
4926,2026-02-16 16:45:07,VLan40,Sales,Server,HTTP,693,3.2,14,NO,TEMA
4927,2026-01-13 20:04:07,VLan40,Sales,Desktop,DNS,148,1.55,12,NO,TAKORADI
4928,2026-03-18 05:06:37,VLan40,Sales,Router,HTTP,381,3.12,7,NO,KUMASI
4929,2026-02-20 17:58:03,VLan40,Sales,Laptop,SMTP,695,4.46,0,NO,TEMA
4930,2026-09-20 19:05:35,VLan20,Finance,Laptop,HTTP,392,2.99,12,NO,TEMA
4931,2026-06-16 06:41:02,VLan30,IT,Router,HTTP,708,3.28,7,NO,TAKORADI
4932,2026-10-15 01:43:00,VLan40,Sales,Mobile,HTTPS,272,1.26,14,NO,TEMA
4933,2026-06-07 22:13:14,VLan40,Sales,Server,HTTP,418,3.7,12,NO,TEMA
4934,2026-02-10 08:15:05,VLan40,Sales,Mobile,DNS,237,3.82,11,NO,ACCRA
4935,2026-11-28 17:54:31,VLan40,Sales,Mobile,SSH,587,1.83,4,NO,TEMA
4936,2026-03-14 04:57:43,VLan10,HR,Router,HTTPS,229,0.55,1,NO,Tamale
4937,2026-10-14 09:40:37,VLan30,IT,Mobile,DNS,612,1.51,14,NO,ACCRA
4938,2026-02-03 11:25:28,VLan30,IT,Router,SSH,886,1.57,4,NO,ACCRA
4939,2026-02-18 07:22:12,VLan20,Finance,Router,SSH,201,3.65,13,NO,Tamale
4940,2026-10-10 18:16:43,VLan10,HR,Server,DNS,223,0.91,3,NO,TAKORADI
4941,2026-03-11 06:02:44,VLan20,Finance,Mobile,SMTP,293,3.13,10,NO,Tamale
4942,2026-03-04 12:05:01,VLan40,Sales,Server,SMTP,678,2.69,8,NO,KUMASI
4943,2026-05-03 17:59:36,VLan40,Sales,Router,HTTP,272,0.34,0,NO,KUMASI
4944,2026-11-30 22:57:47,VLan30,IT,Server,SSH,731,0.67,0,NO,KUMASI
4945,2026-08-25 13:39:27,VLan10,HR,Laptop,FTP,287,2.12,0,NO,TEMA
4946,2026-05-26 05:29:12,VLan10,HR,Router,SMTP,700,0.52,9,NO,KUMASI
4947,2026-11-16 07:26:01,VLan30,IT,Desktop,HTTPS,689,3.3,11,NO,Tamale
4948,2026-11-15 22:11:37,VLan20,Finance,Mobile,SMTP,206,3.17,10,NO,TAKORADI
4949,2026-08-30 10:02:56,VLan10,HR,Router,SMTP,680,3.18,14,NO,Tamale
4950,2026-01-11 11:54:01,VLan40,Sales,Laptop,FTP,676,3.92,8,NO,Tamale
4951,2026-03-11 07:27:10,VLan40,Sales,Router,SSH,394,4.55,13,NO,TEMA
4952,2026-12-29 06:03:17,VLan40,Sales,Desktop,FTP,590,4.73,12,NO,TAKORADI
4953,2026-06-06 20:36:14,VLan10,HR,Desktop,FTP,618,3.43,12,NO,KUMASI
4954,2026-09-13 06:08:50,VLan10,HR,Mobile,SMTP,337,4.97,8,NO,ACCRA
4955,2026-07-15 00:17:12,VLan30,IT,Server,DNS,891,0.94,1,NO,KUMASI
4956,2026-12-23 08:40:47,VLan20,Finance,Router,DNS,165,2.48,15,NO,ACCRA
4957,2026-09-13 01:48:26,VLan40,Sales,Mobile,SSH,405,4.93,0,NO,TAKORADI
4958,2026-03-08 15:42:25,VLan40,Sales,Desktop,HTTPS,174,4.77,5,NO,ACCRA
4959,2026-05-07 14:16:03,VLan20,Finance,Desktop,DNS,167,0.51,1,NO,Tamale
4960,2026-01-09 04:01:59,VLan40,Sales,Server,FTP,644,0.02,1,NO,ACCRA
4961,2026-04-03 14:00:28,VLan40,Sales,Server,SMTP,262,0.24,6,NO,Tamale
4962,2026-12-12 11:02:12,VLan20,Finance,Router,HTTPS,413,4.56,14,NO,TEMA
4963,2026-08-01 06:07:26,VLan20,Finance,Desktop,DNS,542,1.49,2,NO,TEMA
4964,2026-01-26 21:33:04,VLan40,Sales,Desktop,HTTP,489,4.77,7,NO,KUMASI
4965,2026-07-23 10:40:54,VLan10,HR,Router,HTTPS,620,2.34,0,NO,TAKORADI
4966,2026-05-16 04:38:59,VLan20,Finance,Laptop,FTP,689,2.06,9,NO,TAKORADI
4967,2026-11-16 18:34:46,VLan20,Finance,Desktop,HTTPS,559,1.56,13,NO,Tamale
4968,2026-05-31 10:29:15,VLan10,HR,Router,HTTPS,409,2.71,12,NO,ACCRA
4969,2026-02-15 20:01:20,VLan30,IT,Mobile,DNS,690,2.88,2,NO,TEMA
4970,2026-08-03 13:09:46,VLan30,IT,Mobile,HTTP,513,1.35,6,NO,ACCRA
4971,2026-08-05 03:50:13,VLan40,Sales,Router,SMTP,398,0.53,1,NO,ACCRA
4972,2026-03-16 09:18:46,VLan30,IT,Router,DNS,792,0.75,11,NO,ACCRA
4973,2026-04-20 19:37:18,VLan40,Sales,Router,HTTP,496,1.96,5,NO,TEMA
4974,2026-11-26 02:18:07,VLan40,Sales,Desktop,HTTPS,285,0.8,14,NO,KUMASI
4975,2026-03-07 14:33:53,VLan20,Finance,Laptop,HTTPS,226,1.54,9,NO,TAKORADI
4976,2026-02-19 06:54:59,VLan10,HR,Server,SSH,146,3.68,0,NO,ACCRA
4977,2026-04-13 09:07:09,VLan40,Sales,Desktop,FTP,330,1.41,7,NO,ACCRA
4978,2026-08-09 04:55:53,VLan40,Sales,Server,HTTP,116,2.52,15,NO,ACCRA
4979,2026-08-18 03:14:24,VLan30,IT,Mobile,DNS,891,4.56,1,NO,ACCRA
4980,2026-06-16 14:45:09,VLan40,Sales,Mobile,DNS,223,0.81,10,NO,ACCRA
4981,2026-09-19 07:52:45,VLan40,Sales,Router,DNS,603,0.96,12,NO,Tamale
4982,2026-10-08 06:47:46,VLan10,HR,Server,HTTPS,106,1.39,12,NO,ACCRA
4983,2026-05-15 10:45:55,VLan20,Finance,Desktop,DNS,583,0.69,13,NO,Tamale
4984,2026-06-18 20:25:04,VLan10,HR,Server,HTTPS,681,2.39,11,NO,KUMASI
4985,2026-08-24 16:33:18,VLan20,Finance,Desktop,DNS,242,2.56,8,NO,TAKORADI
4986,2026-02-23 10:13:59,VLan40,Sales,Desktop,HTTPS,590,4.15,5,NO,Tamale
4987,2026-08-01 13:49:53,VLan40,Sales,Mobile,DNS,169,4.4,12,NO,TEMA
4988,2026-01-03 09:58:14,VLan40,Sales,Desktop,FTP,519,4.65,7,NO,Tamale
4989,2026-05-14 20:03:25,VLan20,Finance,Laptop,HTTP,537,0.82,1,NO,Tamale
4990,2026-10-02 05:33:16,VLan10,HR,Server,FTP,395,2.9,4,NO,TEMA
4991,2026-07-01 12:22:11,VLan10,HR,Router,FTP,551,1.69,15,NO,Tamale
4992,2026-03-18 01:49:04,VLan30,IT,Mobile,HTTP,682,3.22,8,NO,KUMASI
4993,2026-12-13 07:29:41,VLan40,Sales,Desktop,FTP,314,4.34,12,NO,KUMASI
4994,2026-10-22 22:29:41,VLan30,IT,Server,HTTP,705,1.86,9,NO,TEMA
4995,2026-10-07 12:23:56,VLan40,Sales,Mobile,SSH,476,2.74,4,NO,Tamale
4996,2026-05-20 14:23:52,VLan20,Finance,Mobile,DNS,448,2.45,15,NO,KUMASI
4997,2026-02-06 18:54:37,VLan30,IT,Server,SSH,810,3.7,3,NO,TAKORADI
4998,2026-03-16 15:29:59,VLan30,IT,Server,DNS,1071,4.44,5,NO,KUMASI
4999,2026-06-24 10:16:16,VLan40,Sales,Server,FTP,120,0.72,9,NO,TEMA
5000,2026-11-27 09:54:38,VLan30,IT,Mobile,DNS,758,1.81,5,NO,KUMASI
5001,2026-01-07 16:36:39,VLan30,IT,Laptop,HTTPS,722,0.1,6,NO,KUMASI
